event_id,user_id,event_type,event_date
1,1,task_created,2024-11-13
2,1,file_uploaded,2024-11-09
3,1,task_created,2025-12-18
4,1,task_created,2026-03-31
5,1,task_created,2024-11-21
6,1,report_generated,2026-02-22
7,1,comment_added,2025-05-22
8,1,comment_added,2025-08-17
9,1,report_generated,2026-05-30
10,1,report_generated,2025-05-25
11,1,comment_added,2025-02-18
12,1,file_uploaded,2025-05-09
13,1,report_generated,2025-07-29
14,1,comment_added,2024-11-26
15,1,task_created,2026-05-23
16,1,file_uploaded,2026-06-28
17,1,file_uploaded,2026-04-17
18,1,report_generated,2024-11-12
19,2,comment_added,2026-05-17
20,2,file_uploaded,2026-04-15
21,3,task_created,2026-02-18
22,3,file_uploaded,2025-12-24
23,3,comment_added,2025-10-26
24,3,task_created,2026-03-23
25,3,report_generated,2025-11-16
26,3,task_created,2026-07-21
27,3,login,2026-03-18
28,3,file_uploaded,2026-05-07
29,3,comment_added,2026-02-22
30,3,task_created,2026-04-21
31,3,task_created,2026-02-07
32,3,task_created,2025-12-01
33,3,login,2026-01-09
34,3,report_generated,2026-03-11
35,3,comment_added,2025-09-09
36,3,task_created,2026-07-29
37,3,report_generated,2025-08-19
38,3,comment_added,2026-02-02
39,3,login,2026-05-28
40,3,task_created,2025-08-30
41,3,comment_added,2026-08-17
42,3,comment_added,2026-07-29
43,3,file_uploaded,2025-11-12
44,3,report_generated,2025-11-07
45,3,login,2025-12-26
46,3,task_created,2025-11-09
47,3,login,2026-08-07
48,3,file_uploaded,2026-08-10
49,3,comment_added,2025-11-25
50,3,task_created,2026-07-19
51,3,task_created,2026-02-12
52,3,report_generated,2026-05-02
53,3,report_generated,2026-08-25
54,3,file_uploaded,2026-02-03
55,3,report_generated,2026-04-23
56,3,report_generated,2025-12-28
57,3,comment_added,2026-01-24
58,4,file_uploaded,2026-04-15
59,4,file_uploaded,2025-09-23
60,4,report_generated,2026-08-28
61,4,report_generated,2025-11-16
62,4,file_uploaded,2026-01-11
63,4,comment_added,2025-08-27
64,4,task_created,2025-11-25
65,4,report_generated,2025-08-12
66,4,comment_added,2026-05-14
67,4,file_uploaded,2026-05-27
68,4,task_created,2026-01-02
69,4,report_generated,2025-11-12
70,4,file_uploaded,2025-11-29
71,4,task_created,2026-05-22
72,4,comment_added,2026-04-16
73,4,report_generated,2026-07-05
74,4,file_uploaded,2025-12-13
75,5,file_uploaded,2026-08-20
76,5,task_created,2026-02-15
77,5,task_created,2025-10-27
78,5,comment_added,2025-03-24
79,6,task_created,2026-07-11
80,6,login,2026-07-24
81,6,login,2026-07-20
82,6,login,2026-03-27
83,6,file_uploaded,2026-03-09
84,6,task_created,2026-04-12
85,6,task_created,2026-03-25
86,6,task_created,2026-03-10
87,6,file_uploaded,2026-07-15
88,6,login,2026-06-11
89,6,comment_added,2026-08-13
90,6,file_uploaded,2026-07-09
91,6,login,2026-03-12
92,7,login,2026-07-15
93,7,comment_added,2025-12-25
94,7,comment_added,2026-05-06
95,7,login,2026-05-12
96,7,file_uploaded,2026-08-31
97,7,login,2026-03-18
98,7,comment_added,2026-02-04
99,7,task_created,2026-03-03
100,7,comment_added,2026-03-25
101,7,report_generated,2026-04-25
102,7,file_uploaded,2026-05-02
103,7,report_generated,2026-01-26
104,7,file_uploaded,2026-07-12
105,7,task_created,2026-04-20
106,7,login,2026-05-19
107,7,login,2026-01-02
108,7,file_uploaded,2026-07-12
109,7,comment_added,2026-06-28
110,7,login,2026-08-17
111,7,task_created,2025-12-21
112,7,file_uploaded,2026-01-28
113,7,report_generated,2026-07-27
114,7,comment_added,2026-02-03
115,7,task_created,2026-01-07
116,7,comment_added,2026-04-04
117,7,report_generated,2026-08-17
118,7,login,2026-01-09
119,7,comment_added,2026-05-09
120,7,task_created,2026-01-02
121,8,login,2026-04-22
122,8,comment_added,2026-02-26
123,8,file_uploaded,2026-01-24
124,8,report_generated,2025-12-21
125,9,comment_added,2026-02-21
126,9,comment_added,2026-04-02
127,9,comment_added,2026-06-17
128,9,file_uploaded,2026-05-18
129,9,login,2026-02-09
130,9,report_generated,2026-08-13
131,9,login,2025-12-27
132,9,task_created,2026-07-11
133,9,report_generated,2026-01-07
134,9,report_generated,2026-06-21
135,9,report_generated,2025-12-15
136,9,file_uploaded,2026-07-18
137,9,report_generated,2026-03-26
138,9,file_uploaded,2026-06-10
139,9,comment_added,2026-03-05
140,9,login,2026-06-12
141,9,task_created,2026-04-30
142,9,login,2026-01-06
143,9,task_created,2026-04-16
144,9,task_created,2026-06-12
145,9,report_generated,2026-06-17
146,9,login,2026-06-02
147,9,login,2026-01-15
148,9,file_uploaded,2026-05-06
149,9,report_generated,2026-06-02
150,9,task_created,2026-01-21
151,9,task_created,2026-01-13
152,9,file_uploaded,2026-07-08
153,9,file_uploaded,2026-08-19
154,9,login,2026-01-21
155,9,report_generated,2026-01-14
156,9,comment_added,2026-01-16
157,9,file_uploaded,2026-05-15
158,9,report_generated,2025-12-06
159,9,file_uploaded,2026-06-29
160,10,login,2026-08-19
161,10,comment_added,2026-08-12
162,10,comment_added,2026-06-12
163,10,task_created,2026-07-17
164,10,file_uploaded,2026-08-07
165,10,task_created,2026-06-02
166,10,report_generated,2026-06-15
167,10,file_uploaded,2026-06-15
168,10,login,2026-05-30
169,10,file_uploaded,2026-06-02
170,10,file_uploaded,2026-06-16
171,10,file_uploaded,2026-06-19
172,10,login,2026-08-20
173,10,report_generated,2026-06-27
174,10,file_uploaded,2026-06-12
175,11,comment_added,2026-06-04
176,11,file_uploaded,2025-04-22
177,12,task_created,2025-08-17
178,12,login,2025-11-26
179,12,report_generated,2026-01-12
180,12,comment_added,2026-08-28
181,12,report_generated,2026-01-04
182,13,report_generated,2026-06-27
183,13,comment_added,2026-06-25
184,13,report_generated,2026-04-10
185,13,comment_added,2026-05-28
186,13,task_created,2026-08-31
187,13,report_generated,2026-07-07
188,13,file_uploaded,2026-04-21
189,13,report_generated,2026-05-27
190,13,file_uploaded,2026-08-31
191,13,task_created,2026-08-01
192,13,file_uploaded,2026-05-29
193,13,file_uploaded,2026-05-17
194,13,login,2026-06-08
195,13,task_created,2026-07-29
196,13,comment_added,2026-08-05
197,13,comment_added,2026-04-22
198,13,file_uploaded,2026-03-13
199,13,file_uploaded,2026-04-29
200,13,login,2026-05-20
201,13,file_uploaded,2026-06-19
202,13,report_generated,2026-04-11
203,13,report_generated,2026-05-07
204,13,task_created,2026-08-22
205,13,file_uploaded,2026-06-23
206,13,file_uploaded,2026-03-25
207,13,file_uploaded,2026-08-07
208,13,file_uploaded,2026-08-03
209,13,comment_added,2026-07-21
210,13,file_uploaded,2026-08-31
211,13,login,2026-07-24
212,13,comment_added,2026-06-07
213,13,login,2026-08-06
214,13,task_created,2026-04-03
215,14,task_created,2026-04-24
216,14,comment_added,2025-11-16
217,14,report_generated,2026-05-17
218,14,login,2026-06-02
219,14,login,2025-10-30
220,14,task_created,2026-03-06
221,14,comment_added,2026-07-13
222,14,comment_added,2026-08-06
223,14,task_created,2026-08-15
224,14,report_generated,2026-06-10
225,14,file_uploaded,2026-05-13
226,14,comment_added,2026-08-22
227,14,report_generated,2026-01-10
228,14,file_uploaded,2025-11-06
229,14,report_generated,2025-12-17
230,14,login,2026-05-25
231,14,task_created,2025-12-23
232,14,report_generated,2026-04-21
233,14,file_uploaded,2026-04-18
234,14,comment_added,2026-02-07
235,14,report_generated,2026-06-29
236,14,login,2026-06-25
237,15,file_uploaded,2026-06-24
238,15,login,2026-04-24
239,15,login,2026-04-14
240,16,login,2026-06-20
241,16,report_generated,2025-05-13
242,16,login,2026-03-29
243,16,task_created,2026-04-13
244,16,task_created,2026-08-21
245,16,task_created,2026-01-21
246,16,task_created,2026-02-08
247,16,comment_added,2025-10-18
248,16,file_uploaded,2025-12-06
249,16,file_uploaded,2025-08-28
250,16,task_created,2026-03-20
251,16,file_uploaded,2025-08-05
252,16,login,2025-11-20
253,17,task_created,2026-05-24
254,17,comment_added,2025-12-07
255,17,file_uploaded,2025-11-16
256,17,task_created,2024-09-07
257,17,report_generated,2025-04-01
258,17,login,2026-08-24
259,17,login,2026-04-17
260,17,task_created,2026-03-06
261,17,report_generated,2025-09-12
262,17,file_uploaded,2025-03-23
263,17,report_generated,2024-12-28
264,17,file_uploaded,2026-07-21
265,17,report_generated,2026-02-25
266,17,file_uploaded,2026-05-07
267,17,file_uploaded,2026-05-21
268,18,login,2026-05-14
269,18,report_generated,2025-09-11
270,18,comment_added,2026-01-01
271,18,report_generated,2025-03-15
272,18,comment_added,2026-06-11
273,18,task_created,2024-12-15
274,18,login,2025-08-06
275,18,report_generated,2025-05-22
276,18,task_created,2025-01-17
277,19,task_created,2025-11-25
278,19,file_uploaded,2026-02-03
279,19,comment_added,2025-12-18
280,19,comment_added,2025-07-27
281,19,file_uploaded,2025-11-30
282,19,file_uploaded,2025-08-21
283,19,comment_added,2026-04-08
284,19,task_created,2026-05-08
285,19,task_created,2026-02-26
286,19,report_generated,2026-01-23
287,19,task_created,2025-07-28
288,19,file_uploaded,2025-10-26
289,19,login,2026-03-31
290,19,report_generated,2026-08-04
291,19,file_uploaded,2025-05-22
292,19,task_created,2025-07-26
293,19,file_uploaded,2026-07-09
294,20,comment_added,2026-07-19
295,20,file_uploaded,2026-05-11
296,20,file_uploaded,2026-05-08
297,20,file_uploaded,2026-03-20
298,20,login,2025-06-10
299,21,task_created,2025-03-31
300,21,login,2025-12-24
301,21,task_created,2025-12-06
302,21,report_generated,2026-09-01
303,22,file_uploaded,2025-11-18
304,23,file_uploaded,2026-07-31
305,23,comment_added,2026-07-23
306,23,comment_added,2025-12-11
307,23,report_generated,2025-12-12
308,23,report_generated,2026-07-20
309,23,login,2026-07-19
310,23,comment_added,2026-05-28
311,23,file_uploaded,2026-02-03
312,23,task_created,2025-12-06
313,23,login,2026-03-16
314,23,report_generated,2026-06-02
315,23,login,2026-04-11
316,23,login,2026-05-27
317,23,task_created,2026-02-13
318,23,report_generated,2026-08-12
319,23,file_uploaded,2026-08-23
320,23,comment_added,2026-01-07
321,23,task_created,2025-12-25
322,23,login,2026-01-28
323,24,comment_added,2026-08-08
324,24,comment_added,2026-07-30
325,24,task_created,2026-09-01
326,24,report_generated,2026-08-05
327,25,comment_added,2026-05-18
328,25,comment_added,2026-05-06
329,25,task_created,2026-02-07
330,25,login,2026-07-19
331,26,task_created,2025-09-11
332,26,task_created,2025-04-16
333,26,report_generated,2025-04-30
334,26,file_uploaded,2025-08-12
335,26,task_created,2026-04-17
336,26,report_generated,2026-07-16
337,26,file_uploaded,2026-01-30
338,26,login,2026-03-09
339,26,file_uploaded,2025-03-07
340,26,report_generated,2026-05-13
341,26,file_uploaded,2025-12-14
342,26,report_generated,2026-04-15
343,26,login,2026-07-20
344,27,login,2026-08-15
345,27,file_uploaded,2026-06-06
346,27,report_generated,2026-04-18
347,27,login,2026-08-06
348,27,comment_added,2026-07-09
349,27,task_created,2025-12-17
350,27,task_created,2026-01-02
351,27,report_generated,2026-02-05
352,27,report_generated,2025-11-09
353,27,comment_added,2025-11-16
354,27,task_created,2026-03-19
355,27,file_uploaded,2026-03-13
356,27,report_generated,2026-07-05
357,27,login,2026-08-28
358,27,login,2025-06-20
359,27,file_uploaded,2026-04-13
360,27,login,2025-06-05
361,27,task_created,2026-08-10
362,27,file_uploaded,2026-01-08
363,27,file_uploaded,2025-05-28
364,27,task_created,2025-09-08
365,27,report_generated,2026-08-22
366,27,report_generated,2025-08-17
367,27,report_generated,2025-07-14
368,27,login,2025-10-03
369,27,task_created,2025-12-04
370,27,file_uploaded,2025-06-23
371,27,report_generated,2026-04-13
372,27,task_created,2026-06-03
373,27,login,2026-01-02
374,27,login,2026-05-23
375,27,task_created,2025-05-28
376,28,login,2026-08-16
377,28,comment_added,2026-07-02
378,28,comment_added,2026-07-14
379,28,login,2026-08-11
380,28,report_generated,2026-06-17
381,28,file_uploaded,2026-07-01
382,29,file_uploaded,2025-05-19
383,29,task_created,2025-03-17
384,29,login,2026-01-31
385,29,login,2025-04-18
386,29,report_generated,2025-11-20
387,29,task_created,2025-11-06
388,29,task_created,2026-01-30
389,29,login,2025-05-30
390,29,comment_added,2026-07-01
391,29,comment_added,2025-01-12
392,29,file_uploaded,2025-06-21
393,29,task_created,2025-12-29
394,29,file_uploaded,2025-06-08
395,29,task_created,2026-04-02
396,29,login,2025-04-02
397,29,login,2025-05-27
398,29,file_uploaded,2026-08-30
399,29,file_uploaded,2025-12-29
400,29,task_created,2025-11-22
401,29,report_generated,2025-09-14
402,29,task_created,2025-03-31
403,29,comment_added,2026-07-24
404,29,login,2025-10-22
405,29,task_created,2025-11-08
406,29,comment_added,2026-06-18
407,29,task_created,2026-06-09
408,29,report_generated,2026-02-09
409,29,task_created,2025-02-28
410,29,file_uploaded,2026-05-25
411,29,task_created,2025-04-29
412,30,comment_added,2026-02-02
413,30,comment_added,2024-11-20
414,30,report_generated,2024-09-21
415,30,task_created,2025-07-30
416,30,comment_added,2025-10-10
417,30,report_generated,2025-11-13
418,30,task_created,2026-03-22
419,30,login,2026-01-04
420,30,comment_added,2024-09-26
421,30,login,2024-11-17
422,30,task_created,2025-06-04
423,30,login,2024-10-19
424,30,comment_added,2025-10-21
425,31,comment_added,2025-08-23
426,31,file_uploaded,2026-01-02
427,31,login,2025-12-19
428,31,comment_added,2026-08-20
429,31,comment_added,2026-05-07
430,31,report_generated,2025-04-08
431,31,report_generated,2025-01-27
432,31,comment_added,2025-01-22
433,31,task_created,2025-05-30
434,31,report_generated,2026-05-06
435,31,comment_added,2025-12-08
436,31,login,2026-08-14
437,31,file_uploaded,2025-09-16
438,31,login,2025-07-05
439,31,login,2025-07-11
440,31,login,2026-01-21
441,31,comment_added,2026-02-10
442,31,login,2026-07-19
443,31,task_created,2025-09-15
444,31,login,2025-03-05
445,31,login,2025-03-23
446,32,file_uploaded,2026-05-16
447,32,comment_added,2026-07-02
448,32,report_generated,2026-08-15
449,33,report_generated,2026-02-07
450,33,report_generated,2026-01-28
451,33,login,2026-07-02
452,33,login,2026-07-12
453,33,file_uploaded,2026-03-22
454,33,comment_added,2026-03-06
455,33,report_generated,2026-01-12
456,34,comment_added,2026-08-15
457,34,login,2026-08-04
458,34,file_uploaded,2026-07-18
459,34,report_generated,2026-07-20
460,34,file_uploaded,2026-05-23
461,34,comment_added,2026-09-02
462,34,report_generated,2026-06-06
463,34,report_generated,2026-06-05
464,34,login,2026-08-22
465,34,login,2026-07-28
466,34,comment_added,2026-06-14
467,34,login,2026-05-16
468,34,login,2026-09-02
469,34,login,2026-06-16
470,34,report_generated,2026-07-15
471,34,task_created,2026-07-04
472,34,login,2026-06-07
473,34,file_uploaded,2026-07-25
474,34,report_generated,2026-06-13
475,34,file_uploaded,2026-06-16
476,34,report_generated,2026-08-16
477,34,login,2026-06-19
478,34,report_generated,2026-07-28
479,34,comment_added,2026-05-31
480,34,login,2026-08-10
481,34,task_created,2026-06-07
482,34,comment_added,2026-08-26
483,34,file_uploaded,2026-05-21
484,34,file_uploaded,2026-05-24
485,34,report_generated,2026-06-21
486,34,login,2026-06-26
487,34,file_uploaded,2026-07-25
488,34,report_generated,2026-05-17
489,34,report_generated,2026-06-10
490,34,report_generated,2026-07-27
491,34,comment_added,2026-08-18
492,34,file_uploaded,2026-06-16
493,34,comment_added,2026-07-02
494,35,task_created,2026-05-22
495,35,comment_added,2026-07-22
496,35,task_created,2026-07-29
497,35,login,2026-02-23
498,36,login,2026-04-30
499,36,comment_added,2025-10-31
500,36,login,2026-02-24
501,36,login,2026-02-13
502,36,report_generated,2026-03-27
503,36,task_created,2025-06-21
504,36,task_created,2026-08-31
505,36,file_uploaded,2026-05-10
506,36,task_created,2025-05-07
507,36,login,2025-12-18
508,36,task_created,2025-04-20
509,36,file_uploaded,2026-08-21
510,36,file_uploaded,2026-03-23
511,36,comment_added,2025-06-01
512,37,comment_added,2025-08-14
513,38,file_uploaded,2026-06-16
514,38,comment_added,2026-06-08
515,38,login,2026-08-10
516,38,task_created,2026-07-24
517,38,report_generated,2026-06-29
518,38,report_generated,2026-07-02
519,38,report_generated,2026-07-19
520,38,file_uploaded,2026-07-09
521,38,task_created,2026-07-03
522,38,task_created,2026-06-08
523,38,comment_added,2026-06-16
524,38,task_created,2026-06-12
525,38,task_created,2026-06-12
526,38,file_uploaded,2026-07-26
527,38,file_uploaded,2026-07-09
528,39,comment_added,2025-07-20
529,39,task_created,2026-03-20
530,39,report_generated,2026-06-24
531,39,report_generated,2026-07-06
532,40,login,2025-04-22
533,40,report_generated,2025-05-31
534,40,login,2026-08-30
535,40,report_generated,2025-07-29
536,40,login,2025-05-21
537,40,report_generated,2025-09-01
538,40,comment_added,2026-01-30
539,41,report_generated,2025-01-28
540,41,task_created,2025-09-01
541,41,file_uploaded,2025-01-09
542,41,comment_added,2026-03-17
543,41,task_created,2026-06-25
544,41,file_uploaded,2025-03-15
545,41,task_created,2025-03-23
546,41,login,2025-04-12
547,41,task_created,2025-02-10
548,41,task_created,2025-04-21
549,41,report_generated,2026-01-23
550,41,comment_added,2025-03-05
551,42,login,2025-12-02
552,42,login,2025-04-03
553,42,file_uploaded,2025-09-30
554,42,login,2025-07-21
555,42,login,2026-02-14
556,42,file_uploaded,2025-04-24
557,42,task_created,2025-05-02
558,42,file_uploaded,2026-05-29
559,42,login,2026-08-02
560,42,file_uploaded,2026-04-07
561,42,report_generated,2025-09-04
562,42,task_created,2025-10-17
563,42,report_generated,2025-12-18
564,42,task_created,2026-06-11
565,42,comment_added,2025-04-16
566,42,report_generated,2025-11-18
567,42,file_uploaded,2026-08-04
568,42,login,2026-07-15
569,42,report_generated,2025-06-09
570,42,task_created,2026-04-08
571,42,task_created,2026-05-15
572,42,task_created,2026-09-01
573,42,file_uploaded,2025-03-31
574,42,file_uploaded,2026-03-14
575,42,report_generated,2026-07-21
576,42,report_generated,2026-08-08
577,42,report_generated,2026-04-13
578,42,login,2025-09-12
579,42,comment_added,2026-02-01
580,42,login,2025-10-22
581,42,login,2025-12-24
582,42,comment_added,2026-07-08
583,43,comment_added,2025-12-26
584,43,task_created,2025-08-20
585,43,task_created,2025-04-06
586,44,task_created,2026-06-13
587,44,comment_added,2025-11-25
588,44,login,2026-09-02
589,44,task_created,2026-08-07
590,44,file_uploaded,2026-05-02
591,44,task_created,2026-01-09
592,45,task_created,2026-08-29
593,45,report_generated,2026-09-01
594,45,report_generated,2026-09-02
595,45,login,2026-09-01
596,45,report_generated,2026-09-02
597,45,comment_added,2026-09-01
598,45,comment_added,2026-08-29
599,45,file_uploaded,2026-08-29
600,45,report_generated,2026-09-01
601,45,file_uploaded,2026-08-29
602,45,login,2026-08-28
603,45,task_created,2026-08-28
604,45,task_created,2026-09-01
605,45,comment_added,2026-08-28
606,45,login,2026-08-31
607,45,comment_added,2026-08-30
608,45,task_created,2026-08-29
609,45,task_created,2026-08-30
610,45,login,2026-08-30
611,45,task_created,2026-08-28
612,45,task_created,2026-09-01
613,45,comment_added,2026-08-28
614,45,login,2026-08-30
615,45,file_uploaded,2026-08-30
616,45,login,2026-09-01
617,45,report_generated,2026-08-30
618,45,task_created,2026-08-30
619,45,file_uploaded,2026-08-29
620,45,file_uploaded,2026-09-02
621,45,report_generated,2026-09-02
622,45,comment_added,2026-08-29
623,45,comment_added,2026-09-02
624,45,task_created,2026-08-30
625,45,comment_added,2026-09-02
626,46,task_created,2026-06-13
627,46,report_generated,2025-11-01
628,46,report_generated,2026-05-02
629,46,task_created,2025-06-26
630,46,login,2026-04-30
631,46,comment_added,2026-08-20
632,46,comment_added,2025-11-08
633,46,task_created,2025-05-08
634,46,report_generated,2026-02-24
635,46,comment_added,2026-08-06
636,46,comment_added,2025-08-13
637,46,file_uploaded,2025-06-14
638,46,report_generated,2025-07-03
639,46,login,2026-05-08
640,46,report_generated,2025-08-21
641,46,task_created,2025-10-02
642,46,login,2026-03-13
643,46,report_generated,2026-06-16
644,46,login,2025-12-06
645,46,task_created,2025-09-04
646,46,login,2025-08-27
647,46,report_generated,2025-10-18
648,46,login,2026-05-29
649,46,login,2026-04-25
650,46,file_uploaded,2025-05-16
651,46,file_uploaded,2025-12-02
652,46,task_created,2026-08-31
653,46,file_uploaded,2026-07-18
654,46,file_uploaded,2025-12-30
655,46,comment_added,2025-10-18
656,46,login,2025-10-31
657,46,file_uploaded,2026-06-20
658,47,comment_added,2026-07-19
659,47,task_created,2026-06-14
660,47,file_uploaded,2026-02-09
661,47,login,2026-01-17
662,47,login,2026-03-15
663,47,report_generated,2026-03-21
664,47,login,2026-08-30
665,47,report_generated,2026-01-17
666,47,file_uploaded,2026-02-11
667,47,login,2026-02-09
668,47,login,2026-05-19
669,47,comment_added,2026-03-26
670,47,file_uploaded,2026-06-05
671,47,login,2026-06-28
672,47,task_created,2026-04-19
673,47,file_uploaded,2026-06-03
674,47,login,2026-02-08
675,47,report_generated,2026-01-24
676,47,task_created,2026-02-20
677,47,comment_added,2026-04-13
678,47,comment_added,2026-07-02
679,47,report_generated,2026-03-07
680,47,task_created,2026-03-16
681,47,login,2026-01-23
682,47,comment_added,2026-04-09
683,47,file_uploaded,2026-05-19
684,47,login,2026-02-07
685,47,login,2026-04-01
686,47,login,2026-04-18
687,47,comment_added,2026-03-15
688,47,task_created,2026-05-01
689,48,login,2025-02-15
690,48,task_created,2025-06-07
691,48,report_generated,2026-08-23
692,48,file_uploaded,2025-01-30
693,48,report_generated,2025-03-06
694,48,file_uploaded,2025-12-20
695,48,report_generated,2026-03-23
696,48,comment_added,2025-02-09
697,48,task_created,2025-12-09
698,48,file_uploaded,2025-11-22
699,48,task_created,2025-11-21
700,48,login,2026-02-07
701,48,file_uploaded,2025-08-04
702,48,report_generated,2026-02-27
703,48,report_generated,2025-06-27
704,48,login,2026-06-08
705,48,login,2025-04-11
706,48,report_generated,2025-02-03
707,48,file_uploaded,2026-05-16
708,49,task_created,2026-07-25
709,49,login,2026-07-16
710,50,comment_added,2026-08-08
711,50,comment_added,2026-08-10
712,50,file_uploaded,2026-08-27
713,50,task_created,2026-08-20
714,50,report_generated,2026-08-14
715,50,file_uploaded,2026-07-20
716,50,login,2026-08-29
717,50,comment_added,2026-08-16
718,50,comment_added,2026-08-17
719,50,comment_added,2026-08-27
720,50,login,2026-07-24
721,50,file_uploaded,2026-09-01
722,50,task_created,2026-07-26
723,50,task_created,2026-07-28
724,50,login,2026-07-23
725,50,login,2026-08-11
726,50,file_uploaded,2026-08-27
727,50,task_created,2026-07-27
728,50,report_generated,2026-08-22
729,50,login,2026-08-04
730,50,file_uploaded,2026-07-20
731,50,file_uploaded,2026-08-19
732,50,report_generated,2026-08-19
733,50,comment_added,2026-08-01
734,50,login,2026-08-13
735,50,comment_added,2026-08-28
736,50,comment_added,2026-08-21
737,50,login,2026-08-10
738,50,task_created,2026-08-10
739,50,comment_added,2026-07-24
740,50,comment_added,2026-08-21
741,50,login,2026-09-01
742,50,comment_added,2026-07-21
743,50,login,2026-09-02
744,50,comment_added,2026-08-02
745,50,file_uploaded,2026-08-06
746,50,file_uploaded,2026-07-31
747,50,file_uploaded,2026-08-25
748,50,comment_added,2026-08-20
749,50,login,2026-08-14
750,50,report_generated,2026-07-26
751,50,task_created,2026-08-09
752,50,comment_added,2026-08-23
753,50,file_uploaded,2026-08-27
754,50,file_uploaded,2026-07-17
755,50,task_created,2026-08-05
756,50,file_uploaded,2026-07-18
757,50,report_generated,2026-08-01
758,50,report_generated,2026-07-16
759,50,report_generated,2026-08-03
760,50,file_uploaded,2026-08-01
761,50,login,2026-08-28
762,50,task_created,2026-07-29
763,50,file_uploaded,2026-08-03
764,51,report_generated,2025-12-24
765,51,comment_added,2026-04-01
766,51,task_created,2025-05-01
767,51,task_created,2026-04-27
768,51,file_uploaded,2026-03-22
769,51,report_generated,2026-07-12
770,51,comment_added,2025-03-28
771,51,login,2025-07-11
772,51,comment_added,2025-12-14
773,51,task_created,2026-03-19
774,51,comment_added,2026-07-20
775,51,task_created,2025-02-28
776,51,task_created,2025-08-15
777,51,task_created,2025-03-30
778,51,file_uploaded,2025-03-04
779,52,report_generated,2026-06-23
780,52,report_generated,2026-07-12
781,52,file_uploaded,2026-08-03
782,52,file_uploaded,2026-08-20
783,52,login,2026-07-02
784,53,report_generated,2025-08-25
785,53,comment_added,2025-12-30
786,53,task_created,2025-12-08
787,53,file_uploaded,2026-08-28
788,53,comment_added,2026-02-18
789,54,report_generated,2026-07-07
790,54,report_generated,2026-06-13
791,54,login,2026-08-27
792,54,login,2026-06-29
793,54,login,2026-07-12
794,54,comment_added,2026-06-13
795,54,task_created,2026-08-31
796,54,task_created,2026-06-21
797,54,task_created,2026-08-18
798,54,file_uploaded,2026-06-27
799,54,login,2026-07-28
800,54,login,2026-08-31
801,54,task_created,2026-07-23
802,54,task_created,2026-08-14
803,54,login,2026-08-08
804,54,report_generated,2026-06-21
805,54,report_generated,2026-08-09
806,54,report_generated,2026-08-23
807,54,file_uploaded,2026-07-17
808,54,file_uploaded,2026-07-07
809,54,task_created,2026-06-25
810,54,report_generated,2026-07-22
811,54,comment_added,2026-08-18
812,54,file_uploaded,2026-08-11
813,54,login,2026-08-06
814,54,comment_added,2026-05-24
815,54,report_generated,2026-08-16
816,54,comment_added,2026-08-03
817,54,report_generated,2026-08-09
818,54,login,2026-07-01
819,54,login,2026-07-24
820,54,report_generated,2026-07-06
821,54,report_generated,2026-08-13
822,54,report_generated,2026-06-28
823,54,report_generated,2026-08-15
824,54,task_created,2026-06-17
825,54,task_created,2026-07-29
826,54,comment_added,2026-05-31
827,54,report_generated,2026-07-14
828,54,task_created,2026-08-19
829,54,login,2026-08-24
830,54,file_uploaded,2026-08-15
831,54,report_generated,2026-06-30
832,54,file_uploaded,2026-07-16
833,54,login,2026-07-12
834,54,comment_added,2026-08-06
835,54,report_generated,2026-06-17
836,54,task_created,2026-08-24
837,54,comment_added,2026-08-19
838,54,file_uploaded,2026-08-13
839,54,report_generated,2026-08-17
840,54,report_generated,2026-07-27
841,54,comment_added,2026-06-14
842,54,report_generated,2026-06-16
843,54,file_uploaded,2026-06-05
844,54,report_generated,2026-06-09
845,54,comment_added,2026-08-24
846,55,report_generated,2026-08-30
847,55,task_created,2026-08-29
848,55,task_created,2026-08-31
849,55,file_uploaded,2026-08-31
850,55,report_generated,2026-08-31
851,55,comment_added,2026-08-31
852,55,file_uploaded,2026-08-31
853,55,file_uploaded,2026-08-29
854,55,comment_added,2026-08-29
855,55,comment_added,2026-09-02
856,55,file_uploaded,2026-08-29
857,55,comment_added,2026-08-30
858,55,file_uploaded,2026-08-29
859,55,report_generated,2026-09-02
860,55,login,2026-09-01
861,56,task_created,2026-06-25
862,56,report_generated,2026-07-01
863,56,comment_added,2026-07-28
864,56,task_created,2026-08-03
865,56,task_created,2026-07-16
866,56,file_uploaded,2026-06-16
867,56,task_created,2026-07-18
868,56,login,2026-07-16
869,56,file_uploaded,2026-06-06
870,56,task_created,2026-07-11
871,56,comment_added,2026-06-27
872,56,file_uploaded,2026-06-26
873,56,task_created,2026-06-17
874,56,file_uploaded,2026-08-23
875,56,file_uploaded,2026-08-26
876,56,file_uploaded,2026-07-27
877,56,file_uploaded,2026-08-06
878,56,login,2026-06-06
879,56,task_created,2026-08-13
880,56,login,2026-07-23
881,56,comment_added,2026-07-17
882,56,login,2026-06-30
883,56,login,2026-08-31
884,56,task_created,2026-08-25
885,56,report_generated,2026-07-04
886,56,task_created,2026-07-15
887,56,file_uploaded,2026-06-19
888,56,comment_added,2026-08-09
889,56,task_created,2026-07-15
890,56,login,2026-06-14
891,56,report_generated,2026-07-14
892,56,comment_added,2026-08-03
893,56,comment_added,2026-08-21
894,56,file_uploaded,2026-07-19
895,56,task_created,2026-09-01
896,56,file_uploaded,2026-07-19
897,56,task_created,2026-07-21
898,56,file_uploaded,2026-06-27
899,57,task_created,2025-01-31
900,57,task_created,2025-08-29
901,57,login,2025-08-16
902,57,task_created,2026-06-12
903,57,report_generated,2025-05-18
904,57,file_uploaded,2025-02-19
905,57,comment_added,2025-09-30
906,57,comment_added,2025-03-02
907,57,login,2025-03-02
908,57,login,2025-02-01
909,57,file_uploaded,2025-05-10
910,57,file_uploaded,2026-04-11
911,57,comment_added,2025-05-18
912,58,file_uploaded,2026-08-25
913,58,task_created,2026-09-01
914,58,login,2026-08-24
915,58,file_uploaded,2026-08-25
916,58,login,2026-08-31
917,58,comment_added,2026-08-31
918,59,comment_added,2026-04-27
919,59,task_created,2026-07-22
920,59,login,2026-06-04
921,59,comment_added,2026-06-27
922,59,report_generated,2026-03-19
923,59,login,2026-03-18
924,59,task_created,2026-06-24
925,59,task_created,2026-07-22
926,59,comment_added,2026-04-25
927,59,report_generated,2026-04-09
928,59,file_uploaded,2026-08-16
929,59,task_created,2026-05-03
930,59,comment_added,2026-02-27
931,59,task_created,2026-06-24
932,59,file_uploaded,2026-08-12
933,59,task_created,2026-05-12
934,59,login,2026-02-17
935,59,login,2026-08-07
936,59,comment_added,2026-03-17
937,59,file_uploaded,2026-08-07
938,59,login,2026-03-27
939,59,login,2026-06-27
940,59,login,2026-08-21
941,59,task_created,2026-04-23
942,59,report_generated,2026-06-13
943,59,file_uploaded,2026-04-25
944,59,login,2026-03-01
945,59,login,2026-04-02
946,59,report_generated,2026-05-02
947,59,report_generated,2026-08-09
948,59,login,2026-06-06
949,59,login,2026-03-13
950,59,task_created,2026-02-19
951,59,task_created,2026-08-05
952,59,report_generated,2026-05-12
953,59,comment_added,2026-06-09
954,59,login,2026-04-26
955,59,report_generated,2026-05-23
956,59,login,2026-04-04
957,59,file_uploaded,2026-05-30
958,59,report_generated,2026-06-13
959,59,file_uploaded,2026-05-26
960,59,task_created,2026-06-04
961,59,task_created,2026-03-17
962,59,login,2026-08-14
963,59,login,2026-03-29
964,59,comment_added,2026-06-03
965,59,comment_added,2026-06-20
966,59,file_uploaded,2026-08-09
967,59,comment_added,2026-04-04
968,59,report_generated,2026-05-25
969,59,login,2026-07-23
970,59,task_created,2026-08-11
971,59,file_uploaded,2026-06-20
972,59,file_uploaded,2026-03-17
973,59,login,2026-06-09
974,59,report_generated,2026-03-05
975,59,report_generated,2026-08-03
976,59,comment_added,2026-02-20
977,59,comment_added,2026-09-01
978,59,comment_added,2026-08-21
979,60,report_generated,2026-04-07
980,60,file_uploaded,2026-01-31
981,60,file_uploaded,2026-04-20
982,60,file_uploaded,2026-06-09
983,60,comment_added,2026-02-28
984,60,login,2026-01-10
985,60,comment_added,2026-03-04
986,60,file_uploaded,2026-08-11
987,60,login,2026-03-08
988,60,report_generated,2026-08-22
989,60,report_generated,2026-04-16
990,60,login,2026-05-05
991,60,task_created,2026-08-30
992,60,file_uploaded,2026-06-25
993,60,login,2026-04-13
994,60,file_uploaded,2026-08-06
995,60,login,2026-07-31
996,61,file_uploaded,2026-08-19
997,61,login,2026-08-08
998,61,login,2026-08-19
999,61,file_uploaded,2026-07-25
1000,61,login,2026-08-14
1001,61,comment_added,2026-08-23
1002,61,login,2026-07-19
1003,61,comment_added,2026-08-26
1004,61,report_generated,2026-08-28
1005,61,comment_added,2026-08-20
1006,61,file_uploaded,2026-08-01
1007,61,report_generated,2026-08-09
1008,61,task_created,2026-07-22
1009,61,report_generated,2026-08-17
1010,61,comment_added,2026-08-23
1011,61,file_uploaded,2026-08-26
1012,61,report_generated,2026-09-02
1013,61,file_uploaded,2026-09-02
1014,61,login,2026-07-26
1015,61,task_created,2026-08-30
1016,61,report_generated,2026-07-19
1017,61,report_generated,2026-08-10
1018,61,comment_added,2026-08-23
1019,61,login,2026-08-11
1020,61,task_created,2026-07-21
1021,61,task_created,2026-08-19
1022,61,file_uploaded,2026-09-02
1023,61,report_generated,2026-07-25
1024,61,task_created,2026-08-27
1025,61,login,2026-07-31
1026,61,task_created,2026-08-13
1027,61,task_created,2026-08-17
1028,61,report_generated,2026-09-02
1029,61,file_uploaded,2026-07-25
1030,61,comment_added,2026-07-21
1031,61,file_uploaded,2026-07-26
1032,61,comment_added,2026-08-17
1033,61,task_created,2026-08-20
1034,61,login,2026-08-19
1035,61,login,2026-08-21
1036,61,file_uploaded,2026-08-23
1037,61,file_uploaded,2026-08-25
1038,62,task_created,2026-06-18
1039,62,comment_added,2026-08-04
1040,62,task_created,2026-03-24
1041,62,file_uploaded,2026-03-06
1042,62,comment_added,2026-07-26
1043,62,report_generated,2026-07-13
1044,62,file_uploaded,2026-06-17
1045,62,comment_added,2026-05-26
1046,62,task_created,2026-08-04
1047,62,file_uploaded,2026-04-19
1048,62,report_generated,2026-05-06
1049,62,task_created,2026-06-03
1050,62,file_uploaded,2026-03-15
1051,62,comment_added,2026-07-12
1052,62,comment_added,2026-04-25
1053,62,comment_added,2026-04-29
1054,62,task_created,2026-07-19
1055,62,task_created,2026-03-31
1056,62,report_generated,2026-07-17
1057,62,report_generated,2026-08-02
1058,62,task_created,2026-07-30
1059,62,task_created,2026-08-08
1060,62,comment_added,2026-06-16
1061,62,report_generated,2026-08-04
1062,62,login,2026-08-08
1063,62,report_generated,2026-08-21
1064,62,file_uploaded,2026-07-01
1065,62,comment_added,2026-07-07
1066,62,file_uploaded,2026-07-28
1067,62,comment_added,2026-07-30
1068,62,file_uploaded,2026-04-22
1069,62,login,2026-09-02
1070,62,login,2026-06-21
1071,63,file_uploaded,2025-07-27
1072,63,login,2025-09-27
1073,63,login,2026-06-23
1074,63,report_generated,2025-10-25
1075,63,task_created,2026-08-03
1076,64,report_generated,2025-08-03
1077,64,login,2025-03-12
1078,64,task_created,2025-08-12
1079,64,login,2026-04-21
1080,64,file_uploaded,2025-10-16
1081,65,comment_added,2026-05-24
1082,65,comment_added,2026-08-30
1083,65,task_created,2026-08-29
1084,65,comment_added,2026-08-14
1085,65,task_created,2026-06-29
1086,65,report_generated,2026-07-15
1087,65,login,2026-08-07
1088,65,file_uploaded,2026-06-28
1089,65,report_generated,2026-07-03
1090,65,login,2026-07-20
1091,65,report_generated,2026-05-12
1092,65,comment_added,2026-06-05
1093,65,file_uploaded,2026-08-30
1094,65,task_created,2026-08-25
1095,66,comment_added,2026-07-01
1096,66,comment_added,2026-08-15
1097,66,task_created,2026-05-18
1098,66,file_uploaded,2026-06-12
1099,66,login,2026-05-13
1100,66,task_created,2026-05-15
1101,66,login,2026-08-07
1102,66,login,2026-07-03
1103,66,report_generated,2026-07-16
1104,66,report_generated,2026-08-18
1105,66,task_created,2026-05-01
1106,66,report_generated,2026-08-25
1107,66,report_generated,2026-03-30
1108,66,task_created,2026-07-26
1109,66,task_created,2026-04-08
1110,66,comment_added,2026-06-19
1111,66,comment_added,2026-04-11
1112,66,file_uploaded,2026-06-14
1113,66,comment_added,2026-08-22
1114,66,login,2026-06-28
1115,66,comment_added,2026-06-18
1116,66,task_created,2026-05-24
1117,66,login,2026-08-09
1118,66,task_created,2026-08-05
1119,66,comment_added,2026-07-13
1120,66,file_uploaded,2026-08-13
1121,66,report_generated,2026-04-21
1122,66,task_created,2026-05-24
1123,66,report_generated,2026-06-21
1124,66,report_generated,2026-06-29
1125,66,comment_added,2026-05-23
1126,66,file_uploaded,2026-08-11
1127,67,login,2026-07-21
1128,67,report_generated,2025-12-04
1129,67,task_created,2026-05-23
1130,67,comment_added,2026-08-31
1131,67,task_created,2026-08-21
1132,68,report_generated,2025-08-19
1133,68,login,2026-02-10
1134,69,report_generated,2026-08-30
1135,69,login,2026-08-27
1136,69,comment_added,2026-08-29
1137,69,file_uploaded,2026-09-01
1138,69,report_generated,2026-08-19
1139,69,report_generated,2026-08-24
1140,69,login,2026-08-20
1141,69,comment_added,2026-08-23
1142,69,login,2026-08-18
1143,69,task_created,2026-08-24
1144,69,login,2026-08-31
1145,69,comment_added,2026-08-24
1146,69,login,2026-08-31
1147,69,login,2026-08-22
1148,69,report_generated,2026-09-01
1149,69,login,2026-08-19
1150,69,login,2026-08-20
1151,69,report_generated,2026-08-23
1152,69,comment_added,2026-08-20
1153,69,report_generated,2026-08-25
1154,69,file_uploaded,2026-08-31
1155,70,file_uploaded,2026-07-04
1156,70,report_generated,2026-07-02
1157,71,file_uploaded,2025-10-01
1158,71,login,2026-09-02
1159,71,login,2026-06-23
1160,71,comment_added,2026-08-17
1161,71,comment_added,2025-10-25
1162,71,login,2025-10-16
1163,71,comment_added,2026-03-25
1164,71,report_generated,2025-11-16
1165,71,comment_added,2026-02-24
1166,71,report_generated,2025-11-06
1167,71,file_uploaded,2026-05-05
1168,71,login,2026-04-13
1169,71,task_created,2026-05-23
1170,71,task_created,2026-06-23
1171,71,file_uploaded,2025-12-01
1172,71,report_generated,2026-06-29
1173,71,task_created,2026-08-13
1174,71,report_generated,2026-02-22
1175,71,comment_added,2025-09-28
1176,71,task_created,2026-07-04
1177,72,login,2025-05-10
1178,72,comment_added,2025-01-09
1179,72,comment_added,2026-02-11
1180,72,login,2026-07-18
1181,72,task_created,2025-11-12
1182,72,task_created,2025-12-22
1183,73,comment_added,2026-08-17
1184,73,task_created,2026-07-14
1185,73,task_created,2026-07-19
1186,73,task_created,2026-07-28
1187,73,task_created,2026-07-10
1188,73,comment_added,2026-07-02
1189,73,comment_added,2026-08-24
1190,73,report_generated,2026-07-05
1191,73,report_generated,2026-07-04
1192,73,task_created,2026-07-08
1193,73,report_generated,2026-08-27
1194,73,task_created,2026-08-10
1195,73,login,2026-07-26
1196,73,comment_added,2026-08-01
1197,73,task_created,2026-07-04
1198,73,file_uploaded,2026-08-05
1199,74,report_generated,2026-08-23
1200,74,comment_added,2026-08-14
1201,74,comment_added,2026-08-04
1202,74,report_generated,2026-08-31
1203,74,file_uploaded,2026-08-15
1204,74,login,2026-08-05
1205,74,task_created,2026-08-15
1206,74,file_uploaded,2026-08-09
1207,74,report_generated,2026-08-12
1208,74,report_generated,2026-08-03
1209,75,file_uploaded,2026-08-01
1210,75,report_generated,2026-07-24
1211,75,file_uploaded,2026-06-18
1212,75,login,2026-08-20
1213,75,comment_added,2026-05-15
1214,75,report_generated,2026-04-21
1215,75,comment_added,2026-05-06
1216,75,report_generated,2026-05-21
1217,75,login,2026-04-20
1218,75,comment_added,2026-04-05
1219,75,comment_added,2026-04-08
1220,75,file_uploaded,2026-08-27
1221,75,task_created,2026-08-30
1222,75,comment_added,2026-04-10
1223,75,comment_added,2026-06-06
1224,75,file_uploaded,2026-08-17
1225,75,report_generated,2026-05-09
1226,75,task_created,2026-07-10
1227,75,report_generated,2026-08-29
1228,75,file_uploaded,2026-05-05
1229,76,comment_added,2026-06-03
1230,76,file_uploaded,2025-11-05
1231,76,comment_added,2026-03-25
1232,76,task_created,2025-09-25
1233,76,task_created,2026-07-31
1234,76,task_created,2026-06-10
1235,76,task_created,2026-05-06
1236,76,comment_added,2025-12-20
1237,76,task_created,2026-07-06
1238,76,report_generated,2026-05-25
1239,76,task_created,2025-10-10
1240,76,task_created,2026-05-27
1241,76,report_generated,2025-10-22
1242,76,task_created,2026-03-28
1243,76,task_created,2025-10-11
1244,76,report_generated,2026-06-12
1245,76,file_uploaded,2026-04-06
1246,77,login,2026-02-25
1247,77,report_generated,2024-12-27
1248,77,comment_added,2025-03-02
1249,77,report_generated,2026-08-27
1250,77,comment_added,2025-08-13
1251,77,comment_added,2026-05-28
1252,77,file_uploaded,2025-05-14
1253,77,report_generated,2025-12-09
1254,77,login,2026-07-11
1255,77,report_generated,2026-04-30
1256,78,task_created,2026-05-28
1257,78,file_uploaded,2026-08-08
1258,78,report_generated,2026-05-16
1259,78,file_uploaded,2026-07-24
1260,78,comment_added,2025-11-20
1261,78,file_uploaded,2026-01-27
1262,78,task_created,2026-02-09
1263,78,comment_added,2025-12-26
1264,78,task_created,2026-04-09
1265,78,task_created,2026-02-01
1266,78,report_generated,2026-02-05
1267,78,task_created,2026-01-16
1268,78,report_generated,2026-06-17
1269,79,login,2026-05-16
1270,79,file_uploaded,2026-01-14
1271,80,task_created,2026-08-04
1272,80,file_uploaded,2025-09-13
1273,80,task_created,2025-04-23
1274,80,task_created,2025-05-15
1275,80,task_created,2025-09-12
1276,80,comment_added,2025-05-11
1277,80,login,2025-08-29
1278,80,report_generated,2025-09-18
1279,80,comment_added,2025-10-02
1280,80,comment_added,2026-05-21
1281,80,report_generated,2025-04-20
1282,80,task_created,2025-06-27
1283,80,comment_added,2026-07-04
1284,80,file_uploaded,2026-07-27
1285,80,task_created,2025-09-22
1286,81,comment_added,2026-04-30
1287,81,comment_added,2025-07-30
1288,82,task_created,2026-09-01
1289,82,comment_added,2026-08-25
1290,82,task_created,2026-08-14
1291,82,report_generated,2026-08-29
1292,82,comment_added,2026-08-20
1293,82,login,2026-08-24
1294,82,file_uploaded,2026-08-13
1295,82,task_created,2026-08-18
1296,82,login,2026-08-09
1297,82,comment_added,2026-08-12
1298,82,comment_added,2026-09-02
1299,82,file_uploaded,2026-08-27
1300,82,task_created,2026-09-01
1301,82,login,2026-08-25
1302,82,file_uploaded,2026-08-11
1303,82,comment_added,2026-08-25
1304,82,comment_added,2026-08-07
1305,82,login,2026-08-22
1306,82,file_uploaded,2026-08-08
1307,82,task_created,2026-08-27
1308,82,comment_added,2026-08-25
1309,82,login,2026-09-01
1310,82,file_uploaded,2026-08-30
1311,82,file_uploaded,2026-08-22
1312,82,login,2026-08-17
1313,82,comment_added,2026-08-28
1314,82,task_created,2026-08-19
1315,82,file_uploaded,2026-08-31
1316,82,file_uploaded,2026-08-31
1317,82,comment_added,2026-08-17
1318,82,comment_added,2026-08-31
1319,82,file_uploaded,2026-08-09
1320,82,report_generated,2026-08-10
1321,82,task_created,2026-08-21
1322,82,login,2026-09-02
1323,82,comment_added,2026-08-15
1324,82,file_uploaded,2026-08-23
1325,82,task_created,2026-08-14
1326,82,login,2026-08-06
1327,82,comment_added,2026-08-24
1328,82,comment_added,2026-08-09
1329,82,file_uploaded,2026-08-06
1330,82,task_created,2026-08-26
1331,82,report_generated,2026-08-28
1332,82,report_generated,2026-08-19
1333,82,task_created,2026-08-09
1334,82,comment_added,2026-08-19
1335,83,report_generated,2026-06-22
1336,83,comment_added,2026-08-05
1337,83,comment_added,2026-07-21
1338,83,file_uploaded,2026-06-28
1339,83,file_uploaded,2026-06-10
1340,83,task_created,2026-08-20
1341,83,comment_added,2026-07-22
1342,83,report_generated,2026-08-20
1343,83,comment_added,2026-07-06
1344,83,file_uploaded,2026-07-16
1345,83,login,2026-05-24
1346,83,file_uploaded,2026-06-16
1347,83,login,2026-05-30
1348,83,comment_added,2026-06-12
1349,83,report_generated,2026-07-30
1350,84,task_created,2025-05-27
1351,84,login,2026-05-07
1352,84,task_created,2025-07-06
1353,84,comment_added,2026-07-30
1354,84,login,2026-06-23
1355,84,report_generated,2025-06-08
1356,84,report_generated,2025-11-17
1357,84,comment_added,2025-06-24
1358,84,file_uploaded,2025-05-12
1359,84,comment_added,2026-05-19
1360,84,comment_added,2026-01-22
1361,84,task_created,2025-06-01
1362,84,file_uploaded,2026-08-23
1363,84,task_created,2025-04-14
1364,84,task_created,2026-01-21
1365,84,comment_added,2025-05-08
1366,84,comment_added,2025-11-27
1367,84,login,2025-09-24
1368,84,task_created,2026-04-07
1369,84,task_created,2025-04-04
1370,84,report_generated,2025-07-01
1371,84,report_generated,2026-05-18
1372,84,file_uploaded,2026-05-13
1373,84,comment_added,2025-10-26
1374,84,login,2025-04-19
1375,85,comment_added,2025-06-05
1376,86,comment_added,2026-01-07
1377,86,report_generated,2026-06-09
1378,86,report_generated,2026-02-08
1379,86,comment_added,2025-12-08
1380,86,file_uploaded,2025-11-22
1381,86,comment_added,2026-03-09
1382,86,report_generated,2025-08-17
1383,86,file_uploaded,2025-11-12
1384,86,login,2026-05-01
1385,86,login,2026-05-28
1386,86,report_generated,2026-04-29
1387,86,login,2026-02-05
1388,86,report_generated,2026-05-04
1389,86,comment_added,2026-05-17
1390,86,file_uploaded,2025-12-21
1391,86,comment_added,2026-02-24
1392,86,task_created,2026-04-19
1393,86,file_uploaded,2026-02-04
1394,86,file_uploaded,2026-07-29
1395,86,login,2026-06-11
1396,86,login,2026-04-18
1397,86,login,2025-12-25
1398,86,task_created,2026-02-26
1399,86,task_created,2026-07-27
1400,86,file_uploaded,2026-01-23
1401,86,comment_added,2026-02-11
1402,86,login,2026-05-16
1403,86,report_generated,2026-08-08
1404,86,report_generated,2025-12-20
1405,86,file_uploaded,2025-10-01
1406,86,report_generated,2026-07-25
1407,86,comment_added,2025-09-22
1408,86,file_uploaded,2025-11-14
1409,86,report_generated,2026-01-22
1410,86,comment_added,2025-12-04
1411,86,task_created,2025-12-30
1412,86,task_created,2026-09-01
1413,86,task_created,2026-04-27
1414,86,task_created,2025-12-13
1415,86,task_created,2025-12-28
1416,86,task_created,2025-12-10
1417,86,comment_added,2025-12-20
1418,86,task_created,2026-02-13
1419,86,login,2025-10-08
1420,86,file_uploaded,2025-09-24
1421,86,login,2026-06-25
1422,86,login,2026-05-19
1423,86,report_generated,2026-04-18
1424,86,report_generated,2026-06-28
1425,86,comment_added,2026-04-24
1426,86,file_uploaded,2026-01-02
1427,87,comment_added,2025-05-09
1428,87,file_uploaded,2025-08-16
1429,87,comment_added,2025-06-18
1430,87,login,2025-03-14
1431,87,file_uploaded,2026-04-25
1432,87,comment_added,2026-03-07
1433,87,comment_added,2024-12-06
1434,87,file_uploaded,2025-10-24
1435,87,file_uploaded,2025-04-30
1436,87,comment_added,2025-03-06
1437,87,report_generated,2026-02-17
1438,87,login,2024-11-11
1439,87,file_uploaded,2025-06-06
1440,87,login,2026-06-20
1441,87,report_generated,2025-10-02
1442,87,report_generated,2026-07-23
1443,87,comment_added,2025-05-13
1444,88,task_created,2025-10-27
1445,88,file_uploaded,2025-10-30
1446,88,report_generated,2026-04-24
1447,88,task_created,2025-12-19
1448,88,file_uploaded,2026-02-25
1449,88,file_uploaded,2025-09-30
1450,88,report_generated,2026-06-08
1451,88,file_uploaded,2025-12-18
1452,88,file_uploaded,2025-11-05
1453,88,comment_added,2025-09-15
1454,88,comment_added,2025-08-21
1455,88,task_created,2026-06-01
1456,88,login,2026-08-05
1457,88,report_generated,2026-06-19
1458,88,task_created,2026-07-31
1459,88,file_uploaded,2026-03-26
1460,88,file_uploaded,2026-08-27
1461,88,task_created,2025-09-23
1462,88,task_created,2026-07-29
1463,88,login,2026-02-12
1464,88,file_uploaded,2025-09-13
1465,88,task_created,2026-02-25
1466,88,comment_added,2026-08-23
1467,88,report_generated,2026-03-15
1468,88,file_uploaded,2026-07-22
1469,88,report_generated,2025-11-15
1470,88,comment_added,2026-03-29
1471,89,file_uploaded,2025-05-05
1472,89,task_created,2025-06-27
1473,89,task_created,2025-05-18
1474,90,file_uploaded,2025-12-09
1475,90,login,2026-06-19
1476,90,report_generated,2026-03-19
1477,90,report_generated,2025-12-12
1478,90,comment_added,2026-02-01
1479,90,report_generated,2026-05-13
1480,90,login,2026-01-24
1481,90,login,2026-02-27
1482,90,comment_added,2026-01-27
1483,90,comment_added,2025-11-10
1484,90,comment_added,2026-05-22
1485,90,report_generated,2025-10-29
1486,90,report_generated,2026-01-29
1487,90,comment_added,2026-07-11
1488,90,file_uploaded,2026-04-07
1489,90,file_uploaded,2025-09-10
1490,90,report_generated,2026-06-11
1491,90,task_created,2026-03-26
1492,90,report_generated,2025-10-25
1493,90,comment_added,2026-03-04
1494,90,file_uploaded,2026-05-20
1495,90,login,2025-09-06
1496,90,report_generated,2025-10-22
1497,90,report_generated,2025-11-25
1498,90,report_generated,2026-01-10
1499,90,report_generated,2026-07-30
1500,90,file_uploaded,2026-06-06
1501,90,file_uploaded,2025-12-17
1502,90,comment_added,2026-02-02
1503,90,file_uploaded,2026-04-24
1504,90,task_created,2026-02-28
1505,90,login,2025-11-03
1506,90,task_created,2025-10-04
1507,91,login,2025-11-06
1508,91,task_created,2025-09-25
1509,91,login,2026-04-04
1510,92,login,2025-10-20
1511,92,comment_added,2026-05-02
1512,92,login,2025-09-29
1513,92,comment_added,2026-03-24
1514,92,login,2025-10-14
1515,92,comment_added,2026-01-14
1516,92,login,2025-11-20
1517,92,file_uploaded,2026-08-03
1518,92,task_created,2026-02-07
1519,92,report_generated,2026-01-06
1520,92,task_created,2026-04-16
1521,92,comment_added,2025-11-08
1522,92,login,2025-11-28
1523,92,report_generated,2025-09-19
1524,92,file_uploaded,2026-02-15
1525,92,comment_added,2026-04-29
1526,92,comment_added,2026-01-19
1527,92,task_created,2026-04-17
1528,93,comment_added,2025-08-30
1529,93,comment_added,2026-06-12
1530,93,comment_added,2026-05-21
1531,93,report_generated,2026-08-30
1532,93,file_uploaded,2026-02-20
1533,93,login,2025-10-20
1534,93,report_generated,2026-05-28
1535,94,file_uploaded,2026-04-13
1536,94,task_created,2025-12-26
1537,94,login,2026-02-08
1538,94,comment_added,2025-04-04
1539,94,report_generated,2025-08-21
1540,94,file_uploaded,2026-01-22
1541,94,file_uploaded,2025-04-12
1542,94,report_generated,2026-08-05
1543,94,file_uploaded,2025-04-13
1544,94,comment_added,2026-01-28
1545,94,login,2025-11-26
1546,94,task_created,2026-04-21
1547,94,comment_added,2026-05-30
1548,94,file_uploaded,2026-06-25
1549,94,task_created,2025-12-15
1550,94,file_uploaded,2026-05-08
1551,94,report_generated,2025-11-15
1552,94,file_uploaded,2025-06-24
1553,94,comment_added,2025-12-05
1554,94,report_generated,2026-01-07
1555,94,file_uploaded,2026-01-04
1556,94,login,2025-10-13
1557,94,task_created,2025-10-07
1558,94,login,2026-01-25
1559,94,comment_added,2026-07-14
1560,94,report_generated,2026-07-11
1561,94,task_created,2026-08-20
1562,94,login,2026-02-26
1563,94,login,2025-09-06
1564,94,task_created,2025-04-26
1565,94,report_generated,2025-07-17
1566,94,task_created,2026-01-04
1567,94,login,2026-06-26
1568,94,login,2025-11-28
1569,95,login,2025-08-12
1570,96,task_created,2026-02-26
1571,96,file_uploaded,2025-09-24
1572,96,file_uploaded,2025-08-24
1573,96,file_uploaded,2025-10-24
1574,97,report_generated,2025-04-02
1575,97,task_created,2025-05-22
1576,97,report_generated,2025-04-27
1577,97,login,2026-04-06
1578,97,task_created,2026-06-25
1579,97,report_generated,2025-09-13
1580,97,login,2026-03-26
1581,97,task_created,2025-07-03
1582,97,file_uploaded,2026-03-30
1583,97,login,2025-11-09
1584,97,file_uploaded,2025-09-20
1585,97,comment_added,2025-06-05
1586,97,file_uploaded,2025-09-30
1587,97,report_generated,2026-04-03
1588,97,task_created,2026-01-25
1589,98,comment_added,2025-12-18
1590,98,login,2026-08-20
1591,98,file_uploaded,2026-04-05
1592,98,task_created,2026-04-28
1593,98,login,2026-05-30
1594,99,task_created,2026-08-13
1595,99,task_created,2025-11-02
1596,99,file_uploaded,2026-07-27
1597,99,login,2026-02-19
1598,99,report_generated,2025-11-30
1599,99,login,2026-07-02
1600,99,task_created,2026-03-27
1601,99,login,2025-09-10
1602,99,file_uploaded,2026-06-30
1603,99,comment_added,2026-08-24
1604,99,report_generated,2025-11-24
1605,99,task_created,2025-10-21
1606,99,file_uploaded,2025-11-25
1607,100,comment_added,2026-07-08
1608,100,login,2026-08-09
1609,100,report_generated,2026-07-04
1610,100,comment_added,2026-07-16
1611,100,task_created,2026-07-10
1612,100,task_created,2026-08-28
1613,100,comment_added,2026-08-06
1614,100,file_uploaded,2026-08-10
1615,100,login,2026-07-21
1616,100,report_generated,2026-08-14
1617,100,report_generated,2026-07-14
1618,100,file_uploaded,2026-07-02
1619,100,comment_added,2026-08-22
1620,100,comment_added,2026-08-03
1621,100,task_created,2026-08-28
1622,101,task_created,2026-02-11
1623,101,report_generated,2026-01-30
1624,101,file_uploaded,2025-10-09
1625,102,comment_added,2026-06-23
1626,102,task_created,2026-09-02
1627,102,comment_added,2026-05-01
1628,102,file_uploaded,2026-05-23
1629,102,report_generated,2026-06-28
1630,102,report_generated,2026-08-30
1631,102,login,2026-08-08
1632,102,file_uploaded,2026-08-21
1633,102,login,2026-05-31
1634,102,comment_added,2026-07-16
1635,102,report_generated,2026-06-14
1636,102,comment_added,2026-04-30
1637,102,task_created,2026-07-22
1638,102,file_uploaded,2026-08-26
1639,102,task_created,2026-09-02
1640,102,report_generated,2026-06-25
1641,102,report_generated,2026-07-27
1642,102,login,2026-05-12
1643,102,login,2026-08-25
1644,102,task_created,2026-04-25
1645,102,login,2026-05-29
1646,102,login,2026-06-04
1647,102,task_created,2026-08-16
1648,103,login,2026-04-26
1649,103,file_uploaded,2026-08-25
1650,103,comment_added,2026-08-04
1651,103,report_generated,2026-08-30
1652,103,report_generated,2026-04-13
1653,103,comment_added,2026-05-27
1654,103,login,2026-04-19
1655,103,file_uploaded,2026-05-24
1656,103,file_uploaded,2026-04-21
1657,103,report_generated,2026-04-16
1658,103,file_uploaded,2026-08-21
1659,103,login,2026-07-04
1660,103,comment_added,2026-06-08
1661,103,login,2026-04-11
1662,103,login,2026-06-17
1663,103,comment_added,2026-05-26
1664,103,login,2026-04-25
1665,103,comment_added,2026-05-30
1666,103,task_created,2026-07-08
1667,103,comment_added,2026-05-20
1668,103,comment_added,2026-06-03
1669,103,comment_added,2026-05-16
1670,103,file_uploaded,2026-08-21
1671,103,comment_added,2026-04-28
1672,103,file_uploaded,2026-07-01
1673,103,login,2026-07-19
1674,103,task_created,2026-05-13
1675,103,file_uploaded,2026-08-19
1676,103,report_generated,2026-08-08
1677,103,comment_added,2026-05-11
1678,103,file_uploaded,2026-09-01
1679,103,report_generated,2026-06-30
1680,103,report_generated,2026-08-19
1681,103,file_uploaded,2026-07-05
1682,103,report_generated,2026-07-20
1683,103,comment_added,2026-06-01
1684,103,task_created,2026-08-18
1685,103,comment_added,2026-07-06
1686,103,report_generated,2026-06-05
1687,103,file_uploaded,2026-07-25
1688,103,login,2026-07-11
1689,103,report_generated,2026-04-09
1690,103,login,2026-08-31
1691,103,task_created,2026-08-11
1692,103,login,2026-06-17
1693,103,task_created,2026-06-16
1694,103,report_generated,2026-05-25
1695,103,report_generated,2026-04-06
1696,104,comment_added,2026-07-22
1697,104,comment_added,2026-07-25
1698,104,task_created,2026-08-10
1699,104,login,2025-04-08
1700,104,report_generated,2026-04-18
1701,104,task_created,2025-06-10
1702,104,report_generated,2025-09-30
1703,104,task_created,2026-08-21
1704,104,report_generated,2025-08-28
1705,104,login,2025-11-05
1706,104,file_uploaded,2026-08-09
1707,104,task_created,2026-08-07
1708,104,report_generated,2025-03-22
1709,104,task_created,2026-05-11
1710,105,comment_added,2026-06-11
1711,105,comment_added,2025-05-05
1712,105,login,2025-12-01
1713,105,login,2026-02-22
1714,105,report_generated,2025-03-26
1715,106,file_uploaded,2025-12-05
1716,107,login,2025-11-18
1717,107,comment_added,2025-05-08
1718,107,file_uploaded,2024-09-29
1719,107,report_generated,2024-11-12
1720,107,login,2026-03-08
1721,107,comment_added,2025-08-10
1722,107,task_created,2026-04-19
1723,107,comment_added,2025-08-18
1724,107,task_created,2026-09-02
1725,107,login,2025-02-21
1726,107,file_uploaded,2026-08-08
1727,107,comment_added,2025-12-18
1728,107,comment_added,2026-04-30
1729,107,task_created,2024-12-19
1730,107,report_generated,2025-12-04
1731,107,task_created,2025-10-26
1732,107,report_generated,2025-01-31
1733,107,file_uploaded,2024-12-11
1734,107,login,2026-04-26
1735,107,file_uploaded,2026-04-02
1736,107,login,2025-06-13
1737,108,comment_added,2026-01-01
1738,108,task_created,2026-01-19
1739,108,task_created,2026-07-06
1740,109,comment_added,2026-06-08
1741,109,file_uploaded,2025-08-22
1742,109,comment_added,2026-03-12
1743,109,comment_added,2025-08-20
1744,109,task_created,2026-07-22
1745,109,login,2025-10-07
1746,109,file_uploaded,2025-10-31
1747,110,comment_added,2026-07-22
1748,110,login,2026-06-22
1749,110,file_uploaded,2026-08-02
1750,110,report_generated,2026-07-27
1751,110,report_generated,2026-07-05
1752,110,comment_added,2026-07-25
1753,110,login,2026-09-02
1754,110,task_created,2026-07-20
1755,110,comment_added,2026-07-25
1756,110,comment_added,2026-08-06
1757,110,file_uploaded,2026-06-29
1758,110,task_created,2026-06-16
1759,111,report_generated,2026-08-26
1760,111,login,2026-08-25
1761,111,login,2026-08-24
1762,111,comment_added,2026-08-26
1763,111,report_generated,2026-08-25
1764,111,report_generated,2026-08-23
1765,111,report_generated,2026-08-24
1766,111,file_uploaded,2026-08-30
1767,111,report_generated,2026-08-23
1768,111,comment_added,2026-08-26
1769,111,task_created,2026-08-26
1770,111,comment_added,2026-08-31
1771,111,comment_added,2026-08-27
1772,111,comment_added,2026-08-30
1773,111,login,2026-08-25
1774,111,comment_added,2026-08-29
1775,111,comment_added,2026-09-02
1776,111,report_generated,2026-08-23
1777,111,login,2026-08-25
1778,111,task_created,2026-08-27
1779,111,report_generated,2026-09-01
1780,111,file_uploaded,2026-08-23
1781,111,login,2026-09-02
1782,111,file_uploaded,2026-08-24
1783,111,report_generated,2026-09-02
1784,111,report_generated,2026-09-02
1785,111,login,2026-08-24
1786,111,file_uploaded,2026-08-27
1787,111,file_uploaded,2026-08-26
1788,111,login,2026-08-31
1789,111,file_uploaded,2026-08-28
1790,111,comment_added,2026-09-01
1791,111,task_created,2026-08-24
1792,111,comment_added,2026-08-26
1793,111,comment_added,2026-08-30
1794,111,login,2026-08-23
1795,111,comment_added,2026-08-26
1796,111,report_generated,2026-08-27
1797,111,file_uploaded,2026-08-30
1798,111,login,2026-08-25
1799,111,report_generated,2026-08-28
1800,111,report_generated,2026-08-28
1801,111,comment_added,2026-08-26
1802,111,login,2026-08-27
1803,111,report_generated,2026-09-02
1804,111,login,2026-08-29
1805,111,report_generated,2026-08-31
1806,111,task_created,2026-08-26
1807,111,file_uploaded,2026-08-28
1808,111,task_created,2026-09-02
1809,111,file_uploaded,2026-08-24
1810,111,comment_added,2026-08-31
1811,111,task_created,2026-09-02
1812,111,task_created,2026-08-29
1813,111,task_created,2026-09-01
1814,112,report_generated,2026-08-18
1815,112,file_uploaded,2026-08-06
1816,112,task_created,2026-09-02
1817,112,task_created,2026-07-21
1818,112,task_created,2026-09-02
1819,112,report_generated,2026-07-12
1820,112,task_created,2026-08-31
1821,112,task_created,2026-08-19
1822,112,report_generated,2026-07-15
1823,112,comment_added,2026-07-03
1824,113,login,2026-08-09
1825,113,report_generated,2026-05-12
1826,113,login,2026-05-02
1827,113,file_uploaded,2026-06-15
1828,113,report_generated,2026-07-09
1829,113,report_generated,2026-07-17
1830,113,task_created,2026-05-03
1831,113,task_created,2026-04-22
1832,113,login,2026-05-12
1833,113,comment_added,2026-08-29
1834,113,comment_added,2026-06-02
1835,113,comment_added,2026-08-18
1836,113,comment_added,2026-05-24
1837,113,task_created,2026-05-24
1838,113,report_generated,2026-04-01
1839,113,file_uploaded,2026-04-15
1840,113,comment_added,2026-04-29
1841,113,file_uploaded,2026-08-27
1842,113,task_created,2026-06-29
1843,113,file_uploaded,2026-07-03
1844,113,task_created,2026-07-25
1845,114,task_created,2026-05-17
1846,114,login,2026-06-02
1847,114,login,2026-07-19
1848,114,file_uploaded,2026-06-14
1849,114,task_created,2026-06-01
1850,114,login,2026-05-28
1851,114,file_uploaded,2026-05-21
1852,114,report_generated,2026-08-09
1853,114,task_created,2026-08-01
1854,114,file_uploaded,2026-07-24
1855,114,comment_added,2026-04-16
1856,114,report_generated,2026-07-12
1857,114,comment_added,2026-07-15
1858,114,comment_added,2026-08-30
1859,114,comment_added,2026-08-21
1860,114,comment_added,2026-04-15
1861,114,file_uploaded,2026-05-03
1862,114,login,2026-07-31
1863,114,comment_added,2026-06-07
1864,115,file_uploaded,2026-05-28
1865,115,comment_added,2025-01-03
1866,115,comment_added,2025-12-25
1867,115,login,2026-08-31
1868,115,report_generated,2025-06-06
1869,115,file_uploaded,2026-02-17
1870,115,report_generated,2025-10-01
1871,115,task_created,2026-03-11
1872,115,report_generated,2026-01-30
1873,115,login,2026-08-13
1874,115,task_created,2026-05-07
1875,115,file_uploaded,2026-03-13
1876,115,comment_added,2025-02-24
1877,115,task_created,2025-03-19
1878,115,comment_added,2026-07-16
1879,115,file_uploaded,2025-04-11
1880,115,report_generated,2026-01-21
1881,115,login,2026-02-28
1882,115,file_uploaded,2025-05-26
1883,115,task_created,2026-07-21
1884,115,login,2026-03-04
1885,116,report_generated,2025-11-08
1886,116,task_created,2026-06-22
1887,116,login,2026-07-05
1888,116,login,2025-08-18
1889,116,file_uploaded,2026-06-29
1890,116,report_generated,2026-05-23
1891,116,comment_added,2025-08-15
1892,116,file_uploaded,2026-06-30
1893,116,comment_added,2026-07-10
1894,117,task_created,2026-08-29
1895,117,comment_added,2026-08-14
1896,117,login,2026-08-14
1897,117,report_generated,2026-07-31
1898,117,task_created,2026-08-26
1899,117,task_created,2026-07-31
1900,117,login,2026-08-01
1901,117,report_generated,2026-08-16
1902,117,file_uploaded,2026-08-09
1903,117,task_created,2026-08-08
1904,117,task_created,2026-07-28
1905,117,login,2026-08-02
1906,117,report_generated,2026-08-29
1907,117,file_uploaded,2026-07-21
1908,117,file_uploaded,2026-08-21
1909,117,login,2026-08-24
1910,117,file_uploaded,2026-08-28
1911,117,task_created,2026-08-05
1912,117,file_uploaded,2026-08-27
1913,117,file_uploaded,2026-08-19
1914,117,login,2026-08-18
1915,117,comment_added,2026-08-28
1916,117,task_created,2026-07-21
1917,118,report_generated,2026-06-19
1918,118,comment_added,2026-07-26
1919,118,login,2025-12-27
1920,118,task_created,2025-12-15
1921,118,report_generated,2025-10-10
1922,118,task_created,2025-09-30
1923,118,comment_added,2025-09-28
1924,119,comment_added,2026-07-12
1925,119,report_generated,2025-10-08
1926,119,login,2026-08-23
1927,119,login,2025-06-03
1928,119,task_created,2025-12-08
1929,119,report_generated,2025-07-30
1930,119,comment_added,2026-03-17
1931,119,comment_added,2026-02-26
1932,119,file_uploaded,2025-08-07
1933,119,comment_added,2026-05-27
1934,119,login,2025-11-09
1935,119,report_generated,2025-06-25
1936,119,report_generated,2025-10-21
1937,119,file_uploaded,2026-08-11
1938,119,login,2026-07-02
1939,119,file_uploaded,2026-06-01
1940,119,comment_added,2026-07-14
1941,119,report_generated,2025-06-11
1942,119,task_created,2026-01-05
1943,119,report_generated,2025-07-10
1944,119,comment_added,2025-10-24
1945,119,comment_added,2025-12-06
1946,119,task_created,2025-08-24
1947,119,login,2026-03-18
1948,119,comment_added,2025-07-03
1949,119,comment_added,2026-05-17
1950,119,file_uploaded,2025-06-22
1951,119,comment_added,2026-05-14
1952,119,report_generated,2026-08-30
1953,119,comment_added,2025-12-13
1954,119,report_generated,2026-07-17
1955,119,comment_added,2025-09-18
1956,119,comment_added,2026-02-27
1957,119,task_created,2025-11-06
1958,119,comment_added,2026-03-19
1959,119,comment_added,2026-01-18
1960,119,file_uploaded,2026-05-17
1961,119,task_created,2026-01-16
1962,119,comment_added,2026-08-04
1963,119,report_generated,2025-09-05
1964,119,login,2025-08-16
1965,119,login,2025-07-08
1966,119,login,2026-01-02
1967,119,task_created,2026-05-21
1968,119,comment_added,2026-06-22
1969,119,file_uploaded,2025-12-07
1970,119,report_generated,2025-06-01
1971,119,comment_added,2025-11-04
1972,119,task_created,2026-06-25
1973,119,task_created,2025-05-14
1974,119,report_generated,2026-04-27
1975,119,login,2025-09-16
1976,119,report_generated,2025-10-13
1977,119,comment_added,2026-01-23
1978,119,login,2025-10-21
1979,119,report_generated,2025-07-06
1980,119,file_uploaded,2025-10-30
1981,120,task_created,2025-03-26
1982,120,report_generated,2025-09-11
1983,120,file_uploaded,2026-02-06
1984,120,login,2026-06-25
1985,120,file_uploaded,2025-07-14
1986,120,file_uploaded,2025-08-03
1987,120,report_generated,2026-08-28
1988,120,file_uploaded,2026-06-13
1989,120,comment_added,2025-04-23
1990,120,comment_added,2025-12-28
1991,120,comment_added,2026-01-14
1992,120,login,2026-08-27
1993,120,comment_added,2025-09-26
1994,120,report_generated,2026-01-30
1995,120,task_created,2025-05-03
1996,121,login,2026-05-13
1997,121,file_uploaded,2026-06-12
1998,121,comment_added,2026-03-15
1999,121,task_created,2026-07-08
2000,121,report_generated,2026-02-18
2001,122,report_generated,2026-07-10
2002,122,login,2026-07-12
2003,122,file_uploaded,2025-11-30
2004,122,file_uploaded,2025-08-27
2005,122,report_generated,2025-11-12
2006,122,report_generated,2026-03-02
2007,122,comment_added,2025-11-01
2008,122,task_created,2025-12-15
2009,122,report_generated,2025-09-09
2010,122,login,2026-08-19
2011,122,task_created,2026-08-16
2012,122,file_uploaded,2025-08-30
2013,122,login,2026-03-30
2014,122,file_uploaded,2026-08-27
2015,122,task_created,2026-03-27
2016,122,report_generated,2025-10-19
2017,122,comment_added,2026-03-18
2018,122,report_generated,2025-12-19
2019,122,login,2025-09-25
2020,122,task_created,2026-04-04
2021,122,login,2025-10-27
2022,122,file_uploaded,2026-03-06
2023,122,comment_added,2026-07-14
2024,122,login,2025-09-11
2025,122,login,2025-12-20
2026,122,comment_added,2026-06-30
2027,122,report_generated,2025-08-27
2028,122,login,2026-03-10
2029,122,comment_added,2025-09-04
2030,122,report_generated,2026-08-10
2031,122,comment_added,2025-07-25
2032,122,report_generated,2026-08-06
2033,122,task_created,2026-06-06
2034,122,task_created,2025-12-25
2035,122,report_generated,2025-10-20
2036,122,comment_added,2025-12-02
2037,122,file_uploaded,2025-12-24
2038,122,login,2026-06-22
2039,122,task_created,2025-11-30
2040,122,report_generated,2025-10-02
2041,122,login,2025-09-10
2042,122,comment_added,2026-05-28
2043,122,login,2026-04-03
2044,122,comment_added,2025-10-27
2045,122,comment_added,2026-01-09
2046,122,report_generated,2025-12-24
2047,122,report_generated,2025-09-24
2048,122,task_created,2026-05-03
2049,122,login,2025-10-09
2050,122,comment_added,2025-12-20
2051,122,comment_added,2026-01-03
2052,122,login,2026-02-26
2053,122,login,2025-09-18
2054,122,login,2026-03-12
2055,122,file_uploaded,2025-09-06
2056,122,login,2025-08-10
2057,123,file_uploaded,2026-07-19
2058,123,comment_added,2026-05-16
2059,123,file_uploaded,2026-08-30
2060,123,report_generated,2026-07-01
2061,123,task_created,2026-06-25
2062,123,login,2026-08-15
2063,123,comment_added,2026-07-29
2064,123,login,2026-05-04
2065,123,login,2026-07-29
2066,123,report_generated,2026-07-26
2067,123,file_uploaded,2026-07-29
2068,123,task_created,2026-05-30
2069,123,comment_added,2026-05-07
2070,123,report_generated,2026-06-06
2071,123,task_created,2026-07-10
2072,123,report_generated,2026-06-24
2073,123,file_uploaded,2026-07-26
2074,123,login,2026-04-08
2075,123,login,2026-07-31
2076,123,file_uploaded,2026-06-29
2077,123,task_created,2026-07-28
2078,123,report_generated,2026-06-12
2079,124,comment_added,2026-08-31
2080,124,comment_added,2025-12-30
2081,124,file_uploaded,2025-12-17
2082,124,report_generated,2025-12-19
2083,125,login,2026-03-29
2084,125,report_generated,2026-07-28
2085,125,file_uploaded,2026-03-17
2086,125,comment_added,2026-01-09
2087,125,task_created,2026-01-15
2088,125,task_created,2026-05-01
2089,125,task_created,2026-03-25
2090,126,file_uploaded,2026-06-08
2091,126,report_generated,2025-04-08
2092,126,comment_added,2025-09-01
2093,126,file_uploaded,2026-04-17
2094,127,report_generated,2026-07-18
2095,127,task_created,2026-07-06
2096,127,login,2025-12-28
2097,128,comment_added,2026-08-20
2098,128,file_uploaded,2026-08-26
2099,128,comment_added,2026-07-11
2100,128,file_uploaded,2026-08-11
2101,128,comment_added,2026-07-24
2102,128,file_uploaded,2026-07-10
2103,128,report_generated,2026-07-15
2104,128,login,2026-07-29
2105,128,login,2026-08-11
2106,128,comment_added,2026-08-16
2107,128,file_uploaded,2026-08-22
2108,128,file_uploaded,2026-07-24
2109,128,login,2026-08-14
2110,128,task_created,2026-07-09
2111,128,task_created,2026-08-25
2112,128,comment_added,2026-08-29
2113,128,login,2026-08-30
2114,128,task_created,2026-08-21
2115,128,task_created,2026-08-15
2116,128,comment_added,2026-08-01
2117,128,file_uploaded,2026-07-22
2118,128,comment_added,2026-08-12
2119,128,task_created,2026-08-01
2120,128,report_generated,2026-07-17
2121,128,comment_added,2026-07-23
2122,128,report_generated,2026-08-23
2123,128,file_uploaded,2026-08-31
2124,128,report_generated,2026-08-18
2125,128,comment_added,2026-07-09
2126,128,comment_added,2026-07-04
2127,128,file_uploaded,2026-08-05
2128,128,task_created,2026-08-27
2129,128,report_generated,2026-08-27
2130,128,report_generated,2026-07-07
2131,128,comment_added,2026-08-30
2132,128,login,2026-07-07
2133,128,comment_added,2026-08-18
2134,128,report_generated,2026-08-25
2135,128,report_generated,2026-07-11
2136,128,login,2026-08-28
2137,128,file_uploaded,2026-07-19
2138,128,comment_added,2026-08-17
2139,128,report_generated,2026-07-29
2140,128,file_uploaded,2026-08-18
2141,128,file_uploaded,2026-07-29
2142,128,comment_added,2026-07-31
2143,128,task_created,2026-07-17
2144,128,task_created,2026-08-03
2145,128,comment_added,2026-07-16
2146,129,report_generated,2026-03-24
2147,129,task_created,2026-04-27
2148,129,task_created,2025-12-16
2149,129,login,2025-07-11
2150,129,login,2025-05-08
2151,129,file_uploaded,2025-07-21
2152,129,task_created,2026-05-17
2153,129,task_created,2025-05-21
2154,129,file_uploaded,2026-04-25
2155,129,comment_added,2026-05-05
2156,129,file_uploaded,2025-08-27
2157,129,file_uploaded,2026-07-30
2158,129,file_uploaded,2026-05-30
2159,129,task_created,2026-02-22
2160,129,file_uploaded,2025-09-02
2161,129,comment_added,2025-03-03
2162,129,task_created,2026-07-19
2163,129,report_generated,2026-07-22
2164,129,comment_added,2026-04-20
2165,129,login,2026-03-06
2166,129,comment_added,2025-04-03
2167,129,report_generated,2026-07-03
2168,130,comment_added,2026-04-01
2169,130,login,2026-07-05
2170,130,comment_added,2026-04-09
2171,130,file_uploaded,2026-05-14
2172,130,login,2026-07-14
2173,130,comment_added,2026-07-15
2174,130,task_created,2026-03-26
2175,131,login,2026-07-12
2176,131,comment_added,2026-08-23
2177,131,report_generated,2026-08-09
2178,131,login,2026-08-17
2179,131,comment_added,2026-06-09
2180,131,file_uploaded,2026-03-16
2181,131,comment_added,2026-07-08
2182,131,comment_added,2026-07-12
2183,131,file_uploaded,2026-06-06
2184,131,report_generated,2026-06-12
2185,131,task_created,2026-05-27
2186,131,comment_added,2026-03-23
2187,131,comment_added,2026-05-30
2188,131,login,2026-05-19
2189,131,file_uploaded,2026-08-22
2190,131,task_created,2026-08-09
2191,131,login,2026-08-07
2192,131,report_generated,2026-08-29
2193,131,login,2026-08-20
2194,131,file_uploaded,2026-05-26
2195,131,task_created,2026-04-04
2196,131,login,2026-07-21
2197,131,report_generated,2026-05-24
2198,131,comment_added,2026-04-16
2199,131,report_generated,2026-05-24
2200,131,login,2026-05-18
2201,131,comment_added,2026-04-11
2202,131,comment_added,2026-04-27
2203,131,file_uploaded,2026-04-21
2204,131,task_created,2026-06-16
2205,131,task_created,2026-05-19
2206,131,task_created,2026-07-16
2207,131,login,2026-07-27
2208,131,login,2026-06-09
2209,131,comment_added,2026-04-20
2210,131,file_uploaded,2026-04-22
2211,131,file_uploaded,2026-06-27
2212,131,file_uploaded,2026-05-13
2213,131,task_created,2026-08-24
2214,131,comment_added,2026-05-06
2215,131,login,2026-06-10
2216,131,report_generated,2026-08-25
2217,131,login,2026-04-12
2218,131,file_uploaded,2026-04-25
2219,131,file_uploaded,2026-06-24
2220,132,file_uploaded,2025-09-17
2221,132,task_created,2026-05-12
2222,132,file_uploaded,2025-12-06
2223,132,report_generated,2026-03-13
2224,132,comment_added,2025-04-10
2225,133,file_uploaded,2026-08-18
2226,133,report_generated,2026-01-11
2227,133,file_uploaded,2026-09-02
2228,133,report_generated,2026-04-15
2229,133,login,2026-05-23
2230,133,comment_added,2026-02-01
2231,133,report_generated,2026-06-20
2232,133,file_uploaded,2026-08-12
2233,133,report_generated,2026-06-13
2234,133,report_generated,2026-04-03
2235,133,login,2026-03-17
2236,133,comment_added,2026-03-14
2237,133,file_uploaded,2026-04-18
2238,133,task_created,2026-07-24
2239,133,comment_added,2026-07-14
2240,133,task_created,2026-07-24
2241,133,report_generated,2026-05-21
2242,133,task_created,2026-06-30
2243,133,comment_added,2026-03-29
2244,133,login,2026-01-10
2245,133,login,2026-08-08
2246,133,file_uploaded,2026-01-11
2247,133,comment_added,2026-02-02
2248,133,file_uploaded,2026-02-03
2249,133,task_created,2026-04-07
2250,133,report_generated,2026-07-12
2251,133,task_created,2026-03-13
2252,133,login,2026-01-16
2253,133,login,2026-06-15
2254,133,comment_added,2026-01-22
2255,134,comment_added,2026-03-13
2256,134,login,2026-01-23
2257,134,comment_added,2026-01-05
2258,134,file_uploaded,2026-01-27
2259,134,login,2026-02-24
2260,135,report_generated,2025-04-05
2261,135,file_uploaded,2025-07-27
2262,135,login,2026-08-06
2263,135,file_uploaded,2026-07-15
2264,135,file_uploaded,2025-07-09
2265,135,report_generated,2026-08-13
2266,136,task_created,2025-10-28
2267,136,login,2026-07-23
2268,136,login,2025-11-07
2269,136,file_uploaded,2025-12-31
2270,136,login,2025-12-06
2271,136,report_generated,2025-10-29
2272,137,file_uploaded,2025-08-23
2273,137,file_uploaded,2025-05-04
2274,137,comment_added,2025-09-15
2275,137,task_created,2026-03-31
2276,137,login,2026-07-10
2277,137,comment_added,2025-07-19
2278,137,task_created,2026-05-09
2279,137,file_uploaded,2025-06-10
2280,137,login,2025-11-14
2281,138,login,2026-04-09
2282,138,comment_added,2026-04-19
2283,138,file_uploaded,2026-06-04
2284,138,file_uploaded,2026-04-05
2285,139,login,2025-10-25
2286,139,file_uploaded,2025-08-29
2287,139,task_created,2025-12-24
2288,139,report_generated,2026-08-03
2289,139,comment_added,2026-02-26
2290,139,comment_added,2025-08-11
2291,139,file_uploaded,2026-08-07
2292,139,file_uploaded,2026-04-11
2293,139,login,2026-03-04
2294,139,task_created,2026-05-13
2295,139,file_uploaded,2025-08-11
2296,139,file_uploaded,2026-07-28
2297,139,comment_added,2025-10-11
2298,140,report_generated,2026-07-27
2299,140,report_generated,2026-06-05
2300,140,login,2026-06-22
2301,140,login,2026-08-20
2302,140,comment_added,2026-06-13
2303,140,login,2026-06-07
2304,140,report_generated,2026-07-07
2305,140,task_created,2026-08-24
2306,140,comment_added,2026-04-26
2307,140,file_uploaded,2026-03-22
2308,140,task_created,2026-08-28
2309,140,file_uploaded,2026-05-27
2310,140,report_generated,2026-04-08
2311,140,login,2026-07-14
2312,140,file_uploaded,2026-08-20
2313,140,task_created,2026-04-29
2314,140,task_created,2026-03-21
2315,140,comment_added,2026-03-18
2316,140,file_uploaded,2026-05-12
2317,140,login,2026-06-19
2318,140,report_generated,2026-07-28
2319,140,comment_added,2026-07-17
2320,140,login,2026-07-05
2321,140,report_generated,2026-03-21
2322,140,report_generated,2026-03-26
2323,140,file_uploaded,2026-03-22
2324,140,task_created,2026-04-11
2325,140,comment_added,2026-08-26
2326,140,comment_added,2026-07-07
2327,140,comment_added,2026-04-19
2328,140,login,2026-05-10
2329,140,task_created,2026-03-21
2330,140,login,2026-07-15
2331,140,comment_added,2026-07-10
2332,140,task_created,2026-03-23
2333,140,task_created,2026-08-25
2334,140,task_created,2026-03-15
2335,140,login,2026-08-20
2336,140,login,2026-05-29
2337,140,comment_added,2026-07-06
2338,140,comment_added,2026-04-24
2339,140,login,2026-03-28
2340,140,file_uploaded,2026-04-10
2341,140,comment_added,2026-08-11
2342,140,login,2026-05-07
2343,140,file_uploaded,2026-05-02
2344,140,file_uploaded,2026-06-06
2345,140,login,2026-06-03
2346,140,comment_added,2026-08-06
2347,140,report_generated,2026-04-16
2348,140,login,2026-05-05
2349,140,task_created,2026-08-10
2350,141,login,2025-11-02
2351,141,report_generated,2025-07-15
2352,141,file_uploaded,2025-07-26
2353,141,report_generated,2025-08-09
2354,141,task_created,2026-02-22
2355,141,task_created,2025-12-25
2356,142,task_created,2025-04-05
2357,142,comment_added,2025-06-05
2358,142,task_created,2026-03-15
2359,142,file_uploaded,2025-03-11
2360,142,login,2025-05-16
2361,142,task_created,2025-03-02
2362,142,comment_added,2025-05-25
2363,142,file_uploaded,2025-12-10
2364,142,task_created,2026-06-25
2365,142,task_created,2025-09-22
2366,143,comment_added,2026-06-04
2367,143,file_uploaded,2026-07-20
2368,143,task_created,2026-05-27
2369,143,login,2026-08-30
2370,143,task_created,2026-08-26
2371,143,comment_added,2026-08-01
2372,143,report_generated,2026-04-18
2373,143,file_uploaded,2026-06-24
2374,143,comment_added,2026-03-28
2375,143,task_created,2026-05-26
2376,143,comment_added,2026-04-26
2377,143,comment_added,2026-04-20
2378,143,comment_added,2026-06-27
2379,143,task_created,2026-08-03
2380,143,task_created,2026-07-23
2381,143,login,2026-06-05
2382,143,login,2026-05-15
2383,143,file_uploaded,2026-05-04
2384,143,task_created,2026-08-01
2385,143,login,2026-05-06
2386,143,report_generated,2026-04-09
2387,143,task_created,2026-06-07
2388,143,report_generated,2026-07-16
2389,143,comment_added,2026-06-20
2390,143,login,2026-07-21
2391,143,login,2026-04-22
2392,143,task_created,2026-08-11
2393,143,login,2026-05-06
2394,143,comment_added,2026-07-29
2395,143,login,2026-04-25
2396,143,file_uploaded,2026-05-26
2397,143,comment_added,2026-08-25
2398,143,file_uploaded,2026-06-18
2399,143,report_generated,2026-05-16
2400,143,login,2026-05-24
2401,143,task_created,2026-06-18
2402,143,task_created,2026-04-21
2403,143,task_created,2026-07-10
2404,143,task_created,2026-07-01
2405,143,file_uploaded,2026-04-14
2406,143,file_uploaded,2026-08-23
2407,143,file_uploaded,2026-04-09
2408,143,task_created,2026-05-03
2409,144,file_uploaded,2026-08-15
2410,144,file_uploaded,2026-01-06
2411,144,task_created,2026-04-16
2412,144,task_created,2026-05-29
2413,144,report_generated,2026-08-26
2414,144,task_created,2026-02-22
2415,144,task_created,2026-03-27
2416,144,comment_added,2025-10-23
2417,144,report_generated,2025-11-06
2418,144,login,2025-12-15
2419,144,file_uploaded,2026-06-02
2420,144,task_created,2026-05-09
2421,145,task_created,2025-08-30
2422,145,comment_added,2025-07-12
2423,145,comment_added,2025-02-20
2424,145,comment_added,2025-03-06
2425,145,task_created,2026-04-02
2426,145,file_uploaded,2024-12-10
2427,146,file_uploaded,2026-08-09
2428,146,comment_added,2025-09-30
2429,146,file_uploaded,2026-06-20
2430,146,login,2025-12-03
2431,146,task_created,2026-05-05
2432,146,report_generated,2025-11-01
2433,147,comment_added,2026-08-16
2434,147,comment_added,2026-07-20
2435,147,comment_added,2026-07-11
2436,147,file_uploaded,2026-06-22
2437,147,login,2026-06-27
2438,147,comment_added,2026-08-21
2439,147,file_uploaded,2026-06-26
2440,147,file_uploaded,2026-08-28
2441,147,login,2026-08-22
2442,147,file_uploaded,2026-08-18
2443,147,login,2026-07-22
2444,147,login,2026-09-01
2445,147,task_created,2026-08-13
2446,147,report_generated,2026-07-08
2447,147,task_created,2026-07-29
2448,147,login,2026-07-03
2449,147,report_generated,2026-08-22
2450,147,file_uploaded,2026-07-12
2451,148,comment_added,2026-08-15
2452,148,file_uploaded,2025-11-08
2453,148,task_created,2026-06-21
2454,148,task_created,2026-05-22
2455,148,file_uploaded,2026-05-04
2456,148,login,2025-10-27
2457,148,report_generated,2026-05-12
2458,148,login,2026-07-25
2459,148,file_uploaded,2026-03-27
2460,148,comment_added,2026-03-14
2461,148,comment_added,2026-07-31
2462,148,login,2026-02-10
2463,148,login,2026-04-16
2464,148,report_generated,2026-07-17
2465,148,login,2025-11-22
2466,148,report_generated,2026-05-11
2467,148,comment_added,2026-06-22
2468,148,report_generated,2025-11-16
2469,148,task_created,2026-05-02
2470,148,login,2026-08-09
2471,148,task_created,2026-08-10
2472,148,report_generated,2026-01-05
2473,148,comment_added,2026-02-26
2474,148,file_uploaded,2025-12-24
2475,148,task_created,2026-08-20
2476,148,report_generated,2026-02-19
2477,148,report_generated,2026-04-25
2478,148,file_uploaded,2026-07-11
2479,148,login,2026-03-17
2480,148,report_generated,2025-11-28
2481,148,file_uploaded,2026-04-21
2482,148,comment_added,2026-07-02
2483,148,login,2026-07-23
2484,149,comment_added,2026-02-08
2485,149,comment_added,2026-05-26
2486,149,file_uploaded,2025-11-09
2487,149,report_generated,2026-04-26
2488,149,login,2026-07-27
2489,149,file_uploaded,2025-09-17
2490,149,login,2025-07-27
2491,149,task_created,2025-12-30
2492,149,login,2025-11-07
2493,149,task_created,2025-08-07
2494,150,login,2026-05-28
2495,150,file_uploaded,2026-04-25
2496,150,task_created,2026-04-26
2497,150,login,2026-07-30
2498,150,file_uploaded,2026-06-02
2499,150,task_created,2026-08-04
2500,151,report_generated,2026-08-29
2501,151,file_uploaded,2026-08-28
2502,151,login,2026-09-02
2503,151,task_created,2026-08-26
2504,151,login,2026-08-23
2505,151,comment_added,2026-08-25
2506,151,report_generated,2026-09-01
2507,151,comment_added,2026-08-28
2508,151,report_generated,2026-08-27
2509,151,comment_added,2026-08-29
2510,151,comment_added,2026-09-01
2511,151,file_uploaded,2026-08-30
2512,151,report_generated,2026-08-29
2513,151,task_created,2026-08-31
2514,151,task_created,2026-08-26
2515,151,task_created,2026-08-26
2516,151,report_generated,2026-08-29
2517,151,login,2026-08-26
2518,151,report_generated,2026-08-24
2519,151,file_uploaded,2026-08-26
2520,151,comment_added,2026-08-24
2521,151,comment_added,2026-08-24
2522,151,task_created,2026-08-26
2523,151,task_created,2026-08-24
2524,151,task_created,2026-08-24
2525,151,login,2026-08-23
2526,151,comment_added,2026-08-27
2527,151,file_uploaded,2026-08-24
2528,151,report_generated,2026-08-26
2529,151,task_created,2026-08-24
2530,151,login,2026-08-30
2531,151,report_generated,2026-09-01
2532,151,task_created,2026-08-27
2533,151,file_uploaded,2026-08-27
2534,151,task_created,2026-08-30
2535,151,report_generated,2026-08-30
2536,151,login,2026-08-23
2537,151,file_uploaded,2026-08-28
2538,151,file_uploaded,2026-08-24
2539,151,task_created,2026-08-27
2540,151,comment_added,2026-08-22
2541,151,report_generated,2026-08-30
2542,151,report_generated,2026-09-01
2543,151,report_generated,2026-08-29
2544,151,task_created,2026-08-31
2545,151,file_uploaded,2026-08-31
2546,151,login,2026-08-27
2547,151,file_uploaded,2026-09-02
2548,151,task_created,2026-08-22
2549,151,comment_added,2026-09-01
2550,151,report_generated,2026-08-23
2551,151,file_uploaded,2026-08-22
2552,151,task_created,2026-08-31
2553,151,report_generated,2026-08-29
2554,151,report_generated,2026-08-23
2555,151,comment_added,2026-08-22
2556,152,task_created,2026-07-16
2557,152,comment_added,2026-05-18
2558,152,report_generated,2025-05-13
2559,152,login,2025-04-16
2560,152,comment_added,2024-12-22
2561,152,login,2025-12-28
2562,152,file_uploaded,2026-03-06
2563,152,file_uploaded,2025-04-15
2564,152,comment_added,2025-08-19
2565,152,comment_added,2026-06-09
2566,152,report_generated,2024-11-24
2567,152,task_created,2025-11-09
2568,152,report_generated,2025-12-09
2569,152,report_generated,2025-10-28
2570,152,report_generated,2024-10-10
2571,152,report_generated,2025-09-16
2572,153,file_uploaded,2025-07-15
2573,153,login,2026-03-31
2574,153,file_uploaded,2025-04-11
2575,153,file_uploaded,2025-11-02
2576,153,task_created,2025-06-25
2577,153,file_uploaded,2025-11-11
2578,153,comment_added,2025-01-23
2579,153,login,2026-05-08
2580,153,task_created,2025-01-28
2581,153,file_uploaded,2025-07-10
2582,153,report_generated,2026-02-22
2583,153,comment_added,2024-11-09
2584,153,login,2025-09-22
2585,153,file_uploaded,2024-09-09
2586,153,report_generated,2026-06-19
2587,153,task_created,2025-11-01
2588,153,file_uploaded,2026-03-26
2589,153,comment_added,2026-08-31
2590,153,task_created,2025-01-21
2591,153,file_uploaded,2025-03-12
2592,153,comment_added,2025-06-26
2593,153,login,2026-01-18
2594,153,comment_added,2025-07-09
2595,154,file_uploaded,2026-04-16
2596,154,file_uploaded,2026-06-21
2597,154,login,2026-03-27
2598,154,login,2026-08-19
2599,154,report_generated,2026-03-09
2600,154,file_uploaded,2026-04-15
2601,154,report_generated,2026-03-01
2602,155,task_created,2026-08-09
2603,155,task_created,2026-08-14
2604,155,login,2026-07-15
2605,155,report_generated,2026-08-31
2606,155,login,2026-08-14
2607,155,report_generated,2026-08-21
2608,155,file_uploaded,2026-08-20
2609,155,file_uploaded,2026-08-19
2610,155,file_uploaded,2026-07-30
2611,155,login,2026-08-27
2612,155,comment_added,2026-08-06
2613,155,comment_added,2026-08-29
2614,155,report_generated,2026-07-15
2615,155,comment_added,2026-07-24
2616,155,task_created,2026-07-17
2617,155,file_uploaded,2026-08-03
2618,155,task_created,2026-08-27
2619,155,task_created,2026-08-05
2620,155,report_generated,2026-07-17
2621,155,file_uploaded,2026-08-06
2622,155,report_generated,2026-08-23
2623,155,report_generated,2026-07-17
2624,155,comment_added,2026-08-01
2625,155,login,2026-08-23
2626,155,task_created,2026-08-15
2627,156,login,2026-05-30
2628,156,comment_added,2026-05-26
2629,156,report_generated,2026-07-05
2630,156,report_generated,2026-06-30
2631,156,login,2026-07-15
2632,156,comment_added,2026-08-28
2633,156,task_created,2026-07-13
2634,156,task_created,2026-04-17
2635,156,report_generated,2026-08-24
2636,156,file_uploaded,2026-07-18
2637,157,report_generated,2026-06-28
2638,157,task_created,2026-09-01
2639,157,task_created,2026-05-20
2640,157,comment_added,2026-05-26
2641,157,task_created,2026-06-04
2642,157,comment_added,2026-08-16
2643,157,comment_added,2026-07-24
2644,157,comment_added,2026-08-23
2645,157,comment_added,2026-08-06
2646,157,login,2026-08-04
2647,157,file_uploaded,2026-06-29
2648,157,login,2026-09-01
2649,157,task_created,2026-05-21
2650,157,login,2026-09-02
2651,157,report_generated,2026-07-07
2652,157,report_generated,2026-06-15
2653,157,file_uploaded,2026-05-24
2654,157,comment_added,2026-08-28
2655,157,report_generated,2026-07-12
2656,157,report_generated,2026-05-29
2657,157,login,2026-05-10
2658,157,task_created,2026-06-04
2659,157,task_created,2026-08-24
2660,158,task_created,2026-07-27
2661,158,task_created,2026-04-20
2662,158,task_created,2026-03-26
2663,158,file_uploaded,2026-02-21
2664,158,login,2026-07-27
2665,158,login,2026-02-20
2666,159,file_uploaded,2026-07-14
2667,159,file_uploaded,2026-07-09
2668,159,task_created,2026-01-07
2669,159,login,2026-01-24
2670,159,comment_added,2026-07-19
2671,159,login,2026-05-28
2672,159,login,2026-04-27
2673,159,report_generated,2026-08-17
2674,159,login,2026-01-08
2675,159,login,2026-03-15
2676,159,login,2026-07-09
2677,160,comment_added,2026-08-01
2678,160,comment_added,2026-08-07
2679,160,task_created,2026-08-06
2680,160,login,2026-08-16
2681,160,task_created,2026-07-30
2682,160,comment_added,2026-08-11
2683,160,report_generated,2026-08-16
2684,160,comment_added,2026-08-04
2685,160,task_created,2026-09-02
2686,160,comment_added,2026-08-26
2687,160,login,2026-07-29
2688,161,comment_added,2026-08-27
2689,161,login,2026-07-29
2690,161,task_created,2026-03-31
2691,161,task_created,2026-07-05
2692,161,task_created,2025-11-25
2693,161,comment_added,2026-07-25
2694,161,login,2025-07-06
2695,161,comment_added,2025-10-21
2696,161,file_uploaded,2026-07-01
2697,161,comment_added,2026-01-07
2698,161,file_uploaded,2025-10-06
2699,162,login,2026-08-20
2700,162,report_generated,2025-04-03
2701,162,file_uploaded,2025-10-23
2702,163,comment_added,2026-08-23
2703,163,file_uploaded,2026-08-23
2704,163,report_generated,2026-08-21
2705,163,file_uploaded,2026-08-21
2706,163,comment_added,2026-08-21
2707,163,file_uploaded,2026-08-22
2708,163,report_generated,2026-09-01
2709,163,report_generated,2026-08-31
2710,163,login,2026-08-28
2711,163,report_generated,2026-08-21
2712,163,login,2026-08-27
2713,163,report_generated,2026-08-26
2714,163,comment_added,2026-08-27
2715,163,report_generated,2026-08-31
2716,163,file_uploaded,2026-08-30
2717,164,comment_added,2026-03-01
2718,164,report_generated,2026-04-17
2719,164,file_uploaded,2026-08-09
2720,164,login,2026-02-20
2721,164,file_uploaded,2026-08-20
2722,164,report_generated,2026-08-31
2723,164,login,2026-02-17
2724,164,file_uploaded,2026-06-24
2725,164,login,2026-06-24
2726,164,file_uploaded,2026-04-14
2727,164,login,2026-05-16
2728,164,task_created,2026-02-02
2729,164,file_uploaded,2026-04-14
2730,164,comment_added,2026-06-29
2731,164,task_created,2026-01-29
2732,164,report_generated,2026-01-19
2733,164,report_generated,2026-02-22
2734,164,comment_added,2026-02-23
2735,164,file_uploaded,2026-08-07
2736,164,task_created,2026-02-03
2737,164,file_uploaded,2026-08-05
2738,164,file_uploaded,2026-07-07
2739,164,comment_added,2026-03-15
2740,164,report_generated,2026-06-03
2741,164,file_uploaded,2026-07-15
2742,164,file_uploaded,2026-04-04
2743,164,comment_added,2026-06-22
2744,164,file_uploaded,2026-04-16
2745,164,report_generated,2026-05-13
2746,164,file_uploaded,2026-02-09
2747,164,login,2026-01-30
2748,164,file_uploaded,2026-03-08
2749,165,task_created,2026-04-14
2750,165,task_created,2026-06-20
2751,165,login,2025-08-18
2752,165,login,2026-08-15
2753,165,file_uploaded,2025-09-06
2754,165,login,2026-07-16
2755,166,file_uploaded,2025-12-27
2756,166,report_generated,2026-08-02
2757,166,report_generated,2025-12-14
2758,166,comment_added,2026-08-11
2759,166,login,2025-11-15
2760,167,comment_added,2026-07-12
2761,167,file_uploaded,2026-04-17
2762,167,report_generated,2025-11-19
2763,167,file_uploaded,2026-07-12
2764,167,comment_added,2026-04-16
2765,167,comment_added,2025-12-19
2766,167,comment_added,2026-01-30
2767,167,login,2026-05-14
2768,167,file_uploaded,2025-08-24
2769,167,file_uploaded,2025-10-07
2770,167,report_generated,2026-03-26
2771,167,file_uploaded,2026-02-16
2772,167,login,2026-03-31
2773,167,task_created,2025-08-24
2774,167,report_generated,2026-05-20
2775,167,task_created,2026-08-04
2776,167,file_uploaded,2026-04-16
2777,167,report_generated,2025-10-15
2778,168,file_uploaded,2026-04-18
2779,168,login,2025-12-22
2780,168,file_uploaded,2026-02-02
2781,168,comment_added,2026-03-20
2782,168,comment_added,2026-04-02
2783,168,file_uploaded,2026-02-03
2784,168,comment_added,2025-12-16
2785,168,task_created,2026-06-28
2786,168,login,2026-01-01
2787,168,report_generated,2025-11-03
2788,168,comment_added,2025-12-26
2789,168,file_uploaded,2026-08-27
2790,169,report_generated,2026-08-19
2791,169,report_generated,2026-07-08
2792,169,login,2026-06-09
2793,169,login,2026-08-16
2794,169,report_generated,2026-06-18
2795,169,comment_added,2026-07-16
2796,169,report_generated,2026-06-05
2797,169,login,2026-07-20
2798,169,report_generated,2026-07-26
2799,169,file_uploaded,2026-07-17
2800,169,login,2026-07-16
2801,169,task_created,2026-08-25
2802,169,task_created,2026-07-03
2803,169,report_generated,2026-08-23
2804,169,login,2026-08-16
2805,169,login,2026-08-29
2806,169,login,2026-07-11
2807,169,task_created,2026-07-15
2808,169,comment_added,2026-06-04
2809,169,login,2026-07-13
2810,169,file_uploaded,2026-07-30
2811,169,comment_added,2026-08-13
2812,169,report_generated,2026-07-25
2813,169,file_uploaded,2026-06-04
2814,169,login,2026-08-16
2815,169,file_uploaded,2026-07-12
2816,169,file_uploaded,2026-08-14
2817,169,comment_added,2026-07-13
2818,169,file_uploaded,2026-06-14
2819,169,task_created,2026-06-14
2820,169,file_uploaded,2026-07-15
2821,169,report_generated,2026-08-05
2822,169,comment_added,2026-06-23
2823,169,report_generated,2026-07-10
2824,169,task_created,2026-07-27
2825,169,login,2026-08-04
2826,169,task_created,2026-08-09
2827,169,report_generated,2026-07-08
2828,170,report_generated,2025-02-20
2829,170,file_uploaded,2026-08-13
2830,170,comment_added,2025-08-22
2831,170,comment_added,2025-04-07
2832,171,comment_added,2025-10-29
2833,171,report_generated,2026-03-02
2834,171,comment_added,2025-10-15
2835,171,file_uploaded,2026-06-09
2836,171,task_created,2026-04-17
2837,171,login,2026-03-07
2838,171,report_generated,2026-08-10
2839,171,report_generated,2026-05-27
2840,171,comment_added,2026-04-20
2841,171,task_created,2026-02-18
2842,171,file_uploaded,2026-04-11
2843,171,comment_added,2026-01-17
2844,172,file_uploaded,2026-07-07
2845,173,comment_added,2026-07-02
2846,173,login,2026-02-27
2847,173,comment_added,2026-06-21
2848,173,task_created,2026-08-20
2849,174,file_uploaded,2026-06-16
2850,174,file_uploaded,2026-03-15
2851,174,comment_added,2026-03-29
2852,174,comment_added,2026-08-15
2853,174,file_uploaded,2026-08-26
2854,174,login,2026-06-13
2855,174,task_created,2026-06-02
2856,174,file_uploaded,2026-04-23
2857,174,task_created,2026-02-26
2858,174,report_generated,2026-02-27
2859,174,file_uploaded,2026-08-24
2860,174,report_generated,2026-05-05
2861,174,login,2026-08-28
2862,174,task_created,2026-07-01
2863,174,file_uploaded,2026-08-24
2864,174,report_generated,2026-03-29
2865,174,task_created,2026-07-04
2866,175,comment_added,2025-11-14
2867,175,file_uploaded,2025-11-03
2868,175,login,2025-11-05
2869,175,task_created,2025-09-20
2870,175,task_created,2025-07-20
2871,175,report_generated,2026-08-18
2872,175,file_uploaded,2026-02-28
2873,175,file_uploaded,2026-04-18
2874,175,login,2026-02-07
2875,175,task_created,2025-10-17
2876,175,task_created,2025-11-22
2877,175,report_generated,2025-07-20
2878,175,report_generated,2026-08-14
2879,175,comment_added,2026-06-08
2880,175,login,2025-10-04
2881,176,login,2026-04-07
2882,176,login,2025-01-21
2883,176,comment_added,2025-10-13
2884,176,login,2025-09-27
2885,176,report_generated,2026-01-16
2886,177,login,2026-08-10
2887,177,task_created,2026-03-23
2888,177,login,2025-12-30
2889,177,comment_added,2026-06-20
2890,177,comment_added,2025-11-01
2891,177,comment_added,2026-08-07
2892,177,report_generated,2026-05-27
2893,177,login,2026-05-13
2894,177,comment_added,2025-12-31
2895,177,report_generated,2025-11-02
2896,177,comment_added,2026-02-16
2897,177,task_created,2026-03-19
2898,177,task_created,2026-04-05
2899,177,login,2025-11-13
2900,177,task_created,2025-11-29
2901,177,file_uploaded,2026-01-19
2902,177,report_generated,2026-03-29
2903,177,login,2026-06-29
2904,177,comment_added,2026-05-10
2905,177,login,2026-03-11
2906,177,comment_added,2026-02-10
2907,177,file_uploaded,2026-04-05
2908,177,task_created,2026-08-16
2909,177,task_created,2026-01-21
2910,177,file_uploaded,2026-03-05
2911,177,report_generated,2026-09-02
2912,177,login,2026-02-05
2913,177,comment_added,2026-07-28
2914,178,login,2024-10-12
2915,178,task_created,2026-08-15
2916,178,comment_added,2025-05-24
2917,178,report_generated,2025-10-05
2918,178,report_generated,2026-06-23
2919,178,login,2026-08-09
2920,178,task_created,2026-03-08
2921,178,file_uploaded,2025-12-04
2922,178,file_uploaded,2024-09-15
2923,178,report_generated,2025-05-26
2924,178,task_created,2024-12-08
2925,178,task_created,2025-07-08
2926,178,file_uploaded,2025-02-18
2927,178,report_generated,2026-06-15
2928,178,file_uploaded,2026-06-28
2929,178,report_generated,2024-10-11
2930,178,file_uploaded,2024-11-28
2931,178,file_uploaded,2026-01-02
2932,178,file_uploaded,2025-08-13
2933,178,task_created,2024-12-18
2934,178,report_generated,2026-08-23
2935,178,login,2026-02-07
2936,178,file_uploaded,2025-09-02
2937,178,comment_added,2026-05-16
2938,178,file_uploaded,2025-08-07
2939,178,login,2026-08-19
2940,178,task_created,2024-10-30
2941,178,file_uploaded,2026-06-14
2942,178,task_created,2026-06-25
2943,178,file_uploaded,2024-09-10
2944,178,report_generated,2025-03-30
2945,179,comment_added,2026-08-19
2946,179,login,2026-08-04
2947,179,task_created,2026-08-09
2948,179,task_created,2026-09-01
2949,179,report_generated,2026-08-25
2950,179,file_uploaded,2026-08-27
2951,179,report_generated,2026-08-07
2952,179,comment_added,2026-08-10
2953,179,report_generated,2026-08-19
2954,179,login,2026-08-11
2955,179,report_generated,2026-08-25
2956,179,file_uploaded,2026-08-10
2957,179,comment_added,2026-08-23
2958,179,login,2026-08-13
2959,179,comment_added,2026-07-31
2960,179,login,2026-08-13
2961,179,task_created,2026-08-28
2962,179,task_created,2026-08-15
2963,179,file_uploaded,2026-08-02
2964,179,comment_added,2026-08-26
2965,179,task_created,2026-08-15
2966,179,report_generated,2026-08-04
2967,179,comment_added,2026-08-09
2968,179,login,2026-08-06
2969,179,file_uploaded,2026-09-01
2970,180,file_uploaded,2026-06-05
2971,180,task_created,2025-12-15
2972,181,task_created,2026-05-27
2973,181,report_generated,2026-06-12
2974,181,file_uploaded,2026-08-09
2975,181,file_uploaded,2026-05-08
2976,182,comment_added,2026-05-28
2977,182,report_generated,2026-05-31
2978,182,file_uploaded,2026-05-24
2979,182,file_uploaded,2026-05-22
2980,182,login,2026-05-13
2981,182,report_generated,2026-06-19
2982,182,comment_added,2026-06-05
2983,182,task_created,2026-07-30
2984,182,comment_added,2026-07-09
2985,182,login,2026-08-01
2986,182,file_uploaded,2026-04-08
2987,182,report_generated,2026-05-10
2988,182,task_created,2026-07-16
2989,182,file_uploaded,2026-07-13
2990,182,login,2026-06-10
2991,183,comment_added,2025-05-26
2992,183,login,2025-04-19
2993,183,task_created,2026-01-24
2994,183,report_generated,2026-06-15
2995,183,login,2025-04-05
2996,183,comment_added,2025-11-04
2997,183,report_generated,2026-03-15
2998,184,report_generated,2025-11-25
2999,184,comment_added,2025-07-13
3000,184,comment_added,2025-05-28
3001,184,report_generated,2025-08-06
3002,184,comment_added,2025-08-01
3003,184,report_generated,2026-01-14
3004,184,file_uploaded,2026-07-30
3005,185,login,2025-07-31
3006,185,comment_added,2026-02-05
3007,185,task_created,2026-06-04
3008,186,login,2026-04-09
3009,186,login,2026-05-06
3010,186,file_uploaded,2026-01-31
3011,186,report_generated,2026-04-19
3012,186,report_generated,2026-07-05
3013,187,comment_added,2026-08-26
3014,187,comment_added,2026-08-26
3015,188,file_uploaded,2026-01-25
3016,188,report_generated,2025-11-10
3017,188,file_uploaded,2026-08-30
3018,188,comment_added,2025-11-03
3019,189,login,2026-07-05
3020,189,task_created,2026-02-26
3021,189,task_created,2025-12-19
3022,189,login,2026-02-23
3023,189,report_generated,2026-07-20
3024,189,file_uploaded,2026-02-13
3025,189,login,2026-07-03
3026,189,login,2026-08-02
3027,189,report_generated,2026-07-06
3028,190,comment_added,2026-07-26
3029,190,file_uploaded,2026-05-30
3030,190,login,2026-06-01
3031,190,task_created,2026-08-30
3032,190,report_generated,2026-02-26
3033,190,task_created,2026-02-18
3034,190,task_created,2026-04-08
3035,190,task_created,2026-08-27
3036,190,comment_added,2026-08-05
3037,190,report_generated,2026-08-24
3038,190,comment_added,2026-06-19
3039,190,comment_added,2026-03-21
3040,190,comment_added,2026-01-27
3041,190,comment_added,2026-08-10
3042,190,file_uploaded,2026-03-13
3043,190,task_created,2026-02-14
3044,190,file_uploaded,2026-08-10
3045,190,login,2026-07-18
3046,190,login,2026-04-20
3047,190,login,2026-04-08
3048,190,report_generated,2026-05-06
3049,190,login,2026-06-26
3050,190,report_generated,2026-08-28
3051,190,login,2026-03-06
3052,190,file_uploaded,2026-02-15
3053,190,file_uploaded,2026-08-26
3054,190,report_generated,2026-05-22
3055,190,login,2026-06-27
3056,190,login,2026-04-20
3057,190,comment_added,2026-07-12
3058,190,report_generated,2026-05-21
3059,190,comment_added,2026-08-01
3060,190,task_created,2026-02-28
3061,190,report_generated,2026-02-07
3062,190,login,2026-04-18
3063,190,login,2026-08-04
3064,190,comment_added,2026-06-15
3065,190,login,2026-05-03
3066,190,report_generated,2026-05-08
3067,190,task_created,2026-03-12
3068,190,file_uploaded,2026-08-11
3069,190,login,2026-02-17
3070,191,task_created,2025-05-30
3071,191,file_uploaded,2025-11-30
3072,191,task_created,2025-08-16
3073,191,report_generated,2025-03-01
3074,191,file_uploaded,2026-03-15
3075,191,comment_added,2025-09-11
3076,192,report_generated,2025-11-26
3077,192,login,2026-08-26
3078,192,comment_added,2026-03-27
3079,192,file_uploaded,2025-12-31
3080,192,file_uploaded,2026-05-06
3081,192,report_generated,2026-05-21
3082,192,comment_added,2026-07-05
3083,192,login,2026-04-24
3084,192,report_generated,2026-04-24
3085,192,task_created,2026-07-31
3086,192,file_uploaded,2026-04-30
3087,192,login,2025-11-06
3088,192,report_generated,2026-06-09
3089,192,task_created,2026-05-15
3090,192,task_created,2026-08-17
3091,192,comment_added,2026-05-31
3092,192,comment_added,2026-08-08
3093,193,report_generated,2025-09-21
3094,193,file_uploaded,2026-04-06
3095,193,file_uploaded,2025-09-19
3096,193,task_created,2026-01-10
3097,193,report_generated,2025-10-14
3098,193,comment_added,2025-12-15
3099,193,report_generated,2026-03-16
3100,193,login,2026-05-28
3101,193,login,2026-05-19
3102,193,comment_added,2025-09-02
3103,193,comment_added,2025-10-04
3104,193,file_uploaded,2026-03-15
3105,193,file_uploaded,2025-09-27
3106,193,comment_added,2026-07-14
3107,193,report_generated,2025-12-17
3108,193,comment_added,2025-12-18
3109,193,comment_added,2025-09-20
3110,193,login,2025-08-18
3111,193,file_uploaded,2026-08-24
3112,193,task_created,2025-11-09
3113,193,login,2026-02-27
3114,193,file_uploaded,2025-09-21
3115,193,report_generated,2026-08-05
3116,193,comment_added,2026-01-17
3117,193,file_uploaded,2026-08-15
3118,193,file_uploaded,2026-09-01
3119,193,report_generated,2026-06-25
3120,193,task_created,2026-01-31
3121,194,task_created,2025-06-16
3122,194,comment_added,2025-01-31
3123,194,login,2025-08-04
3124,194,comment_added,2026-01-30
3125,194,login,2024-11-30
3126,194,login,2025-12-21
3127,194,task_created,2024-11-25
3128,194,file_uploaded,2026-03-15
3129,194,comment_added,2025-12-31
3130,194,report_generated,2026-03-25
3131,194,comment_added,2026-08-07
3132,194,file_uploaded,2025-11-16
3133,194,login,2025-09-17
3134,194,task_created,2025-03-20
3135,194,task_created,2024-11-26
3136,194,login,2025-03-06
3137,194,login,2025-05-23
3138,194,file_uploaded,2025-06-14
3139,194,task_created,2025-04-09
3140,194,comment_added,2026-02-01
3141,194,login,2025-05-26
3142,194,file_uploaded,2025-09-16
3143,194,file_uploaded,2025-04-12
3144,194,login,2026-01-18
3145,194,task_created,2025-03-11
3146,194,file_uploaded,2025-04-17
3147,194,file_uploaded,2026-03-23
3148,194,file_uploaded,2024-12-02
3149,195,task_created,2025-11-25
3150,195,comment_added,2026-01-17
3151,195,login,2026-04-27
3152,195,login,2026-02-26
3153,195,file_uploaded,2025-07-05
3154,195,file_uploaded,2026-05-21
3155,195,login,2026-01-13
3156,195,file_uploaded,2026-08-03
3157,195,comment_added,2026-08-01
3158,195,task_created,2026-08-03
3159,195,comment_added,2025-05-23
3160,195,file_uploaded,2025-04-10
3161,195,comment_added,2026-02-08
3162,195,report_generated,2025-05-26
3163,195,file_uploaded,2026-05-23
3164,195,file_uploaded,2025-07-19
3165,195,file_uploaded,2026-03-12
3166,195,login,2026-06-11
3167,195,report_generated,2025-09-03
3168,195,file_uploaded,2025-10-04
3169,195,file_uploaded,2026-03-09
3170,195,comment_added,2025-11-14
3171,195,comment_added,2025-11-01
3172,195,comment_added,2026-03-04
3173,195,task_created,2026-07-14
3174,195,file_uploaded,2026-01-16
3175,195,report_generated,2026-05-22
3176,195,task_created,2026-07-18
3177,195,report_generated,2025-10-20
3178,196,login,2026-07-20
3179,196,file_uploaded,2026-07-08
3180,196,task_created,2025-10-06
3181,196,task_created,2025-11-11
3182,196,file_uploaded,2026-06-07
3183,196,file_uploaded,2025-09-21
3184,197,report_generated,2026-08-24
3185,197,task_created,2025-12-02
3186,197,login,2025-05-24
3187,197,report_generated,2026-04-08
3188,197,task_created,2026-04-06
3189,197,comment_added,2025-10-01
3190,197,login,2025-05-08
3191,198,file_uploaded,2025-10-09
3192,198,comment_added,2025-06-17
3193,198,login,2025-08-14
3194,198,task_created,2026-02-01
3195,198,report_generated,2025-12-25
3196,198,report_generated,2025-10-11
3197,198,login,2026-05-18
3198,199,report_generated,2026-05-22
3199,199,comment_added,2025-04-01
3200,199,login,2026-07-09
3201,199,file_uploaded,2024-12-19
3202,199,login,2026-02-09
3203,199,comment_added,2025-02-14
3204,199,login,2026-07-15
3205,199,login,2026-05-27
3206,199,login,2026-04-01
3207,199,login,2025-04-18
3208,199,report_generated,2025-05-27
3209,199,report_generated,2025-04-07
3210,199,comment_added,2026-01-24
3211,199,login,2026-03-23
3212,199,report_generated,2025-04-04
3213,199,task_created,2025-10-06
3214,199,task_created,2025-03-03
3215,199,file_uploaded,2026-01-21
3216,199,task_created,2024-11-04
3217,199,report_generated,2026-02-26
3218,199,comment_added,2025-08-18
3219,199,login,2025-04-22
3220,199,report_generated,2025-07-28
3221,199,report_generated,2025-12-27
3222,199,task_created,2026-08-04
3223,199,comment_added,2025-04-02
3224,199,task_created,2026-01-03
3225,199,file_uploaded,2025-03-19
3226,199,file_uploaded,2025-12-26
3227,199,comment_added,2026-02-10
3228,199,login,2025-11-03
3229,199,task_created,2026-01-25
3230,199,comment_added,2024-11-08
3231,199,login,2025-01-08
3232,199,report_generated,2025-10-10
3233,199,task_created,2025-12-14
3234,199,login,2026-01-16
3235,199,login,2025-12-05
3236,199,task_created,2026-08-16
3237,199,login,2026-06-09
3238,199,comment_added,2026-08-06
3239,199,file_uploaded,2025-08-27
3240,199,comment_added,2025-12-14
3241,199,report_generated,2025-09-05
3242,199,login,2025-10-16
3243,199,comment_added,2025-08-11
3244,199,task_created,2026-07-16
3245,199,file_uploaded,2025-12-16
3246,199,task_created,2026-08-19
3247,199,comment_added,2026-05-09
3248,199,file_uploaded,2026-07-24
3249,199,file_uploaded,2025-10-17
3250,199,report_generated,2025-05-19
3251,199,login,2025-01-23
3252,199,report_generated,2026-05-02
3253,200,task_created,2026-02-20
3254,200,comment_added,2026-04-28
3255,200,task_created,2025-12-28
3256,200,comment_added,2025-09-21
3257,200,report_generated,2026-05-14
3258,200,report_generated,2026-04-28
3259,200,task_created,2026-08-27
3260,200,login,2025-08-16
3261,200,comment_added,2026-05-08
3262,200,task_created,2025-12-15
3263,200,file_uploaded,2026-01-07
3264,200,login,2026-04-20
3265,200,login,2026-08-14
3266,200,report_generated,2026-02-11
3267,200,comment_added,2026-06-22
3268,200,login,2026-02-02
3269,200,login,2025-08-29
3270,200,report_generated,2026-03-22
3271,200,login,2026-05-25
3272,200,report_generated,2026-03-25
3273,200,comment_added,2025-12-03
3274,200,comment_added,2026-05-21
3275,200,task_created,2026-06-05
3276,200,report_generated,2026-01-31
3277,200,comment_added,2025-12-28
3278,200,task_created,2026-07-15
3279,200,file_uploaded,2026-08-05
3280,200,task_created,2026-04-28
3281,200,report_generated,2025-09-27
3282,200,comment_added,2026-04-26
3283,200,report_generated,2025-11-11
3284,200,login,2026-03-25
3285,200,file_uploaded,2025-10-19
3286,200,login,2026-03-03
3287,200,login,2025-09-21
3288,200,task_created,2026-03-10
3289,200,task_created,2026-04-05
3290,200,login,2026-03-21
3291,200,comment_added,2026-02-10
3292,200,comment_added,2026-02-27
3293,200,comment_added,2026-05-18
3294,200,report_generated,2026-02-23
3295,200,file_uploaded,2026-05-31
3296,200,file_uploaded,2026-06-26
3297,200,file_uploaded,2026-03-18
3298,200,file_uploaded,2026-08-14
3299,200,task_created,2025-10-27
3300,200,task_created,2026-04-20
3301,200,file_uploaded,2026-04-10
3302,200,comment_added,2025-10-10
3303,200,login,2026-05-02
3304,201,file_uploaded,2026-01-11
3305,201,login,2026-05-25
3306,201,comment_added,2025-12-14
3307,201,login,2026-04-02
3308,201,file_uploaded,2026-07-30
3309,201,login,2025-11-20
3310,201,comment_added,2026-04-02
3311,201,login,2026-02-20
3312,201,task_created,2026-06-19
3313,201,report_generated,2025-11-24
3314,201,report_generated,2026-02-28
3315,201,report_generated,2026-02-27
3316,201,login,2026-05-31
3317,201,task_created,2025-12-07
3318,201,file_uploaded,2026-07-23
3319,201,report_generated,2025-10-19
3320,201,task_created,2026-02-17
3321,201,file_uploaded,2025-12-27
3322,201,login,2025-09-26
3323,201,report_generated,2026-07-02
3324,202,login,2025-09-28
3325,202,file_uploaded,2026-03-26
3326,202,report_generated,2026-06-14
3327,202,file_uploaded,2026-06-10
3328,202,file_uploaded,2026-02-13
3329,202,comment_added,2026-04-25
3330,202,task_created,2025-10-31
3331,202,file_uploaded,2026-05-10
3332,202,file_uploaded,2026-04-12
3333,202,report_generated,2025-11-09
3334,202,comment_added,2025-10-09
3335,202,comment_added,2026-07-31
3336,202,file_uploaded,2026-03-22
3337,202,file_uploaded,2025-12-22
3338,202,comment_added,2026-02-14
3339,202,file_uploaded,2025-09-17
3340,202,login,2026-01-14
3341,202,login,2025-11-17
3342,202,report_generated,2026-06-13
3343,203,login,2026-05-04
3344,203,comment_added,2026-07-28
3345,203,task_created,2025-01-02
3346,203,comment_added,2026-07-02
3347,204,login,2026-04-11
3348,204,comment_added,2026-04-07
3349,204,file_uploaded,2025-09-24
3350,204,login,2026-03-04
3351,204,comment_added,2025-08-20
3352,204,login,2025-09-20
3353,204,task_created,2025-11-07
3354,205,comment_added,2025-05-28
3355,205,login,2025-12-17
3356,205,comment_added,2026-03-19
3357,205,file_uploaded,2025-08-13
3358,205,login,2026-05-15
3359,205,login,2026-02-04
3360,205,file_uploaded,2025-09-02
3361,205,file_uploaded,2025-03-22
3362,205,comment_added,2024-10-13
3363,205,file_uploaded,2025-08-09
3364,205,login,2025-06-09
3365,205,login,2025-01-14
3366,205,task_created,2026-03-27
3367,205,task_created,2025-07-08
3368,205,report_generated,2025-03-25
3369,205,task_created,2024-12-19
3370,205,file_uploaded,2025-07-30
3371,205,task_created,2026-08-14
3372,205,comment_added,2024-11-18
3373,205,task_created,2025-08-18
3374,205,login,2024-10-16
3375,205,file_uploaded,2025-07-21
3376,205,report_generated,2024-12-29
3377,205,file_uploaded,2025-02-11
3378,205,report_generated,2025-08-16
3379,205,login,2025-10-08
3380,205,task_created,2024-11-11
3381,205,comment_added,2025-05-22
3382,205,task_created,2026-05-12
3383,205,comment_added,2026-02-05
3384,205,file_uploaded,2026-02-17
3385,206,login,2026-08-28
3386,206,login,2025-09-13
3387,206,file_uploaded,2025-10-08
3388,206,file_uploaded,2026-02-06
3389,206,file_uploaded,2025-06-01
3390,206,file_uploaded,2025-05-13
3391,206,task_created,2026-03-19
3392,206,login,2026-08-09
3393,206,comment_added,2025-09-13
3394,206,login,2026-02-23
3395,206,comment_added,2025-09-02
3396,206,task_created,2026-03-28
3397,206,comment_added,2025-10-01
3398,206,file_uploaded,2025-11-23
3399,206,comment_added,2025-06-10
3400,206,task_created,2025-08-11
3401,206,comment_added,2025-11-06
3402,206,task_created,2025-07-24
3403,206,file_uploaded,2026-01-29
3404,206,comment_added,2026-08-08
3405,206,login,2025-12-16
3406,206,file_uploaded,2025-04-29
3407,206,comment_added,2026-06-27
3408,206,task_created,2025-09-24
3409,206,login,2025-04-29
3410,206,file_uploaded,2026-08-19
3411,206,comment_added,2025-09-15
3412,206,file_uploaded,2025-09-04
3413,206,task_created,2025-10-25
3414,207,comment_added,2026-07-03
3415,207,login,2026-04-17
3416,207,comment_added,2026-03-17
3417,207,login,2026-06-28
3418,207,login,2026-04-21
3419,207,login,2026-05-16
3420,207,comment_added,2026-03-11
3421,207,file_uploaded,2026-04-16
3422,207,comment_added,2026-03-29
3423,207,report_generated,2026-06-13
3424,207,report_generated,2026-07-28
3425,207,report_generated,2026-07-16
3426,207,file_uploaded,2026-08-15
3427,207,task_created,2026-04-14
3428,207,report_generated,2026-07-23
3429,207,task_created,2026-05-02
3430,207,comment_added,2026-06-01
3431,207,login,2026-04-29
3432,207,task_created,2026-07-31
3433,207,login,2026-07-19
3434,207,file_uploaded,2026-07-09
3435,207,login,2026-02-05
3436,207,task_created,2026-07-26
3437,208,comment_added,2026-08-27
3438,208,file_uploaded,2026-09-01
3439,208,login,2026-08-06
3440,208,file_uploaded,2026-08-02
3441,208,report_generated,2026-08-08
3442,208,comment_added,2026-08-25
3443,208,file_uploaded,2026-08-23
3444,208,login,2026-08-12
3445,208,file_uploaded,2026-08-08
3446,208,task_created,2026-08-24
3447,208,login,2026-08-29
3448,208,login,2026-08-15
3449,208,report_generated,2026-08-18
3450,208,login,2026-08-13
3451,208,task_created,2026-08-20
3452,208,file_uploaded,2026-08-15
3453,208,login,2026-08-24
3454,208,file_uploaded,2026-08-18
3455,208,login,2026-08-14
3456,208,file_uploaded,2026-08-13
3457,208,report_generated,2026-08-08
3458,208,file_uploaded,2026-09-02
3459,208,comment_added,2026-08-11
3460,208,comment_added,2026-08-13
3461,208,login,2026-08-12
3462,208,login,2026-08-09
3463,208,report_generated,2026-08-09
3464,208,comment_added,2026-08-15
3465,208,task_created,2026-08-18
3466,208,comment_added,2026-08-02
3467,209,comment_added,2025-10-25
3468,209,login,2026-05-19
3469,209,login,2026-04-22
3470,209,file_uploaded,2026-01-05
3471,210,file_uploaded,2026-08-23
3472,210,login,2025-11-04
3473,210,comment_added,2026-05-31
3474,210,file_uploaded,2026-02-10
3475,210,comment_added,2025-12-19
3476,210,login,2026-07-10
3477,210,task_created,2026-06-21
3478,210,report_generated,2025-07-11
3479,210,comment_added,2026-01-18
3480,211,report_generated,2026-05-19
3481,211,file_uploaded,2025-10-04
3482,211,report_generated,2026-01-09
3483,211,comment_added,2025-11-12
3484,211,task_created,2025-10-14
3485,211,login,2026-05-06
3486,212,task_created,2026-08-13
3487,212,report_generated,2026-08-08
3488,212,login,2026-08-17
3489,213,login,2026-05-30
3490,213,file_uploaded,2025-07-28
3491,213,login,2026-02-20
3492,213,report_generated,2026-05-13
3493,213,task_created,2025-11-19
3494,213,file_uploaded,2025-09-07
3495,213,report_generated,2025-11-13
3496,213,report_generated,2025-08-10
3497,213,task_created,2026-04-06
3498,213,comment_added,2025-08-20
3499,213,file_uploaded,2026-05-27
3500,213,login,2026-08-09
3501,213,file_uploaded,2026-05-30
3502,213,login,2026-05-06
3503,213,login,2025-08-26
3504,213,file_uploaded,2025-07-31
3505,213,login,2025-12-21
3506,213,task_created,2026-08-18
3507,213,file_uploaded,2025-08-14
3508,214,report_generated,2025-09-01
3509,214,file_uploaded,2026-06-12
3510,214,login,2025-09-06
3511,214,login,2026-07-16
3512,214,login,2026-05-17
3513,214,file_uploaded,2026-01-01
3514,214,login,2026-02-25
3515,214,file_uploaded,2026-06-16
3516,214,comment_added,2025-12-01
3517,214,comment_added,2026-07-07
3518,214,file_uploaded,2025-08-09
3519,214,file_uploaded,2026-02-16
3520,214,comment_added,2026-03-11
3521,215,login,2026-07-30
3522,215,login,2026-06-24
3523,215,comment_added,2026-07-09
3524,215,comment_added,2026-06-23
3525,215,login,2026-06-05
3526,215,login,2026-05-25
3527,216,comment_added,2025-12-18
3528,216,comment_added,2026-02-21
3529,216,comment_added,2026-01-17
3530,216,report_generated,2026-03-25
3531,216,file_uploaded,2026-06-17
3532,216,task_created,2026-06-29
3533,216,task_created,2026-03-18
3534,216,login,2025-12-06
3535,216,report_generated,2026-01-18
3536,216,comment_added,2026-06-25
3537,216,report_generated,2026-05-16
3538,216,task_created,2026-08-18
3539,216,file_uploaded,2026-01-28
3540,216,comment_added,2026-04-21
3541,216,report_generated,2026-05-08
3542,216,login,2026-05-21
3543,216,comment_added,2026-08-06
3544,216,login,2026-01-27
3545,216,comment_added,2026-03-15
3546,216,login,2026-08-27
3547,216,report_generated,2026-06-18
3548,216,task_created,2026-02-22
3549,216,login,2026-02-25
3550,216,task_created,2026-05-07
3551,216,file_uploaded,2026-07-15
3552,216,comment_added,2026-05-02
3553,216,report_generated,2026-08-30
3554,216,file_uploaded,2026-04-16
3555,216,task_created,2026-05-01
3556,217,file_uploaded,2026-08-26
3557,217,file_uploaded,2026-08-25
3558,217,login,2026-08-28
3559,217,task_created,2026-08-28
3560,217,comment_added,2026-09-01
3561,217,task_created,2026-08-28
3562,218,report_generated,2026-05-10
3563,218,task_created,2026-03-17
3564,218,task_created,2026-03-29
3565,218,report_generated,2025-09-09
3566,218,login,2025-09-11
3567,218,login,2026-03-08
3568,218,login,2026-06-17
3569,218,report_generated,2025-11-17
3570,218,task_created,2026-04-19
3571,218,comment_added,2026-07-26
3572,219,report_generated,2026-08-24
3573,219,login,2025-06-05
3574,219,task_created,2025-08-23
3575,219,task_created,2025-10-06
3576,219,report_generated,2025-09-03
3577,219,task_created,2026-05-17
3578,219,comment_added,2025-11-03
3579,219,task_created,2025-09-16
3580,219,login,2025-08-22
3581,219,report_generated,2025-08-12
3582,219,login,2026-08-23
3583,219,task_created,2025-05-24
3584,219,login,2025-11-24
3585,219,task_created,2025-11-03
3586,219,file_uploaded,2025-10-17
3587,219,report_generated,2025-09-13
3588,219,report_generated,2026-07-02
3589,219,task_created,2026-04-17
3590,219,comment_added,2026-02-07
3591,219,file_uploaded,2026-08-08
3592,219,login,2026-08-06
3593,219,task_created,2025-07-13
3594,219,task_created,2026-08-08
3595,219,task_created,2026-06-24
3596,219,comment_added,2025-08-20
3597,219,report_generated,2025-11-23
3598,219,comment_added,2025-10-23
3599,219,task_created,2025-12-19
3600,219,login,2026-08-28
3601,219,comment_added,2026-06-08
3602,219,task_created,2026-03-10
3603,219,comment_added,2026-07-25
3604,219,task_created,2025-10-11
3605,219,task_created,2025-10-28
3606,219,report_generated,2025-06-10
3607,219,task_created,2026-08-03
3608,219,comment_added,2026-07-23
3609,219,file_uploaded,2026-03-09
3610,219,login,2025-08-29
3611,219,file_uploaded,2026-06-19
3612,219,comment_added,2026-06-22
3613,219,task_created,2025-06-16
3614,219,file_uploaded,2026-01-29
3615,219,comment_added,2026-06-02
3616,219,file_uploaded,2025-11-21
3617,219,file_uploaded,2026-02-03
3618,219,report_generated,2025-08-13
3619,219,report_generated,2026-05-13
3620,219,file_uploaded,2026-02-07
3621,219,file_uploaded,2026-05-15
3622,220,report_generated,2026-09-02
3623,220,comment_added,2026-08-30
3624,220,task_created,2026-08-19
3625,220,task_created,2026-08-25
3626,220,task_created,2026-09-01
3627,220,task_created,2026-08-30
3628,220,file_uploaded,2026-08-27
3629,220,comment_added,2026-08-30
3630,221,report_generated,2025-03-15
3631,221,comment_added,2025-06-23
3632,221,task_created,2024-12-31
3633,221,report_generated,2024-12-31
3634,221,comment_added,2026-01-04
3635,221,task_created,2025-10-01
3636,221,login,2026-05-26
3637,221,comment_added,2026-01-25
3638,221,report_generated,2026-07-04
3639,221,file_uploaded,2025-12-16
3640,221,file_uploaded,2026-01-27
3641,222,report_generated,2026-04-04
3642,222,report_generated,2026-07-04
3643,222,file_uploaded,2025-11-16
3644,222,task_created,2025-03-07
3645,222,task_created,2026-05-08
3646,222,login,2025-11-08
3647,222,login,2026-02-12
3648,222,comment_added,2025-12-08
3649,222,comment_added,2026-07-20
3650,222,report_generated,2025-05-01
3651,222,login,2025-10-01
3652,222,login,2025-06-11
3653,222,login,2026-02-13
3654,222,task_created,2026-08-23
3655,222,task_created,2026-01-17
3656,222,report_generated,2026-01-13
3657,223,report_generated,2026-08-01
3658,223,comment_added,2026-07-18
3659,223,comment_added,2026-07-11
3660,223,login,2026-07-27
3661,223,report_generated,2026-08-01
3662,223,file_uploaded,2026-08-07
3663,223,comment_added,2026-08-14
3664,223,file_uploaded,2026-06-25
3665,223,task_created,2026-08-28
3666,223,task_created,2026-08-13
3667,223,task_created,2026-07-23
3668,223,task_created,2026-08-23
3669,223,comment_added,2026-08-29
3670,223,file_uploaded,2026-09-02
3671,223,report_generated,2026-08-22
3672,223,report_generated,2026-07-04
3673,223,file_uploaded,2026-07-18
3674,223,task_created,2026-08-16
3675,223,file_uploaded,2026-08-19
3676,223,report_generated,2026-06-27
3677,223,comment_added,2026-07-11
3678,223,report_generated,2026-07-10
3679,223,file_uploaded,2026-06-25
3680,223,report_generated,2026-08-08
3681,223,file_uploaded,2026-07-22
3682,223,file_uploaded,2026-08-17
3683,223,report_generated,2026-08-31
3684,223,comment_added,2026-08-04
3685,223,comment_added,2026-06-26
3686,223,task_created,2026-06-28
3687,223,report_generated,2026-07-13
3688,223,file_uploaded,2026-08-13
3689,223,file_uploaded,2026-07-20
3690,223,comment_added,2026-07-02
3691,223,task_created,2026-08-12
3692,224,login,2026-05-07
3693,224,comment_added,2026-02-21
3694,224,report_generated,2026-04-25
3695,224,task_created,2025-10-23
3696,224,comment_added,2025-10-29
3697,224,login,2025-12-05
3698,224,comment_added,2026-08-24
3699,224,login,2026-05-14
3700,224,task_created,2025-12-10
3701,224,file_uploaded,2025-10-11
3702,224,task_created,2026-01-29
3703,224,report_generated,2026-01-03
3704,224,comment_added,2026-08-09
3705,224,file_uploaded,2025-10-11
3706,224,report_generated,2025-10-05
3707,225,login,2026-03-05
3708,225,report_generated,2025-03-15
3709,225,file_uploaded,2025-11-15
3710,225,login,2025-02-28
3711,225,comment_added,2025-01-31
3712,225,file_uploaded,2025-11-23
3713,225,file_uploaded,2024-11-30
3714,225,task_created,2025-04-20
3715,225,report_generated,2025-04-19
3716,225,file_uploaded,2025-12-07
3717,225,comment_added,2025-03-02
3718,225,report_generated,2026-05-02
3719,225,task_created,2026-05-15
3720,225,file_uploaded,2026-02-17
3721,226,task_created,2026-08-07
3722,226,task_created,2026-07-21
3723,226,login,2026-08-18
3724,226,comment_added,2026-08-15
3725,226,comment_added,2026-08-05
3726,226,comment_added,2026-08-11
3727,226,file_uploaded,2026-08-21
3728,226,comment_added,2026-08-19
3729,226,login,2026-07-23
3730,226,file_uploaded,2026-08-08
3731,226,report_generated,2026-08-12
3732,226,comment_added,2026-08-15
3733,226,file_uploaded,2026-08-01
3734,226,task_created,2026-08-05
3735,226,file_uploaded,2026-08-29
3736,226,file_uploaded,2026-08-19
3737,226,task_created,2026-09-01
3738,226,login,2026-08-26
3739,226,login,2026-08-15
3740,226,task_created,2026-08-05
3741,226,comment_added,2026-08-07
3742,226,login,2026-08-08
3743,226,file_uploaded,2026-08-03
3744,227,comment_added,2026-07-22
3745,227,report_generated,2026-06-15
3746,227,login,2026-06-09
3747,227,report_generated,2026-08-03
3748,227,file_uploaded,2026-07-22
3749,227,report_generated,2026-06-21
3750,227,comment_added,2026-06-26
3751,227,file_uploaded,2026-06-05
3752,227,login,2026-06-03
3753,227,file_uploaded,2026-08-20
3754,227,report_generated,2026-07-18
3755,227,task_created,2026-07-21
3756,227,login,2026-07-20
3757,228,report_generated,2025-03-10
3758,228,task_created,2025-06-25
3759,228,file_uploaded,2026-01-28
3760,228,file_uploaded,2026-07-09
3761,228,login,2025-05-08
3762,228,file_uploaded,2025-11-03
3763,228,file_uploaded,2025-07-21
3764,228,task_created,2025-12-10
3765,228,login,2025-08-21
3766,228,task_created,2025-06-10
3767,228,login,2025-12-26
3768,228,file_uploaded,2026-08-29
3769,228,login,2025-08-19
3770,228,report_generated,2025-03-11
3771,228,file_uploaded,2025-08-04
3772,228,task_created,2026-03-01
3773,228,login,2025-10-07
3774,228,task_created,2026-08-27
3775,228,login,2026-05-26
3776,228,login,2026-08-17
3777,228,report_generated,2026-04-03
3778,228,login,2026-05-28
3779,228,login,2025-03-04
3780,228,task_created,2026-03-21
3781,228,report_generated,2025-11-10
3782,228,task_created,2025-10-30
3783,228,login,2025-06-01
3784,228,login,2026-05-05
3785,228,report_generated,2025-03-14
3786,228,login,2025-09-12
3787,228,login,2025-10-11
3788,228,task_created,2025-08-18
3789,229,file_uploaded,2026-02-16
3790,230,login,2026-06-12
3791,230,report_generated,2025-12-04
3792,230,task_created,2026-08-02
3793,230,comment_added,2025-08-04
3794,230,file_uploaded,2026-02-12
3795,230,task_created,2025-05-07
3796,230,login,2025-08-10
3797,230,report_generated,2026-01-04
3798,230,login,2025-06-30
3799,230,report_generated,2026-02-19
3800,230,file_uploaded,2025-01-16
3801,230,file_uploaded,2025-08-09
3802,230,login,2025-08-17
3803,230,comment_added,2025-10-16
3804,230,login,2026-01-16
3805,230,task_created,2025-03-13
3806,230,report_generated,2026-02-28
3807,230,login,2026-05-30
3808,231,comment_added,2026-08-16
3809,231,comment_added,2026-08-21
3810,231,report_generated,2026-07-12
3811,231,login,2026-09-01
3812,231,report_generated,2026-08-09
3813,231,file_uploaded,2026-09-02
3814,231,task_created,2026-08-14
3815,231,task_created,2026-07-23
3816,231,report_generated,2026-08-11
3817,231,file_uploaded,2026-09-02
3818,231,report_generated,2026-07-06
3819,231,comment_added,2026-07-03
3820,231,comment_added,2026-08-29
3821,231,file_uploaded,2026-07-30
3822,231,task_created,2026-08-03
3823,231,comment_added,2026-08-03
3824,231,login,2026-08-16
3825,231,login,2026-07-16
3826,231,login,2026-08-10
3827,231,task_created,2026-07-21
3828,231,file_uploaded,2026-08-18
3829,231,task_created,2026-08-19
3830,231,login,2026-08-10
3831,231,task_created,2026-07-05
3832,231,file_uploaded,2026-07-25
3833,232,task_created,2026-03-22
3834,232,file_uploaded,2026-01-07
3835,232,login,2026-02-03
3836,232,comment_added,2026-02-20
3837,232,report_generated,2026-06-06
3838,232,report_generated,2025-12-29
3839,232,login,2026-04-02
3840,232,file_uploaded,2026-07-15
3841,232,login,2026-03-18
3842,232,report_generated,2026-02-16
3843,232,task_created,2026-04-15
3844,232,comment_added,2026-02-04
3845,232,task_created,2025-11-18
3846,232,comment_added,2026-02-12
3847,232,comment_added,2026-05-05
3848,232,task_created,2026-04-04
3849,232,login,2026-06-05
3850,232,file_uploaded,2025-11-24
3851,232,task_created,2025-11-26
3852,233,task_created,2025-05-28
3853,233,task_created,2025-10-31
3854,233,task_created,2025-07-07
3855,234,task_created,2026-07-21
3856,234,comment_added,2025-09-03
3857,234,file_uploaded,2025-03-26
3858,234,report_generated,2026-04-28
3859,234,task_created,2025-06-22
3860,234,file_uploaded,2025-09-12
3861,234,comment_added,2025-07-04
3862,234,report_generated,2025-09-16
3863,235,comment_added,2026-05-16
3864,235,task_created,2026-08-07
3865,235,file_uploaded,2026-05-09
3866,235,report_generated,2026-01-30
3867,235,file_uploaded,2026-07-12
3868,235,file_uploaded,2026-03-16
3869,235,file_uploaded,2026-08-03
3870,235,task_created,2026-07-30
3871,235,login,2026-08-24
3872,235,file_uploaded,2026-07-04
3873,235,report_generated,2026-02-01
3874,235,comment_added,2026-03-09
3875,235,report_generated,2026-03-20
3876,235,file_uploaded,2026-07-03
3877,235,file_uploaded,2026-05-26
3878,235,file_uploaded,2026-05-15
3879,235,login,2026-08-24
3880,235,task_created,2026-06-09
3881,235,task_created,2026-08-18
3882,235,task_created,2026-03-10
3883,235,login,2025-12-23
3884,236,report_generated,2026-03-11
3885,236,file_uploaded,2026-03-02
3886,236,file_uploaded,2025-12-14
3887,236,file_uploaded,2025-11-01
3888,236,report_generated,2026-02-28
3889,236,comment_added,2026-08-02
3890,236,file_uploaded,2024-12-26
3891,236,login,2024-11-23
3892,236,comment_added,2025-11-13
3893,236,task_created,2025-03-30
3894,236,report_generated,2026-01-04
3895,236,comment_added,2025-10-06
3896,236,report_generated,2026-02-27
3897,236,file_uploaded,2024-12-13
3898,236,task_created,2025-12-23
3899,236,file_uploaded,2025-06-20
3900,237,report_generated,2025-07-29
3901,237,login,2026-05-31
3902,237,task_created,2026-07-04
3903,237,comment_added,2025-11-22
3904,237,task_created,2026-03-02
3905,237,task_created,2025-11-19
3906,237,comment_added,2026-05-16
3907,237,task_created,2026-06-16
3908,237,login,2025-07-18
3909,237,login,2026-08-10
3910,237,file_uploaded,2026-06-06
3911,237,comment_added,2026-01-31
3912,237,comment_added,2025-08-22
3913,238,file_uploaded,2025-10-12
3914,238,file_uploaded,2025-09-18
3915,238,report_generated,2025-12-16
3916,238,comment_added,2026-08-27
3917,238,comment_added,2026-04-28
3918,238,file_uploaded,2026-02-11
3919,238,login,2025-07-02
3920,238,task_created,2026-03-20
3921,238,task_created,2026-01-02
3922,238,report_generated,2026-05-14
3923,238,task_created,2025-04-08
3924,238,login,2026-08-18
3925,238,login,2025-07-10
3926,238,comment_added,2026-06-03
3927,239,report_generated,2025-12-08
3928,239,file_uploaded,2026-05-19
3929,239,task_created,2025-08-04
3930,239,task_created,2025-11-16
3931,239,task_created,2026-05-04
3932,240,file_uploaded,2026-02-26
3933,240,comment_added,2026-02-18
3934,240,file_uploaded,2026-01-12
3935,240,task_created,2026-03-05
3936,240,login,2026-02-27
3937,240,task_created,2026-02-18
3938,240,file_uploaded,2026-03-29
3939,240,comment_added,2026-06-30
3940,240,task_created,2026-01-11
3941,240,report_generated,2025-12-27
3942,240,file_uploaded,2025-12-30
3943,240,report_generated,2026-01-19
3944,240,report_generated,2025-12-19
3945,240,comment_added,2025-12-02
3946,240,file_uploaded,2026-03-17
3947,240,login,2026-07-23
3948,240,login,2025-11-21
3949,240,login,2026-04-02
3950,240,login,2025-12-08
3951,240,comment_added,2026-03-05
3952,240,file_uploaded,2025-11-20
3953,240,report_generated,2026-08-10
3954,240,file_uploaded,2026-07-23
3955,240,comment_added,2026-05-08
3956,240,report_generated,2026-06-24
3957,240,report_generated,2026-05-25
3958,240,task_created,2026-04-27
3959,240,file_uploaded,2026-05-20
3960,240,comment_added,2026-05-29
3961,240,report_generated,2025-12-16
3962,240,login,2026-05-05
3963,240,file_uploaded,2025-11-18
3964,240,task_created,2026-06-10
3965,240,comment_added,2025-11-30
3966,240,comment_added,2026-01-18
3967,240,task_created,2026-04-09
3968,240,file_uploaded,2026-05-24
3969,240,comment_added,2026-07-18
3970,240,task_created,2026-06-16
3971,240,report_generated,2025-11-18
3972,240,report_generated,2025-11-25
3973,240,report_generated,2025-12-10
3974,241,task_created,2026-07-07
3975,241,file_uploaded,2026-08-18
3976,241,report_generated,2025-07-01
3977,241,file_uploaded,2026-06-21
3978,241,file_uploaded,2025-07-20
3979,241,comment_added,2026-02-03
3980,241,task_created,2025-10-25
3981,241,task_created,2025-05-11
3982,241,login,2026-08-31
3983,241,comment_added,2026-02-11
3984,241,task_created,2026-07-31
3985,241,login,2026-07-09
3986,241,comment_added,2026-08-15
3987,241,task_created,2025-12-11
3988,241,task_created,2025-11-11
3989,242,login,2026-08-24
3990,242,file_uploaded,2026-06-02
3991,242,login,2026-08-19
3992,243,report_generated,2025-05-25
3993,243,report_generated,2026-01-08
3994,243,report_generated,2025-07-25
3995,243,login,2026-04-13
3996,243,comment_added,2025-04-30
3997,243,login,2026-04-29
3998,243,task_created,2025-11-17
3999,243,comment_added,2026-07-24
4000,243,report_generated,2025-02-16
4001,243,file_uploaded,2026-01-02
4002,243,file_uploaded,2026-07-10
4003,243,task_created,2025-08-07
4004,243,login,2025-09-03
4005,243,login,2025-10-05
4006,243,login,2025-04-05
4007,244,comment_added,2025-12-15
4008,244,login,2025-07-12
4009,244,report_generated,2026-08-10
4010,244,report_generated,2025-05-11
4011,244,comment_added,2026-01-25
4012,244,report_generated,2025-01-02
4013,244,comment_added,2025-03-05
4014,244,task_created,2026-07-03
4015,244,file_uploaded,2026-02-02
4016,244,report_generated,2025-11-24
4017,244,comment_added,2025-05-10
4018,244,task_created,2026-08-28
4019,245,file_uploaded,2026-04-16
4020,245,comment_added,2026-03-22
4021,245,report_generated,2026-07-15
4022,245,report_generated,2026-04-26
4023,245,file_uploaded,2026-05-15
4024,245,task_created,2026-07-14
4025,245,report_generated,2026-08-20
4026,245,login,2026-04-26
4027,245,report_generated,2026-08-20
4028,245,comment_added,2026-06-07
4029,245,report_generated,2026-04-20
4030,245,file_uploaded,2026-08-13
4031,245,task_created,2026-08-28
4032,245,report_generated,2026-07-24
4033,245,login,2026-06-24
4034,245,task_created,2026-06-13
4035,245,task_created,2026-05-12
4036,245,task_created,2026-04-02
4037,245,file_uploaded,2026-07-22
4038,245,task_created,2026-06-04
4039,245,comment_added,2026-03-25
4040,245,report_generated,2026-06-28
4041,245,file_uploaded,2026-07-06
4042,245,file_uploaded,2026-06-17
4043,245,login,2026-06-28
4044,245,report_generated,2026-08-02
4045,245,task_created,2026-05-31
4046,245,file_uploaded,2026-08-07
4047,245,task_created,2026-04-13
4048,245,comment_added,2026-06-10
4049,246,report_generated,2025-12-14
4050,247,task_created,2025-12-24
4051,247,task_created,2026-04-26
4052,247,file_uploaded,2025-12-08
4053,247,task_created,2025-07-07
4054,247,task_created,2025-04-14
4055,247,login,2025-03-31
4056,247,comment_added,2025-09-17
4057,247,task_created,2024-12-25
4058,247,file_uploaded,2025-10-02
4059,247,task_created,2026-08-08
4060,247,login,2024-11-08
4061,247,file_uploaded,2025-09-11
4062,247,login,2025-03-14
4063,247,comment_added,2025-01-10
4064,247,report_generated,2026-07-09
4065,247,file_uploaded,2026-05-12
4066,247,file_uploaded,2025-02-11
4067,247,login,2025-05-20
4068,247,task_created,2025-01-11
4069,247,file_uploaded,2025-10-23
4070,247,comment_added,2025-07-18
4071,248,file_uploaded,2025-12-28
4072,248,file_uploaded,2025-11-15
4073,248,file_uploaded,2026-08-29
4074,248,file_uploaded,2026-02-18
4075,248,login,2026-04-07
4076,248,login,2025-12-01
4077,248,login,2025-11-12
4078,248,comment_added,2026-06-08
4079,248,login,2026-01-24
4080,248,comment_added,2026-07-28
4081,248,file_uploaded,2026-07-21
4082,248,login,2026-02-18
4083,248,task_created,2026-07-31
4084,248,file_uploaded,2026-04-15
4085,248,file_uploaded,2026-08-27
4086,248,comment_added,2026-03-02
4087,249,login,2026-03-05
4088,249,login,2026-04-25
4089,249,comment_added,2026-08-02
4090,249,file_uploaded,2026-03-20
4091,249,login,2026-08-28
4092,249,comment_added,2026-05-12
4093,249,comment_added,2026-08-29
4094,249,comment_added,2026-08-20
4095,249,login,2026-06-06
4096,249,comment_added,2026-06-13
4097,249,login,2026-06-18
4098,249,task_created,2026-08-12
4099,249,login,2026-07-19
4100,249,comment_added,2026-03-19
4101,249,task_created,2026-07-28
4102,249,comment_added,2026-02-02
4103,249,report_generated,2026-05-26
4104,249,login,2026-03-04
4105,249,comment_added,2026-03-05
4106,249,task_created,2026-03-25
4107,249,comment_added,2026-02-23
4108,249,login,2026-04-07
4109,249,login,2026-02-22
4110,249,report_generated,2026-06-10
4111,249,comment_added,2026-05-05
4112,249,file_uploaded,2026-03-16
4113,249,login,2026-07-19
4114,249,report_generated,2026-04-05
4115,249,comment_added,2026-02-12
4116,249,report_generated,2026-08-20
4117,249,comment_added,2026-07-19
4118,249,task_created,2026-05-25
4119,249,file_uploaded,2026-06-28
4120,249,report_generated,2026-07-28
4121,249,report_generated,2026-06-14
4122,249,comment_added,2026-07-06
4123,249,task_created,2026-06-11
4124,249,login,2026-07-27
4125,249,login,2026-07-20
4126,249,login,2026-04-02
4127,249,task_created,2026-03-21
4128,249,task_created,2026-04-18
4129,249,comment_added,2026-03-07
4130,249,task_created,2026-06-22
4131,249,report_generated,2026-07-02
4132,249,task_created,2026-04-13
4133,249,comment_added,2026-08-06
4134,249,login,2026-05-20
4135,249,report_generated,2026-06-21
4136,249,file_uploaded,2026-04-08
4137,249,task_created,2026-07-17
4138,250,file_uploaded,2025-10-21
4139,250,report_generated,2024-12-01
4140,251,task_created,2026-06-13
4141,251,task_created,2026-08-09
4142,251,report_generated,2025-12-14
4143,251,report_generated,2026-02-14
4144,251,comment_added,2026-08-23
4145,251,file_uploaded,2026-01-30
4146,252,report_generated,2025-11-23
4147,252,file_uploaded,2026-04-16
4148,252,comment_added,2025-09-19
4149,252,login,2026-01-10
4150,252,login,2026-01-22
4151,252,login,2026-06-05
4152,252,comment_added,2026-08-22
4153,252,login,2026-04-02
4154,252,login,2026-02-21
4155,252,report_generated,2026-03-10
4156,252,task_created,2026-01-23
4157,252,report_generated,2025-12-30
4158,252,login,2025-09-11
4159,252,task_created,2026-03-18
4160,252,login,2026-03-18
4161,252,task_created,2025-11-08
4162,252,report_generated,2026-06-02
4163,252,file_uploaded,2026-07-04
4164,252,comment_added,2025-10-24
4165,252,comment_added,2026-03-03
4166,252,comment_added,2026-01-28
4167,252,comment_added,2026-01-22
4168,252,login,2025-10-26
4169,252,report_generated,2025-12-02
4170,252,task_created,2026-03-24
4171,252,comment_added,2026-03-01
4172,252,comment_added,2026-06-15
4173,252,file_uploaded,2026-03-31
4174,252,task_created,2026-07-06
4175,252,login,2026-01-16
4176,252,comment_added,2026-08-23
4177,252,task_created,2025-11-24
4178,252,file_uploaded,2025-11-18
4179,252,report_generated,2026-06-23
4180,252,report_generated,2025-10-03
4181,252,comment_added,2026-01-11
4182,252,file_uploaded,2026-04-08
4183,252,file_uploaded,2025-12-08
4184,252,file_uploaded,2026-03-06
4185,253,report_generated,2026-03-11
4186,253,file_uploaded,2025-07-22
4187,253,task_created,2026-03-30
4188,253,login,2025-08-21
4189,253,file_uploaded,2025-08-21
4190,253,login,2025-08-29
4191,253,login,2026-07-24
4192,253,task_created,2024-12-30
4193,253,task_created,2025-01-16
4194,253,login,2026-05-25
4195,253,report_generated,2025-01-07
4196,253,file_uploaded,2026-05-03
4197,253,file_uploaded,2024-10-23
4198,253,task_created,2026-03-17
4199,253,file_uploaded,2026-02-16
4200,253,comment_added,2026-03-24
4201,253,file_uploaded,2025-02-17
4202,253,comment_added,2024-10-27
4203,253,login,2025-04-25
4204,253,comment_added,2025-12-22
4205,253,task_created,2025-10-01
4206,253,comment_added,2026-08-21
4207,253,login,2026-06-28
4208,253,file_uploaded,2026-06-26
4209,253,comment_added,2025-04-03
4210,253,task_created,2025-05-31
4211,253,report_generated,2024-12-28
4212,253,comment_added,2025-02-26
4213,254,login,2025-11-08
4214,254,file_uploaded,2026-01-18
4215,255,task_created,2026-01-17
4216,255,login,2026-01-14
4217,255,task_created,2025-12-27
4218,255,login,2026-04-09
4219,255,report_generated,2025-12-02
4220,255,report_generated,2026-03-11
4221,255,task_created,2025-11-19
4222,255,comment_added,2025-07-08
4223,255,task_created,2026-01-24
4224,255,comment_added,2025-12-10
4225,255,login,2026-09-02
4226,255,comment_added,2026-03-01
4227,255,login,2026-03-13
4228,255,login,2026-01-05
4229,255,file_uploaded,2026-05-18
4230,255,report_generated,2025-12-22
4231,255,login,2026-01-04
4232,255,report_generated,2025-07-09
4233,255,task_created,2026-07-11
4234,255,report_generated,2026-01-28
4235,255,login,2025-07-11
4236,256,file_uploaded,2026-08-03
4237,256,login,2026-07-04
4238,256,comment_added,2026-08-15
4239,256,file_uploaded,2026-06-28
4240,256,file_uploaded,2026-06-24
4241,257,task_created,2025-02-13
4242,257,task_created,2025-10-20
4243,257,file_uploaded,2026-06-02
4244,257,report_generated,2026-02-24
4245,257,file_uploaded,2026-02-14
4246,257,comment_added,2025-08-11
4247,258,login,2026-06-14
4248,258,file_uploaded,2026-07-28
4249,258,task_created,2026-05-18
4250,259,file_uploaded,2026-02-03
4251,259,report_generated,2025-02-11
4252,259,login,2025-08-28
4253,259,report_generated,2025-08-19
4254,260,task_created,2025-12-02
4255,260,file_uploaded,2026-06-02
4256,260,login,2026-04-30
4257,260,task_created,2026-02-02
4258,260,report_generated,2026-07-15
4259,260,file_uploaded,2026-01-11
4260,260,comment_added,2026-07-20
4261,260,task_created,2026-07-23
4262,261,file_uploaded,2026-02-16
4263,261,file_uploaded,2026-05-17
4264,261,login,2025-11-09
4265,261,login,2025-10-28
4266,261,task_created,2025-11-06
4267,261,comment_added,2026-02-26
4268,261,task_created,2025-09-09
4269,261,report_generated,2025-09-29
4270,261,comment_added,2026-04-10
4271,261,file_uploaded,2025-09-07
4272,261,report_generated,2026-05-06
4273,261,file_uploaded,2026-01-25
4274,261,file_uploaded,2025-10-15
4275,261,comment_added,2026-01-07
4276,261,comment_added,2025-11-20
4277,261,task_created,2025-12-07
4278,261,login,2026-01-24
4279,261,task_created,2026-01-15
4280,261,file_uploaded,2026-08-10
4281,261,file_uploaded,2025-12-13
4282,261,login,2026-08-30
4283,261,comment_added,2026-08-27
4284,261,task_created,2026-07-12
4285,261,comment_added,2025-12-08
4286,261,task_created,2026-07-22
4287,261,login,2025-12-29
4288,261,file_uploaded,2025-11-09
4289,261,report_generated,2025-09-22
4290,261,task_created,2025-12-10
4291,261,login,2026-04-09
4292,261,task_created,2026-07-15
4293,262,login,2025-07-25
4294,262,file_uploaded,2025-12-20
4295,262,report_generated,2026-03-04
4296,262,task_created,2026-06-02
4297,262,report_generated,2025-09-30
4298,262,file_uploaded,2026-01-13
4299,262,comment_added,2025-07-10
4300,262,login,2026-01-13
4301,262,login,2025-11-11
4302,262,report_generated,2025-10-24
4303,262,report_generated,2025-10-30
4304,262,file_uploaded,2026-06-08
4305,262,report_generated,2025-10-13
4306,262,task_created,2025-07-03
4307,262,login,2025-06-29
4308,262,report_generated,2025-07-05
4309,262,report_generated,2025-09-25
4310,262,report_generated,2026-02-05
4311,262,login,2026-04-15
4312,262,task_created,2026-01-15
4313,262,file_uploaded,2025-10-16
4314,262,report_generated,2025-12-12
4315,262,login,2025-11-11
4316,262,login,2025-07-28
4317,262,comment_added,2026-05-24
4318,262,task_created,2026-07-08
4319,262,report_generated,2025-11-25
4320,262,report_generated,2026-06-23
4321,262,comment_added,2026-06-24
4322,263,comment_added,2026-08-24
4323,263,task_created,2026-03-16
4324,263,task_created,2025-12-08
4325,263,login,2026-03-29
4326,263,task_created,2025-06-17
4327,263,login,2025-07-02
4328,263,task_created,2025-09-12
4329,263,login,2026-05-31
4330,263,comment_added,2025-05-16
4331,263,report_generated,2026-02-15
4332,263,task_created,2026-06-29
4333,263,task_created,2026-08-29
4334,263,task_created,2025-04-14
4335,263,file_uploaded,2025-09-13
4336,263,comment_added,2025-11-14
4337,264,report_generated,2026-01-10
4338,264,login,2026-03-03
4339,264,login,2026-02-25
4340,264,file_uploaded,2026-03-21
4341,264,comment_added,2026-04-11
4342,264,login,2026-08-25
4343,264,comment_added,2025-10-10
4344,265,task_created,2026-04-28
4345,265,login,2026-05-06
4346,265,task_created,2026-01-09
4347,265,file_uploaded,2026-06-30
4348,265,login,2026-08-28
4349,265,file_uploaded,2026-03-03
4350,265,file_uploaded,2026-08-26
4351,265,file_uploaded,2026-06-26
4352,265,task_created,2026-04-27
4353,265,login,2026-03-13
4354,265,comment_added,2026-02-28
4355,265,comment_added,2026-03-30
4356,265,comment_added,2025-12-13
4357,265,comment_added,2026-07-30
4358,265,report_generated,2026-04-20
4359,265,report_generated,2026-03-31
4360,265,comment_added,2026-04-25
4361,265,task_created,2026-02-07
4362,265,login,2026-04-02
4363,265,report_generated,2026-04-09
4364,265,task_created,2025-12-29
4365,265,task_created,2026-04-30
4366,265,login,2026-04-26
4367,265,task_created,2026-04-15
4368,265,login,2026-02-06
4369,265,comment_added,2026-06-04
4370,265,report_generated,2026-06-15
4371,265,comment_added,2026-01-20
4372,265,task_created,2026-04-23
4373,265,comment_added,2026-07-06
4374,265,report_generated,2026-05-08
4375,265,login,2026-01-07
4376,265,task_created,2026-06-09
4377,265,task_created,2026-05-01
4378,265,login,2026-04-19
4379,265,file_uploaded,2026-02-01
4380,265,comment_added,2026-04-19
4381,265,file_uploaded,2026-03-24
4382,265,report_generated,2026-03-31
4383,265,task_created,2026-04-25
4384,265,task_created,2026-06-29
4385,265,task_created,2026-07-25
4386,265,report_generated,2026-07-19
4387,265,file_uploaded,2026-02-22
4388,265,file_uploaded,2026-01-25
4389,265,file_uploaded,2026-03-11
4390,265,task_created,2026-03-13
4391,265,comment_added,2026-03-15
4392,265,task_created,2026-08-17
4393,265,login,2026-05-02
4394,265,task_created,2026-05-16
4395,265,file_uploaded,2026-03-09
4396,265,login,2026-03-15
4397,265,login,2026-02-20
4398,265,task_created,2026-07-15
4399,265,file_uploaded,2026-07-29
4400,265,comment_added,2026-01-29
4401,265,login,2026-02-17
4402,265,file_uploaded,2026-01-29
4403,265,login,2026-06-23
4404,265,login,2026-02-03
4405,265,task_created,2025-12-31
4406,265,login,2026-04-15
4407,266,task_created,2026-05-28
4408,266,comment_added,2026-08-28
4409,266,login,2026-03-24
4410,266,comment_added,2026-04-17
4411,266,login,2026-06-15
4412,266,task_created,2026-05-11
4413,266,comment_added,2026-07-21
4414,266,task_created,2026-07-12
4415,266,report_generated,2026-06-07
4416,266,task_created,2026-07-21
4417,266,login,2026-05-22
4418,266,report_generated,2026-08-07
4419,266,comment_added,2026-08-28
4420,266,login,2026-04-21
4421,266,login,2026-04-01
4422,266,report_generated,2026-08-07
4423,266,comment_added,2026-04-16
4424,266,task_created,2026-07-05
4425,266,task_created,2026-03-21
4426,266,task_created,2026-03-27
4427,266,file_uploaded,2026-07-08
4428,266,report_generated,2026-04-27
4429,266,task_created,2026-06-02
4430,266,login,2026-06-27
4431,266,task_created,2026-07-24
4432,266,task_created,2026-04-18
4433,266,report_generated,2026-04-16
4434,266,login,2026-06-20
4435,266,report_generated,2026-08-25
4436,266,report_generated,2026-04-20
4437,266,login,2026-04-11
4438,267,task_created,2026-08-17
4439,267,file_uploaded,2026-01-11
4440,267,report_generated,2026-07-10
4441,268,file_uploaded,2026-03-10
4442,268,report_generated,2026-02-22
4443,268,report_generated,2026-05-03
4444,268,report_generated,2026-01-30
4445,268,report_generated,2026-08-20
4446,268,login,2026-04-22
4447,268,task_created,2025-12-09
4448,269,report_generated,2026-02-24
4449,269,file_uploaded,2026-02-24
4450,269,file_uploaded,2026-07-27
4451,270,login,2026-05-05
4452,270,report_generated,2026-08-05
4453,270,login,2026-05-25
4454,270,task_created,2026-07-09
4455,270,file_uploaded,2026-06-03
4456,270,report_generated,2026-07-17
4457,270,file_uploaded,2026-08-22
4458,270,file_uploaded,2026-08-19
4459,270,task_created,2026-07-12
4460,270,file_uploaded,2026-06-19
4461,270,comment_added,2026-08-03
4462,270,comment_added,2026-08-23
4463,270,file_uploaded,2026-09-01
4464,270,comment_added,2026-09-01
4465,270,file_uploaded,2026-06-15
4466,270,comment_added,2026-05-09
4467,270,comment_added,2026-08-03
4468,271,login,2026-08-14
4469,271,report_generated,2026-08-15
4470,271,task_created,2026-07-31
4471,271,report_generated,2026-08-01
4472,271,task_created,2026-08-30
4473,271,login,2026-08-07
4474,271,report_generated,2026-08-22
4475,271,report_generated,2026-08-08
4476,271,task_created,2026-08-29
4477,271,task_created,2026-08-26
4478,271,task_created,2026-08-13
4479,271,task_created,2026-08-03
4480,271,task_created,2026-08-07
4481,271,login,2026-08-24
4482,271,report_generated,2026-08-27
4483,271,login,2026-08-03
4484,271,file_uploaded,2026-08-04
4485,271,login,2026-08-10
4486,272,report_generated,2026-01-13
4487,272,login,2026-01-10
4488,272,login,2026-03-04
4489,272,comment_added,2025-11-05
4490,272,task_created,2026-05-31
4491,272,file_uploaded,2026-01-31
4492,272,comment_added,2026-01-09
4493,272,file_uploaded,2026-04-01
4494,272,report_generated,2026-05-28
4495,272,login,2026-06-14
4496,272,login,2026-03-25
4497,272,login,2026-01-17
4498,272,comment_added,2025-11-15
4499,272,comment_added,2026-01-26
4500,272,login,2026-01-20
4501,272,file_uploaded,2026-05-20
4502,272,comment_added,2026-06-19
4503,272,comment_added,2026-03-11
4504,272,report_generated,2026-07-13
4505,272,file_uploaded,2026-02-23
4506,272,report_generated,2026-01-18
4507,272,comment_added,2025-12-16
4508,272,task_created,2026-05-11
4509,272,file_uploaded,2026-02-15
4510,272,task_created,2025-11-27
4511,272,task_created,2026-05-18
4512,272,comment_added,2026-08-12
4513,273,file_uploaded,2025-09-06
4514,273,report_generated,2026-03-30
4515,273,file_uploaded,2026-06-28
4516,273,task_created,2026-02-08
4517,273,report_generated,2025-08-25
4518,273,file_uploaded,2026-06-25
4519,273,report_generated,2025-11-05
4520,273,login,2025-09-22
4521,273,report_generated,2025-09-06
4522,273,report_generated,2026-06-02
4523,273,task_created,2025-08-12
4524,273,task_created,2025-12-20
4525,273,login,2026-05-02
4526,273,task_created,2025-08-31
4527,273,login,2026-05-30
4528,273,report_generated,2026-08-20
4529,273,comment_added,2025-11-02
4530,273,login,2025-11-09
4531,273,report_generated,2025-11-29
4532,273,comment_added,2025-09-10
4533,273,login,2026-05-14
4534,273,file_uploaded,2026-05-13
4535,273,login,2025-08-21
4536,273,login,2026-01-06
4537,273,login,2026-01-03
4538,273,report_generated,2026-01-27
4539,273,comment_added,2026-02-17
4540,273,report_generated,2025-11-05
4541,273,file_uploaded,2026-08-17
4542,273,report_generated,2026-08-04
4543,273,login,2025-10-03
4544,273,file_uploaded,2026-01-14
4545,273,comment_added,2026-08-12
4546,273,comment_added,2025-09-18
4547,273,task_created,2026-08-29
4548,273,comment_added,2025-08-10
4549,273,file_uploaded,2026-02-09
4550,273,login,2026-05-25
4551,273,task_created,2025-12-24
4552,273,file_uploaded,2025-10-14
4553,273,login,2025-09-07
4554,273,task_created,2026-07-31
4555,273,task_created,2025-11-16
4556,273,task_created,2026-08-26
4557,273,comment_added,2026-04-11
4558,273,comment_added,2026-08-06
4559,273,comment_added,2026-06-27
4560,273,report_generated,2026-08-26
4561,273,task_created,2026-03-15
4562,273,report_generated,2026-01-18
4563,273,comment_added,2026-01-29
4564,273,login,2026-03-06
4565,273,file_uploaded,2026-07-28
4566,273,task_created,2025-11-28
4567,273,comment_added,2026-06-06
4568,273,task_created,2025-09-05
4569,273,file_uploaded,2026-05-15
4570,274,login,2026-05-02
4571,274,report_generated,2026-05-14
4572,274,login,2026-08-26
4573,274,login,2026-08-13
4574,274,report_generated,2026-08-02
4575,274,report_generated,2026-05-21
4576,274,login,2026-05-19
4577,274,comment_added,2026-06-18
4578,274,report_generated,2026-07-10
4579,274,login,2026-04-30
4580,274,file_uploaded,2026-05-23
4581,274,file_uploaded,2026-06-13
4582,274,file_uploaded,2026-06-12
4583,274,login,2026-05-13
4584,274,file_uploaded,2026-08-31
4585,274,report_generated,2026-04-18
4586,274,file_uploaded,2026-06-20
4587,274,comment_added,2026-07-21
4588,274,file_uploaded,2026-05-11
4589,274,comment_added,2026-07-10
4590,274,report_generated,2026-06-27
4591,274,file_uploaded,2026-04-29
4592,274,file_uploaded,2026-08-15
4593,274,login,2026-06-14
4594,274,task_created,2026-04-22
4595,274,login,2026-08-29
4596,274,login,2026-05-17
4597,274,file_uploaded,2026-06-21
4598,274,comment_added,2026-05-18
4599,274,login,2026-07-19
4600,274,file_uploaded,2026-06-04
4601,274,login,2026-08-04
4602,274,file_uploaded,2026-07-06
4603,274,comment_added,2026-08-05
4604,274,login,2026-08-05
4605,274,task_created,2026-04-29
4606,274,file_uploaded,2026-05-05
4607,274,task_created,2026-07-27
4608,274,report_generated,2026-07-19
4609,274,report_generated,2026-04-24
4610,274,comment_added,2026-07-04
4611,274,task_created,2026-08-10
4612,274,login,2026-08-07
4613,274,file_uploaded,2026-06-18
4614,274,comment_added,2026-04-17
4615,274,file_uploaded,2026-05-17
4616,274,task_created,2026-05-15
4617,274,comment_added,2026-06-28
4618,274,comment_added,2026-04-16
4619,274,login,2026-07-14
4620,274,file_uploaded,2026-07-09
4621,274,task_created,2026-08-07
4622,274,task_created,2026-04-21
4623,275,file_uploaded,2025-04-06
4624,275,report_generated,2025-12-15
4625,275,login,2025-09-10
4626,275,login,2025-08-06
4627,275,file_uploaded,2025-12-19
4628,275,report_generated,2025-06-05
4629,275,file_uploaded,2026-06-19
4630,275,task_created,2026-09-02
4631,275,task_created,2025-12-04
4632,275,login,2025-05-08
4633,275,report_generated,2026-05-26
4634,275,task_created,2026-01-12
4635,275,report_generated,2025-10-03
4636,275,file_uploaded,2026-05-17
4637,275,comment_added,2026-07-13
4638,275,file_uploaded,2025-08-25
4639,276,comment_added,2025-12-31
4640,276,login,2026-01-18
4641,277,comment_added,2026-08-05
4642,277,login,2026-05-04
4643,277,comment_added,2026-09-01
4644,277,task_created,2026-08-19
4645,277,report_generated,2026-06-05
4646,277,task_created,2026-03-18
4647,277,task_created,2026-07-10
4648,277,report_generated,2026-07-20
4649,277,file_uploaded,2026-04-13
4650,277,comment_added,2026-05-21
4651,277,file_uploaded,2026-03-15
4652,277,file_uploaded,2026-04-16
4653,277,comment_added,2026-08-25
4654,278,login,2025-01-03
4655,278,task_created,2025-05-07
4656,278,comment_added,2025-11-30
4657,278,comment_added,2025-03-15
4658,279,task_created,2025-11-03
4659,279,task_created,2025-10-19
4660,279,task_created,2026-08-24
4661,280,report_generated,2025-04-07
4662,280,login,2026-03-31
4663,280,report_generated,2026-01-27
4664,280,login,2026-08-20
4665,280,file_uploaded,2026-08-17
4666,280,file_uploaded,2026-05-21
4667,280,report_generated,2026-03-19
4668,280,comment_added,2026-06-03
4669,280,login,2026-03-02
4670,280,file_uploaded,2025-09-20
4671,280,report_generated,2026-06-05
4672,280,comment_added,2025-09-21
4673,280,comment_added,2025-09-06
4674,280,file_uploaded,2026-06-13
4675,281,file_uploaded,2026-05-06
4676,281,comment_added,2026-05-06
4677,281,login,2026-01-31
4678,281,login,2026-02-03
4679,281,comment_added,2025-12-20
4680,282,login,2026-01-26
4681,282,comment_added,2026-04-23
4682,282,login,2026-06-11
4683,282,comment_added,2026-02-28
4684,282,login,2026-07-19
4685,282,file_uploaded,2025-09-23
4686,282,task_created,2025-07-05
4687,282,comment_added,2026-03-11
4688,283,login,2026-03-23
4689,283,file_uploaded,2025-12-18
4690,283,report_generated,2025-11-11
4691,283,file_uploaded,2026-05-04
4692,283,file_uploaded,2026-08-05
4693,283,report_generated,2025-09-12
4694,283,comment_added,2026-01-01
4695,283,report_generated,2026-02-01
4696,283,report_generated,2026-08-12
4697,283,file_uploaded,2026-02-13
4698,283,task_created,2026-08-19
4699,283,file_uploaded,2025-09-11
4700,283,login,2025-09-25
4701,283,task_created,2025-09-22
4702,283,comment_added,2026-03-19
4703,283,report_generated,2026-07-13
4704,284,task_created,2026-08-11
4705,284,task_created,2026-08-24
4706,284,task_created,2026-08-19
4707,284,login,2026-08-19
4708,284,task_created,2026-08-23
4709,284,task_created,2026-08-18
4710,284,report_generated,2026-08-20
4711,284,file_uploaded,2026-07-20
4712,284,login,2026-07-29
4713,284,comment_added,2026-07-16
4714,284,comment_added,2026-07-15
4715,284,report_generated,2026-08-19
4716,285,report_generated,2026-05-29
4717,285,login,2026-06-10
4718,285,login,2026-05-12
4719,285,login,2026-08-08
4720,286,comment_added,2026-07-04
4721,286,login,2026-03-05
4722,286,comment_added,2026-07-02
4723,286,comment_added,2026-02-14
4724,286,login,2026-05-02
4725,286,task_created,2026-08-03
4726,286,report_generated,2026-05-21
4727,286,task_created,2026-03-13
4728,287,task_created,2026-06-14
4729,287,task_created,2026-03-15
4730,287,task_created,2026-05-15
4731,287,file_uploaded,2026-07-02
4732,287,report_generated,2026-07-14
4733,287,login,2026-06-15
4734,288,login,2025-12-29
4735,288,login,2025-10-23
4736,288,comment_added,2026-07-03
4737,288,login,2025-10-02
4738,288,comment_added,2026-04-03
4739,288,login,2025-10-12
4740,288,report_generated,2025-10-22
4741,288,task_created,2025-12-23
4742,288,login,2025-09-27
4743,288,report_generated,2026-04-21
4744,288,file_uploaded,2025-11-25
4745,288,file_uploaded,2025-10-01
4746,288,file_uploaded,2025-08-22
4747,288,file_uploaded,2025-09-17
4748,288,login,2026-06-27
4749,288,file_uploaded,2025-11-26
4750,288,report_generated,2026-02-19
4751,288,file_uploaded,2026-07-01
4752,288,task_created,2025-11-01
4753,288,login,2026-01-10
4754,289,task_created,2026-08-28
4755,289,comment_added,2026-07-28
4756,289,comment_added,2026-07-24
4757,289,login,2026-08-22
4758,289,report_generated,2026-05-20
4759,289,file_uploaded,2026-06-18
4760,289,comment_added,2026-07-22
4761,289,login,2026-07-13
4762,289,comment_added,2026-05-25
4763,289,report_generated,2026-08-07
4764,289,login,2026-08-31
4765,289,comment_added,2026-05-29
4766,289,comment_added,2026-05-08
4767,289,comment_added,2026-05-07
4768,289,task_created,2026-07-09
4769,289,report_generated,2026-06-01
4770,289,task_created,2026-05-19
4771,289,report_generated,2026-05-08
4772,289,task_created,2026-05-22
4773,290,task_created,2026-06-17
4774,290,report_generated,2026-07-11
4775,290,task_created,2026-08-07
4776,290,report_generated,2026-06-18
4777,291,report_generated,2026-06-29
4778,291,file_uploaded,2026-05-17
4779,291,comment_added,2026-05-01
4780,291,task_created,2026-04-12
4781,291,task_created,2026-01-26
4782,291,report_generated,2025-12-30
4783,291,login,2026-04-09
4784,291,comment_added,2026-07-15
4785,291,task_created,2026-02-26
4786,291,file_uploaded,2026-01-03
4787,291,file_uploaded,2026-04-29
4788,291,comment_added,2026-04-24
4789,291,report_generated,2026-02-06
4790,291,login,2026-08-04
4791,291,file_uploaded,2026-07-27
4792,291,task_created,2026-04-27
4793,291,report_generated,2026-07-07
4794,291,login,2026-03-30
4795,292,task_created,2026-08-28
4796,292,comment_added,2026-08-02
4797,292,comment_added,2026-08-16
4798,293,report_generated,2026-04-19
4799,293,comment_added,2026-06-08
4800,293,file_uploaded,2026-04-05
4801,293,login,2026-01-12
4802,293,report_generated,2026-02-20
4803,293,task_created,2026-04-24
4804,293,task_created,2026-04-06
4805,293,task_created,2026-01-23
4806,293,report_generated,2026-06-22
4807,293,task_created,2026-04-10
4808,293,report_generated,2026-07-23
4809,293,login,2026-02-05
4810,293,login,2026-03-27
4811,293,report_generated,2026-07-07
4812,293,file_uploaded,2026-02-28
4813,293,report_generated,2026-05-30
4814,293,task_created,2026-08-23
4815,293,login,2026-05-28
4816,293,report_generated,2026-04-13
4817,293,task_created,2026-06-08
4818,293,task_created,2026-05-19
4819,293,comment_added,2026-01-31
4820,293,comment_added,2026-03-17
4821,293,login,2026-08-19
4822,293,file_uploaded,2026-05-31
4823,293,file_uploaded,2026-06-28
4824,293,report_generated,2026-03-27
4825,293,task_created,2026-02-24
4826,293,file_uploaded,2026-01-17
4827,293,login,2026-05-12
4828,293,file_uploaded,2026-03-16
4829,293,login,2026-02-04
4830,293,task_created,2026-04-30
4831,293,report_generated,2026-06-07
4832,293,file_uploaded,2026-06-05
4833,293,comment_added,2026-03-06
4834,293,report_generated,2026-01-10
4835,294,comment_added,2025-02-28
4836,294,file_uploaded,2025-02-14
4837,294,task_created,2025-11-28
4838,294,login,2026-03-29
4839,294,comment_added,2026-08-10
4840,294,report_generated,2025-03-22
4841,294,login,2025-02-26
4842,294,login,2026-06-06
4843,295,report_generated,2026-07-26
4844,295,report_generated,2026-07-08
4845,295,file_uploaded,2026-07-17
4846,295,comment_added,2026-06-13
4847,295,file_uploaded,2026-07-13
4848,295,login,2026-08-20
4849,295,report_generated,2026-07-23
4850,295,file_uploaded,2026-08-31
4851,295,login,2026-08-05
4852,295,comment_added,2026-07-20
4853,295,login,2026-06-16
4854,295,login,2026-07-01
4855,295,task_created,2026-06-04
4856,295,report_generated,2026-06-16
4857,295,file_uploaded,2026-08-30
4858,295,task_created,2026-07-01
4859,295,task_created,2026-06-14
4860,295,comment_added,2026-07-20
4861,295,login,2026-06-03
4862,295,login,2026-07-06
4863,295,login,2026-06-17
4864,295,login,2026-07-11
4865,295,report_generated,2026-07-06
4866,295,comment_added,2026-08-30
4867,295,report_generated,2026-07-21
4868,295,task_created,2026-08-31
4869,295,comment_added,2026-06-20
4870,295,login,2026-07-31
4871,295,report_generated,2026-06-19
4872,295,comment_added,2026-06-21
4873,295,file_uploaded,2026-07-25
4874,295,login,2026-08-27
4875,295,comment_added,2026-08-08
4876,296,comment_added,2025-06-08
4877,296,file_uploaded,2026-02-06
4878,296,report_generated,2025-07-19
4879,296,task_created,2026-02-11
4880,296,report_generated,2025-01-07
4881,296,login,2025-08-04
4882,296,comment_added,2025-10-01
4883,296,task_created,2025-06-10
4884,296,login,2024-12-23
4885,296,login,2026-02-23
4886,296,login,2025-05-10
4887,296,task_created,2026-08-22
4888,296,file_uploaded,2026-01-27
4889,296,file_uploaded,2025-04-15
4890,296,report_generated,2025-01-20
4891,296,comment_added,2025-05-06
4892,296,comment_added,2026-03-29
4893,296,report_generated,2025-08-21
4894,296,task_created,2026-01-12
4895,296,login,2026-03-05
4896,296,task_created,2025-02-15
4897,296,file_uploaded,2025-10-12
4898,296,comment_added,2026-01-11
4899,296,task_created,2026-03-14
4900,296,task_created,2025-11-18
4901,296,report_generated,2024-12-14
4902,296,task_created,2025-12-12
4903,296,comment_added,2025-08-15
4904,296,login,2026-07-30
4905,296,file_uploaded,2025-03-04
4906,296,login,2025-01-22
4907,296,login,2025-06-08
4908,296,task_created,2026-01-19
4909,296,login,2025-07-05
4910,296,comment_added,2026-02-04
4911,296,report_generated,2026-01-11
4912,296,login,2025-07-03
4913,296,login,2026-04-21
4914,296,file_uploaded,2025-10-02
4915,296,task_created,2025-05-10
4916,296,comment_added,2025-11-15
4917,296,comment_added,2025-12-20
4918,296,login,2025-09-11
4919,296,report_generated,2025-12-30
4920,296,login,2025-10-18
4921,296,file_uploaded,2024-11-24
4922,296,task_created,2025-12-11
4923,296,task_created,2025-08-02
4924,296,task_created,2025-11-21
4925,296,report_generated,2026-06-05
4926,296,comment_added,2026-03-31
4927,296,comment_added,2026-02-22
4928,296,login,2025-12-22
4929,296,login,2026-09-02
4930,296,task_created,2026-07-28
4931,296,task_created,2025-01-26
4932,296,login,2025-01-30
4933,296,comment_added,2024-11-10
4934,296,task_created,2025-07-04
4935,297,comment_added,2025-06-21
4936,297,report_generated,2025-07-09
4937,297,comment_added,2025-09-11
4938,297,file_uploaded,2026-05-12
4939,297,file_uploaded,2025-12-05
4940,297,task_created,2025-07-09
4941,297,report_generated,2026-05-29
4942,297,task_created,2026-01-27
4943,298,task_created,2025-08-03
4944,298,report_generated,2026-01-30
4945,298,login,2025-11-30
4946,298,task_created,2025-05-16
4947,298,comment_added,2026-07-09
4948,298,report_generated,2026-06-12
4949,298,task_created,2025-10-11
4950,298,login,2025-12-28
4951,298,task_created,2025-07-29
4952,298,file_uploaded,2026-01-15
4953,298,login,2025-07-04
4954,298,file_uploaded,2026-06-09
4955,298,login,2026-01-17
4956,298,report_generated,2025-08-09
4957,298,task_created,2025-04-28
4958,298,comment_added,2025-02-18
4959,298,file_uploaded,2026-02-04
4960,298,file_uploaded,2025-02-10
4961,298,file_uploaded,2025-10-20
4962,299,login,2025-07-30
4963,299,comment_added,2025-04-26
4964,299,task_created,2026-01-31
4965,299,task_created,2025-09-27
4966,299,login,2025-07-14
4967,299,report_generated,2026-02-14
4968,300,file_uploaded,2026-09-01
4969,300,comment_added,2026-08-29
4970,300,file_uploaded,2026-08-26
4971,300,report_generated,2026-08-26
4972,300,login,2026-09-01
4973,300,report_generated,2026-08-29
4974,300,comment_added,2026-08-28
4975,300,login,2026-09-02
4976,300,comment_added,2026-08-26
4977,300,task_created,2026-08-18
4978,300,task_created,2026-08-31
4979,300,report_generated,2026-08-22
4980,301,login,2026-02-03
4981,301,comment_added,2025-09-27
4982,301,file_uploaded,2026-06-08
4983,301,task_created,2025-11-25
4984,301,login,2026-06-10
4985,301,file_uploaded,2025-09-01
4986,301,login,2026-04-17
4987,301,comment_added,2025-10-12
4988,301,file_uploaded,2026-08-28
4989,301,comment_added,2026-08-16
4990,301,report_generated,2025-08-22
4991,301,report_generated,2026-05-07
4992,302,file_uploaded,2026-04-30
4993,302,report_generated,2026-06-13
4994,302,task_created,2026-04-19
4995,302,comment_added,2025-12-03
4996,302,report_generated,2026-08-05
4997,302,file_uploaded,2026-01-13
4998,303,file_uploaded,2026-06-25
4999,303,report_generated,2026-02-28
5000,303,login,2025-10-08
5001,303,file_uploaded,2025-05-18
5002,303,task_created,2026-08-31
5003,304,task_created,2026-06-01
5004,304,report_generated,2026-06-15
5005,304,comment_added,2026-07-11
5006,304,task_created,2026-07-22
5007,304,file_uploaded,2026-04-20
5008,304,login,2026-04-16
5009,304,report_generated,2026-08-25
5010,304,file_uploaded,2026-02-05
5011,304,task_created,2026-02-12
5012,304,comment_added,2026-04-15
5013,304,login,2026-03-05
5014,304,report_generated,2026-06-07
5015,304,file_uploaded,2026-02-03
5016,305,login,2025-11-14
5017,305,report_generated,2025-06-12
5018,305,report_generated,2025-07-27
5019,305,report_generated,2026-08-10
5020,306,comment_added,2026-08-02
5021,306,login,2026-05-05
5022,306,task_created,2026-06-04
5023,306,file_uploaded,2026-05-16
5024,306,login,2026-08-23
5025,306,task_created,2026-06-09
5026,307,file_uploaded,2026-06-12
5027,307,task_created,2026-07-23
5028,307,file_uploaded,2026-09-02
5029,307,file_uploaded,2026-08-01
5030,307,report_generated,2026-06-20
5031,307,comment_added,2026-07-16
5032,307,task_created,2026-07-17
5033,307,file_uploaded,2026-08-19
5034,307,report_generated,2026-09-02
5035,307,task_created,2026-08-21
5036,307,report_generated,2026-07-03
5037,307,file_uploaded,2026-06-25
5038,307,task_created,2026-08-17
5039,307,report_generated,2026-07-16
5040,307,report_generated,2026-06-18
5041,307,file_uploaded,2026-08-19
5042,307,task_created,2026-08-16
5043,307,file_uploaded,2026-07-26
5044,307,task_created,2026-06-20
5045,307,file_uploaded,2026-08-14
5046,307,comment_added,2026-07-18
5047,307,file_uploaded,2026-07-23
5048,307,file_uploaded,2026-07-23
5049,307,file_uploaded,2026-08-06
5050,307,file_uploaded,2026-07-30
5051,307,comment_added,2026-06-11
5052,307,file_uploaded,2026-06-11
5053,307,task_created,2026-06-19
5054,307,report_generated,2026-08-25
5055,307,comment_added,2026-07-09
5056,308,report_generated,2026-03-23
5057,308,comment_added,2025-09-07
5058,308,comment_added,2026-04-08
5059,308,login,2025-12-01
5060,308,file_uploaded,2026-07-25
5061,308,file_uploaded,2025-09-06
5062,308,login,2026-06-12
5063,308,comment_added,2026-02-25
5064,308,login,2026-02-24
5065,308,login,2025-08-16
5066,308,login,2025-11-19
5067,308,comment_added,2025-12-21
5068,308,report_generated,2025-08-22
5069,308,file_uploaded,2026-04-19
5070,308,report_generated,2026-06-22
5071,308,login,2025-08-04
5072,308,comment_added,2026-07-18
5073,308,comment_added,2026-06-14
5074,308,login,2026-07-17
5075,308,task_created,2026-06-28
5076,308,task_created,2026-03-25
5077,308,file_uploaded,2026-04-17
5078,308,task_created,2025-09-11
5079,308,task_created,2026-06-14
5080,308,report_generated,2025-12-05
5081,308,login,2026-07-07
5082,308,file_uploaded,2026-08-20
5083,308,task_created,2026-05-19
5084,308,login,2025-08-31
5085,308,task_created,2025-07-04
5086,308,login,2026-05-09
5087,308,login,2026-03-27
5088,308,task_created,2025-11-07
5089,309,file_uploaded,2025-06-01
5090,309,comment_added,2025-03-12
5091,309,file_uploaded,2026-05-15
5092,309,login,2025-04-12
5093,309,file_uploaded,2025-12-19
5094,309,task_created,2026-06-25
5095,310,comment_added,2025-08-14
5096,310,comment_added,2025-09-09
5097,310,comment_added,2026-03-11
5098,310,file_uploaded,2025-04-22
5099,310,login,2025-05-15
5100,310,task_created,2025-06-24
5101,310,task_created,2025-08-20
5102,310,comment_added,2026-05-24
5103,310,file_uploaded,2025-07-10
5104,310,report_generated,2026-04-22
5105,310,login,2025-10-09
5106,311,report_generated,2026-08-04
5107,311,file_uploaded,2025-12-24
5108,311,login,2026-04-17
5109,311,file_uploaded,2026-07-06
5110,311,task_created,2026-05-27
5111,311,report_generated,2025-04-15
5112,311,login,2026-06-29
5113,311,login,2026-04-20
5114,311,login,2026-01-22
5115,311,login,2026-06-16
5116,311,task_created,2026-03-16
5117,311,file_uploaded,2026-07-10
5118,311,login,2025-12-26
5119,311,report_generated,2025-08-27
5120,311,comment_added,2026-08-12
5121,311,report_generated,2025-10-19
5122,311,comment_added,2026-04-21
5123,312,task_created,2026-07-28
5124,312,report_generated,2026-08-02
5125,312,report_generated,2026-08-29
5126,312,task_created,2026-08-22
5127,312,report_generated,2026-08-10
5128,313,login,2026-08-29
5129,313,file_uploaded,2026-09-02
5130,313,file_uploaded,2026-08-29
5131,313,task_created,2026-09-01
5132,313,comment_added,2026-09-01
5133,313,comment_added,2026-09-02
5134,313,task_created,2026-08-27
5135,313,comment_added,2026-08-28
5136,313,report_generated,2026-09-01
5137,313,comment_added,2026-09-01
5138,313,login,2026-08-29
5139,313,login,2026-08-23
5140,313,task_created,2026-08-25
5141,313,login,2026-08-24
5142,313,file_uploaded,2026-08-30
5143,313,task_created,2026-08-28
5144,313,login,2026-08-26
5145,314,file_uploaded,2025-11-06
5146,314,file_uploaded,2026-08-30
5147,314,login,2025-09-10
5148,314,report_generated,2026-06-18
5149,314,login,2025-10-06
5150,315,file_uploaded,2026-05-10
5151,315,comment_added,2026-07-26
5152,315,task_created,2026-04-29
5153,315,login,2026-07-13
5154,315,file_uploaded,2026-08-15
5155,315,comment_added,2026-05-26
5156,315,task_created,2026-06-12
5157,315,file_uploaded,2026-06-25
5158,315,report_generated,2026-08-12
5159,315,task_created,2026-06-18
5160,315,file_uploaded,2026-06-02
5161,315,login,2026-06-10
5162,315,login,2026-04-28
5163,315,login,2026-06-13
5164,315,login,2026-05-27
5165,315,file_uploaded,2026-07-23
5166,315,report_generated,2026-05-10
5167,315,comment_added,2026-06-08
5168,315,task_created,2026-08-27
5169,315,comment_added,2026-06-14
5170,315,comment_added,2026-08-21
5171,315,report_generated,2026-07-21
5172,315,login,2026-05-27
5173,315,file_uploaded,2026-08-12
5174,315,login,2026-07-27
5175,315,task_created,2026-05-12
5176,315,report_generated,2026-09-01
5177,315,login,2026-05-17
5178,316,task_created,2026-04-24
5179,316,comment_added,2025-09-07
5180,316,report_generated,2026-05-15
5181,316,task_created,2025-08-23
5182,316,report_generated,2026-01-07
5183,316,report_generated,2026-02-27
5184,316,task_created,2025-09-15
5185,316,login,2026-01-06
5186,316,comment_added,2026-05-12
5187,317,comment_added,2025-09-13
5188,317,report_generated,2026-06-05
5189,317,comment_added,2026-02-21
5190,317,comment_added,2025-03-08
5191,317,comment_added,2025-05-02
5192,318,report_generated,2025-12-08
5193,318,login,2026-03-11
5194,318,report_generated,2025-04-27
5195,318,report_generated,2025-11-12
5196,318,report_generated,2025-07-22
5197,318,login,2026-07-09
5198,318,task_created,2025-06-21
5199,318,report_generated,2026-01-16
5200,318,login,2026-07-28
5201,318,file_uploaded,2025-08-09
5202,318,comment_added,2025-05-18
5203,318,comment_added,2026-07-18
5204,318,login,2026-04-05
5205,318,login,2025-10-05
5206,318,file_uploaded,2026-08-10
5207,318,comment_added,2026-02-11
5208,318,login,2026-07-30
5209,318,comment_added,2026-07-09
5210,318,task_created,2025-12-12
5211,318,login,2025-08-27
5212,318,login,2025-06-03
5213,318,comment_added,2025-12-21
5214,318,report_generated,2025-08-04
5215,318,file_uploaded,2025-11-17
5216,318,task_created,2025-09-13
5217,318,login,2025-04-21
5218,318,task_created,2025-04-24
5219,318,comment_added,2026-01-09
5220,318,file_uploaded,2026-06-25
5221,318,login,2026-03-26
5222,318,file_uploaded,2026-01-18
5223,318,file_uploaded,2025-05-07
5224,318,file_uploaded,2026-05-08
5225,318,task_created,2026-04-02
5226,318,file_uploaded,2025-11-17
5227,318,task_created,2026-01-17
5228,318,file_uploaded,2025-06-09
5229,318,comment_added,2025-06-10
5230,318,report_generated,2026-08-27
5231,318,task_created,2025-10-08
5232,319,file_uploaded,2026-02-27
5233,319,task_created,2025-05-11
5234,319,login,2025-11-05
5235,319,task_created,2025-03-23
5236,319,comment_added,2026-05-09
5237,319,login,2025-04-28
5238,319,login,2025-11-23
5239,319,login,2025-05-30
5240,319,file_uploaded,2025-07-20
5241,319,report_generated,2025-09-13
5242,319,report_generated,2025-04-26
5243,319,comment_added,2026-03-06
5244,319,report_generated,2025-11-18
5245,319,comment_added,2025-07-23
5246,319,file_uploaded,2026-04-24
5247,319,login,2025-07-16
5248,319,report_generated,2025-05-30
5249,319,file_uploaded,2025-10-09
5250,319,task_created,2026-03-13
5251,319,report_generated,2026-06-10
5252,319,comment_added,2026-03-23
5253,319,task_created,2026-01-06
5254,319,report_generated,2025-12-11
5255,319,login,2026-08-10
5256,319,report_generated,2025-05-07
5257,319,comment_added,2026-05-07
5258,319,report_generated,2026-07-23
5259,319,task_created,2025-06-01
5260,319,comment_added,2025-07-31
5261,319,report_generated,2025-11-04
5262,319,login,2025-10-14
5263,319,task_created,2026-03-29
5264,319,task_created,2025-04-18
5265,319,file_uploaded,2026-06-06
5266,319,login,2025-07-07
5267,319,login,2026-08-05
5268,319,report_generated,2025-12-14
5269,319,report_generated,2026-04-10
5270,319,login,2025-06-07
5271,319,comment_added,2025-12-23
5272,319,file_uploaded,2026-04-10
5273,319,file_uploaded,2025-04-01
5274,319,file_uploaded,2026-04-10
5275,319,task_created,2025-04-27
5276,319,file_uploaded,2025-10-09
5277,319,file_uploaded,2025-09-17
5278,319,report_generated,2025-05-05
5279,319,comment_added,2025-04-14
5280,320,login,2025-11-12
5281,320,report_generated,2026-08-06
5282,320,comment_added,2025-08-16
5283,320,login,2025-06-30
5284,320,comment_added,2025-11-05
5285,320,file_uploaded,2026-02-08
5286,320,login,2025-01-18
5287,320,file_uploaded,2026-06-10
5288,320,comment_added,2025-09-11
5289,320,file_uploaded,2026-03-10
5290,320,comment_added,2026-06-30
5291,320,report_generated,2026-05-06
5292,320,file_uploaded,2025-05-06
5293,320,task_created,2026-03-14
5294,320,login,2025-04-05
5295,320,report_generated,2025-09-04
5296,320,task_created,2025-02-16
5297,320,report_generated,2026-05-30
5298,320,comment_added,2025-11-01
5299,320,login,2025-12-30
5300,320,report_generated,2026-08-13
5301,320,report_generated,2025-11-26
5302,320,comment_added,2025-08-04
5303,320,login,2024-12-03
5304,320,comment_added,2025-10-01
5305,320,report_generated,2025-10-15
5306,320,file_uploaded,2025-05-23
5307,320,login,2026-03-09
5308,320,login,2026-02-14
5309,320,login,2026-03-13
5310,321,file_uploaded,2025-10-27
5311,321,comment_added,2026-08-09
5312,321,file_uploaded,2025-06-05
5313,321,comment_added,2024-12-23
5314,321,report_generated,2025-01-14
5315,321,comment_added,2026-07-11
5316,321,login,2025-09-11
5317,321,task_created,2026-01-19
5318,321,report_generated,2025-07-16
5319,321,file_uploaded,2025-07-17
5320,321,task_created,2025-03-04
5321,321,task_created,2026-08-01
5322,321,comment_added,2025-03-24
5323,321,login,2026-08-27
5324,321,login,2025-06-20
5325,321,login,2026-08-26
5326,321,comment_added,2025-05-01
5327,321,comment_added,2026-01-18
5328,321,login,2025-09-14
5329,321,task_created,2026-05-14
5330,321,report_generated,2024-12-26
5331,321,login,2025-07-15
5332,321,comment_added,2025-10-21
5333,321,comment_added,2024-12-09
5334,321,report_generated,2025-06-22
5335,321,login,2025-02-13
5336,321,file_uploaded,2026-03-28
5337,321,comment_added,2025-02-17
5338,321,task_created,2025-01-12
5339,321,report_generated,2025-05-21
5340,321,report_generated,2026-06-01
5341,321,login,2025-12-24
5342,321,file_uploaded,2026-08-13
5343,321,task_created,2025-08-10
5344,321,report_generated,2024-11-19
5345,321,report_generated,2026-07-08
5346,321,file_uploaded,2025-10-03
5347,321,report_generated,2026-08-23
5348,321,report_generated,2026-02-18
5349,321,login,2026-07-23
5350,321,report_generated,2025-04-07
5351,321,report_generated,2024-12-09
5352,321,comment_added,2025-03-27
5353,321,login,2024-11-20
5354,321,task_created,2026-07-10
5355,321,comment_added,2025-09-10
5356,321,comment_added,2026-03-29
5357,321,task_created,2025-10-12
5358,321,comment_added,2025-11-16
5359,321,task_created,2024-11-27
5360,321,login,2025-11-19
5361,321,task_created,2025-01-12
5362,322,comment_added,2026-08-02
5363,322,comment_added,2026-08-12
5364,322,comment_added,2026-03-05
5365,322,comment_added,2025-05-05
5366,322,comment_added,2025-02-22
5367,322,comment_added,2026-04-29
5368,322,file_uploaded,2026-06-17
5369,322,report_generated,2025-11-21
5370,322,comment_added,2025-07-19
5371,322,task_created,2025-10-28
5372,322,task_created,2025-12-03
5373,322,task_created,2026-01-06
5374,322,report_generated,2026-04-12
5375,322,task_created,2025-04-29
5376,322,file_uploaded,2026-04-01
5377,322,login,2026-01-06
5378,322,comment_added,2025-12-27
5379,322,login,2026-06-02
5380,322,file_uploaded,2026-01-06
5381,323,task_created,2026-03-31
5382,323,file_uploaded,2026-01-10
5383,323,comment_added,2025-09-20
5384,323,task_created,2026-07-23
5385,323,task_created,2026-02-25
5386,323,file_uploaded,2026-06-27
5387,323,comment_added,2026-05-06
5388,323,task_created,2026-05-01
5389,323,report_generated,2026-04-01
5390,323,report_generated,2026-07-07
5391,323,report_generated,2025-11-16
5392,323,login,2025-07-25
5393,323,file_uploaded,2025-12-21
5394,323,task_created,2026-02-08
5395,323,file_uploaded,2026-03-16
5396,323,task_created,2026-04-14
5397,323,task_created,2026-08-29
5398,323,file_uploaded,2026-08-17
5399,323,task_created,2025-06-02
5400,323,file_uploaded,2025-07-26
5401,323,comment_added,2025-10-07
5402,323,file_uploaded,2026-05-25
5403,323,login,2026-06-10
5404,323,login,2025-07-29
5405,323,file_uploaded,2026-07-26
5406,323,task_created,2025-06-07
5407,323,task_created,2025-07-02
5408,323,comment_added,2026-02-13
5409,323,file_uploaded,2025-12-10
5410,323,task_created,2025-11-23
5411,323,comment_added,2025-12-17
5412,323,report_generated,2025-09-26
5413,323,report_generated,2025-07-25
5414,323,report_generated,2026-08-28
5415,323,comment_added,2026-03-24
5416,323,login,2026-04-06
5417,323,login,2026-05-30
5418,323,report_generated,2025-07-02
5419,323,file_uploaded,2026-01-10
5420,323,file_uploaded,2026-04-13
5421,323,file_uploaded,2026-06-09
5422,323,file_uploaded,2025-10-21
5423,323,task_created,2026-05-19
5424,323,task_created,2026-06-05
5425,323,comment_added,2026-05-31
5426,323,comment_added,2026-07-19
5427,323,task_created,2025-07-07
5428,323,login,2026-08-27
5429,323,comment_added,2026-03-25
5430,324,file_uploaded,2025-10-22
5431,324,report_generated,2025-10-27
5432,324,task_created,2025-11-26
5433,324,comment_added,2026-01-01
5434,324,login,2025-09-06
5435,324,report_generated,2025-08-12
5436,324,report_generated,2025-12-24
5437,324,comment_added,2025-05-10
5438,324,comment_added,2026-01-06
5439,324,comment_added,2026-02-06
5440,324,file_uploaded,2026-06-22
5441,324,report_generated,2025-09-09
5442,324,report_generated,2025-10-29
5443,324,task_created,2026-05-08
5444,324,task_created,2026-08-17
5445,324,task_created,2025-05-07
5446,324,comment_added,2025-11-22
5447,324,comment_added,2025-09-05
5448,324,comment_added,2026-07-10
5449,324,login,2025-09-23
5450,325,report_generated,2026-03-19
5451,325,login,2025-12-16
5452,325,report_generated,2026-02-17
5453,325,file_uploaded,2026-05-30
5454,325,task_created,2026-01-15
5455,325,report_generated,2026-02-17
5456,325,login,2026-07-30
5457,325,report_generated,2026-01-19
5458,325,login,2025-12-04
5459,325,comment_added,2026-01-06
5460,325,task_created,2026-06-10
5461,325,comment_added,2025-10-07
5462,325,comment_added,2025-10-13
5463,325,task_created,2026-06-25
5464,325,file_uploaded,2025-09-26
5465,325,report_generated,2025-10-06
5466,325,report_generated,2026-01-05
5467,325,file_uploaded,2026-07-12
5468,325,comment_added,2026-05-08
5469,325,file_uploaded,2025-11-26
5470,325,login,2026-02-21
5471,325,file_uploaded,2025-11-23
5472,325,file_uploaded,2026-05-02
5473,325,login,2026-02-04
5474,325,report_generated,2025-12-02
5475,325,login,2026-08-31
5476,325,login,2026-03-23
5477,325,login,2026-01-14
5478,325,task_created,2026-03-09
5479,325,report_generated,2026-06-09
5480,326,file_uploaded,2026-02-10
5481,326,comment_added,2026-08-10
5482,326,login,2026-09-01
5483,326,login,2026-03-02
5484,326,login,2026-05-01
5485,326,report_generated,2026-06-15
5486,326,comment_added,2025-12-28
5487,326,login,2026-08-26
5488,326,login,2026-08-12
5489,326,task_created,2026-01-25
5490,326,file_uploaded,2026-07-19
5491,326,task_created,2026-01-12
5492,326,file_uploaded,2026-02-04
5493,326,file_uploaded,2025-12-08
5494,326,file_uploaded,2025-12-26
5495,326,task_created,2026-02-13
5496,326,login,2026-01-01
5497,326,task_created,2026-06-13
5498,326,file_uploaded,2025-09-23
5499,326,file_uploaded,2025-10-26
5500,326,comment_added,2026-07-04
5501,326,task_created,2026-01-06
5502,326,file_uploaded,2025-10-11
5503,326,comment_added,2026-02-03
5504,326,comment_added,2026-04-04
5505,326,report_generated,2026-01-20
5506,326,comment_added,2026-05-27
5507,326,task_created,2026-08-24
5508,326,task_created,2026-02-22
5509,326,file_uploaded,2026-02-18
5510,326,file_uploaded,2026-05-30
5511,326,report_generated,2026-07-25
5512,326,file_uploaded,2026-06-27
5513,326,login,2026-02-20
5514,326,login,2026-01-12
5515,326,file_uploaded,2026-02-16
5516,326,report_generated,2026-05-08
5517,326,file_uploaded,2026-01-26
5518,326,task_created,2025-11-20
5519,326,report_generated,2026-05-17
5520,326,login,2026-08-26
5521,326,file_uploaded,2026-03-18
5522,326,file_uploaded,2025-11-26
5523,326,comment_added,2026-05-30
5524,326,task_created,2026-04-20
5525,327,report_generated,2025-11-26
5526,327,comment_added,2026-03-29
5527,327,file_uploaded,2026-03-02
5528,327,comment_added,2025-12-13
5529,327,report_generated,2026-04-26
5530,327,file_uploaded,2026-04-23
5531,327,file_uploaded,2026-05-31
5532,327,file_uploaded,2026-06-17
5533,327,login,2026-03-25
5534,327,file_uploaded,2026-03-29
5535,327,report_generated,2026-03-04
5536,327,report_generated,2025-12-05
5537,327,file_uploaded,2026-06-29
5538,327,comment_added,2026-03-05
5539,327,comment_added,2026-02-05
5540,327,login,2026-02-25
5541,327,task_created,2026-04-29
5542,327,login,2026-08-15
5543,327,file_uploaded,2025-11-22
5544,327,report_generated,2025-12-28
5545,327,comment_added,2026-05-11
5546,327,login,2025-12-14
5547,328,task_created,2026-05-19
5548,328,comment_added,2026-04-09
5549,328,task_created,2026-02-26
5550,328,comment_added,2026-08-09
5551,328,task_created,2026-04-18
5552,328,task_created,2026-03-22
5553,329,report_generated,2025-12-15
5554,329,task_created,2026-01-25
5555,329,task_created,2026-06-17
5556,329,login,2024-12-11
5557,329,comment_added,2024-12-18
5558,329,comment_added,2025-03-12
5559,329,file_uploaded,2026-01-09
5560,329,task_created,2025-01-10
5561,329,report_generated,2025-09-13
5562,329,task_created,2024-12-22
5563,329,login,2025-08-08
5564,329,login,2025-09-02
5565,329,file_uploaded,2025-12-19
5566,329,report_generated,2025-04-11
5567,329,login,2025-02-22
5568,329,comment_added,2025-02-11
5569,329,login,2026-01-27
5570,329,comment_added,2024-12-13
5571,329,task_created,2026-08-09
5572,329,comment_added,2025-03-05
5573,329,task_created,2026-01-02
5574,329,report_generated,2026-08-10
5575,329,file_uploaded,2025-10-25
5576,329,login,2026-05-06
5577,329,report_generated,2025-10-03
5578,329,task_created,2026-03-12
5579,329,report_generated,2025-03-10
5580,329,file_uploaded,2026-07-11
5581,329,report_generated,2025-12-18
5582,329,login,2026-02-10
5583,329,file_uploaded,2025-07-13
5584,329,report_generated,2026-06-25
5585,329,report_generated,2026-04-06
5586,329,comment_added,2026-05-28
5587,329,file_uploaded,2025-08-05
5588,329,file_uploaded,2024-12-15
5589,329,report_generated,2026-01-05
5590,329,login,2026-06-10
5591,329,task_created,2026-03-06
5592,329,login,2026-07-12
5593,329,task_created,2026-01-08
5594,329,report_generated,2026-02-28
5595,329,comment_added,2026-03-31
5596,329,report_generated,2025-03-19
5597,329,task_created,2025-11-03
5598,329,login,2025-02-21
5599,330,task_created,2026-08-20
5600,330,file_uploaded,2026-08-09
5601,330,task_created,2026-08-21
5602,330,task_created,2026-08-05
5603,330,comment_added,2026-08-15
5604,330,file_uploaded,2026-08-29
5605,330,comment_added,2026-08-19
5606,330,task_created,2026-08-27
5607,330,file_uploaded,2026-08-04
5608,331,file_uploaded,2025-10-30
5609,332,report_generated,2026-08-05
5610,332,login,2026-07-26
5611,332,comment_added,2026-08-06
5612,332,file_uploaded,2026-08-24
5613,332,report_generated,2026-07-17
5614,332,task_created,2026-08-30
5615,332,file_uploaded,2026-08-21
5616,332,file_uploaded,2026-08-20
5617,332,task_created,2026-08-06
5618,332,file_uploaded,2026-08-06
5619,332,file_uploaded,2026-08-31
5620,332,comment_added,2026-08-18
5621,332,login,2026-09-02
5622,332,file_uploaded,2026-07-23
5623,333,login,2026-04-10
5624,333,task_created,2025-10-26
5625,333,login,2026-05-09
5626,333,comment_added,2025-07-08
5627,333,login,2026-05-05
5628,333,task_created,2025-07-11
5629,333,login,2025-11-27
5630,333,file_uploaded,2025-05-06
5631,333,task_created,2025-12-26
5632,333,comment_added,2026-03-03
5633,333,task_created,2025-12-22
5634,333,comment_added,2026-05-05
5635,333,file_uploaded,2025-11-17
5636,333,report_generated,2025-04-21
5637,333,file_uploaded,2025-06-16
5638,333,report_generated,2025-09-14
5639,333,report_generated,2026-01-09
5640,333,report_generated,2026-02-25
5641,333,task_created,2026-01-30
5642,333,report_generated,2025-06-28
5643,333,task_created,2026-01-09
5644,333,comment_added,2026-06-02
5645,333,report_generated,2026-08-17
5646,333,comment_added,2026-01-07
5647,333,file_uploaded,2025-08-23
5648,333,task_created,2025-12-09
5649,333,report_generated,2026-08-09
5650,333,task_created,2026-08-04
5651,333,comment_added,2025-07-10
5652,333,file_uploaded,2026-04-18
5653,333,report_generated,2025-04-22
5654,333,task_created,2025-11-16
5655,333,file_uploaded,2025-07-02
5656,333,login,2025-05-21
5657,333,task_created,2025-09-23
5658,333,login,2025-07-28
5659,333,file_uploaded,2026-01-17
5660,333,login,2025-10-03
5661,333,comment_added,2025-05-18
5662,333,comment_added,2025-12-12
5663,333,login,2025-07-06
5664,333,comment_added,2025-10-13
5665,333,task_created,2026-07-13
5666,333,login,2025-10-10
5667,333,task_created,2026-08-05
5668,333,report_generated,2025-09-04
5669,333,file_uploaded,2026-06-11
5670,333,report_generated,2026-02-10
5671,333,comment_added,2025-10-22
5672,333,file_uploaded,2026-05-14
5673,333,report_generated,2026-08-08
5674,334,comment_added,2026-08-07
5675,334,task_created,2026-08-18
5676,334,comment_added,2026-06-06
5677,335,login,2026-08-10
5678,335,task_created,2026-08-29
5679,335,task_created,2026-08-14
5680,335,comment_added,2026-08-14
5681,336,task_created,2025-03-08
5682,336,comment_added,2026-05-12
5683,336,report_generated,2025-12-21
5684,336,comment_added,2026-07-06
5685,336,report_generated,2026-08-05
5686,336,file_uploaded,2026-08-16
5687,336,task_created,2025-06-26
5688,336,task_created,2024-11-26
5689,336,login,2025-07-03
5690,336,task_created,2026-08-15
5691,336,task_created,2025-04-19
5692,336,login,2026-03-25
5693,336,login,2025-10-21
5694,336,task_created,2025-01-16
5695,336,file_uploaded,2026-05-01
5696,336,file_uploaded,2026-02-02
5697,336,report_generated,2025-10-24
5698,336,login,2026-04-20
5699,336,comment_added,2025-07-28
5700,336,file_uploaded,2025-12-31
5701,336,file_uploaded,2025-12-23
5702,336,report_generated,2025-11-22
5703,336,report_generated,2026-05-12
5704,336,login,2026-05-21
5705,336,task_created,2026-08-05
5706,336,report_generated,2025-05-13
5707,336,file_uploaded,2025-04-19
5708,336,file_uploaded,2026-06-20
5709,336,report_generated,2026-04-09
5710,336,comment_added,2025-03-27
5711,336,report_generated,2026-02-12
5712,336,login,2025-05-25
5713,336,file_uploaded,2025-12-03
5714,336,file_uploaded,2025-11-13
5715,336,comment_added,2025-06-30
5716,336,task_created,2026-06-20
5717,336,report_generated,2025-12-20
5718,336,login,2025-05-26
5719,336,file_uploaded,2025-06-12
5720,336,comment_added,2025-11-28
5721,336,login,2025-06-11
5722,336,report_generated,2026-07-17
5723,336,login,2025-10-26
5724,336,report_generated,2025-12-06
5725,336,login,2026-04-22
5726,336,report_generated,2026-08-07
5727,336,report_generated,2024-12-28
5728,336,file_uploaded,2026-03-29
5729,336,report_generated,2025-01-07
5730,336,login,2025-08-31
5731,336,login,2026-07-02
5732,337,file_uploaded,2026-08-10
5733,337,file_uploaded,2026-04-02
5734,337,task_created,2026-02-01
5735,337,comment_added,2026-01-23
5736,337,login,2026-07-13
5737,337,report_generated,2025-06-14
5738,337,comment_added,2025-06-09
5739,337,task_created,2026-08-26
5740,337,task_created,2026-05-22
5741,337,task_created,2026-08-14
5742,337,file_uploaded,2025-07-07
5743,337,login,2026-07-27
5744,337,file_uploaded,2025-06-23
5745,337,login,2026-04-17
5746,337,login,2025-11-02
5747,337,comment_added,2026-08-08
5748,337,task_created,2025-10-15
5749,337,comment_added,2026-04-26
5750,337,login,2026-06-07
5751,337,report_generated,2025-11-12
5752,337,task_created,2026-08-28
5753,337,comment_added,2026-09-01
5754,337,report_generated,2026-05-30
5755,337,login,2026-02-14
5756,337,file_uploaded,2026-05-01
5757,337,login,2025-12-25
5758,337,task_created,2025-06-28
5759,337,comment_added,2026-07-22
5760,337,report_generated,2025-08-09
5761,337,task_created,2025-07-07
5762,337,login,2026-01-08
5763,337,comment_added,2025-10-14
5764,337,comment_added,2025-09-04
5765,337,task_created,2025-12-21
5766,337,login,2026-04-16
5767,337,report_generated,2025-11-01
5768,337,report_generated,2026-03-09
5769,337,report_generated,2025-07-25
5770,337,comment_added,2026-01-19
5771,337,login,2026-07-28
5772,337,file_uploaded,2026-03-11
5773,337,login,2025-07-10
5774,337,task_created,2025-07-11
5775,337,login,2026-06-03
5776,337,report_generated,2025-08-29
5777,337,login,2026-03-24
5778,337,task_created,2026-06-22
5779,337,login,2026-07-03
5780,337,report_generated,2025-09-14
5781,337,login,2026-01-16
5782,337,task_created,2026-08-18
5783,337,task_created,2025-10-30
5784,337,task_created,2026-06-12
5785,337,login,2025-10-31
5786,337,report_generated,2025-12-06
5787,337,report_generated,2025-08-25
5788,337,comment_added,2025-08-05
5789,337,file_uploaded,2025-11-03
5790,337,task_created,2025-09-18
5791,338,task_created,2026-04-05
5792,338,report_generated,2026-02-15
5793,338,file_uploaded,2026-03-29
5794,338,login,2026-04-01
5795,338,report_generated,2026-07-25
5796,338,report_generated,2026-05-22
5797,338,file_uploaded,2026-08-11
5798,338,login,2026-02-12
5799,338,task_created,2026-06-02
5800,338,comment_added,2026-08-19
5801,338,file_uploaded,2026-03-04
5802,338,report_generated,2026-05-13
5803,338,report_generated,2026-03-03
5804,338,comment_added,2026-08-01
5805,338,login,2026-04-03
5806,338,task_created,2026-08-06
5807,338,task_created,2026-03-29
5808,338,report_generated,2026-07-14
5809,338,login,2025-12-03
5810,338,task_created,2026-08-08
5811,338,task_created,2026-07-18
5812,338,comment_added,2026-07-14
5813,338,report_generated,2026-05-01
5814,338,file_uploaded,2026-09-01
5815,338,report_generated,2025-12-04
5816,338,report_generated,2026-01-09
5817,338,task_created,2025-11-21
5818,338,file_uploaded,2026-06-20
5819,338,report_generated,2026-05-07
5820,338,task_created,2026-01-07
5821,338,report_generated,2026-05-19
5822,338,file_uploaded,2026-02-08
5823,338,task_created,2026-08-23
5824,338,file_uploaded,2025-11-28
5825,338,comment_added,2026-07-08
5826,338,file_uploaded,2026-06-27
5827,338,task_created,2026-07-17
5828,338,report_generated,2026-03-26
5829,338,file_uploaded,2026-05-08
5830,338,report_generated,2026-06-10
5831,338,task_created,2025-12-07
5832,338,login,2026-08-03
5833,338,file_uploaded,2026-06-20
5834,338,comment_added,2026-04-03
5835,338,comment_added,2026-06-10
5836,338,task_created,2025-12-01
5837,338,task_created,2026-08-06
5838,338,comment_added,2026-04-19
5839,338,task_created,2026-08-12
5840,338,task_created,2026-01-27
5841,338,login,2026-05-06
5842,338,report_generated,2026-01-02
5843,338,report_generated,2026-01-28
5844,338,file_uploaded,2026-07-09
5845,338,file_uploaded,2026-02-09
5846,338,task_created,2025-11-17
5847,338,task_created,2026-02-27
5848,339,report_generated,2025-08-09
5849,339,task_created,2024-12-26
5850,339,task_created,2025-06-03
5851,339,login,2025-12-26
5852,339,task_created,2025-06-12
5853,339,report_generated,2026-04-26
5854,339,file_uploaded,2024-10-10
5855,339,report_generated,2025-03-17
5856,339,file_uploaded,2025-01-15
5857,339,file_uploaded,2026-04-21
5858,339,file_uploaded,2025-05-10
5859,339,file_uploaded,2026-08-20
5860,339,task_created,2026-01-22
5861,339,file_uploaded,2025-01-11
5862,339,report_generated,2025-02-13
5863,339,file_uploaded,2025-02-18
5864,339,report_generated,2025-09-04
5865,339,file_uploaded,2026-08-26
5866,339,file_uploaded,2026-06-08
5867,339,login,2026-04-04
5868,339,file_uploaded,2025-09-25
5869,339,comment_added,2026-08-21
5870,339,task_created,2024-11-01
5871,339,task_created,2026-06-20
5872,339,report_generated,2025-06-02
5873,339,report_generated,2025-10-10
5874,339,login,2026-03-02
5875,339,comment_added,2026-06-22
5876,339,login,2025-11-16
5877,339,task_created,2026-07-28
5878,339,file_uploaded,2025-02-23
5879,339,login,2025-04-15
5880,339,report_generated,2025-05-09
5881,339,login,2025-12-24
5882,339,file_uploaded,2025-09-17
5883,339,task_created,2026-08-05
5884,339,task_created,2025-12-14
5885,339,report_generated,2025-07-23
5886,339,file_uploaded,2025-11-05
5887,339,report_generated,2024-11-09
5888,339,task_created,2025-12-10
5889,339,file_uploaded,2025-03-21
5890,339,login,2026-03-18
5891,339,login,2026-01-24
5892,339,login,2025-09-24
5893,339,file_uploaded,2026-08-07
5894,339,task_created,2024-10-17
5895,339,task_created,2025-08-27
5896,339,comment_added,2026-05-16
5897,339,file_uploaded,2025-11-02
5898,339,file_uploaded,2024-10-16
5899,339,file_uploaded,2026-08-05
5900,339,login,2025-12-11
5901,339,file_uploaded,2025-08-11
5902,339,login,2025-06-26
5903,339,file_uploaded,2026-06-15
5904,339,report_generated,2026-03-03
5905,340,report_generated,2026-07-18
5906,340,report_generated,2026-08-18
5907,340,task_created,2026-01-14
5908,340,comment_added,2026-06-23
5909,340,login,2026-06-02
5910,340,login,2026-02-02
5911,340,comment_added,2026-05-09
5912,340,task_created,2026-03-30
5913,340,comment_added,2026-08-08
5914,340,file_uploaded,2026-07-08
5915,340,file_uploaded,2025-12-12
5916,340,login,2026-04-11
5917,340,file_uploaded,2026-01-19
5918,340,report_generated,2026-07-11
5919,340,comment_added,2025-12-13
5920,340,report_generated,2026-05-26
5921,340,report_generated,2026-06-23
5922,340,login,2026-04-18
5923,340,report_generated,2026-08-22
5924,340,report_generated,2026-02-17
5925,340,file_uploaded,2026-05-19
5926,340,file_uploaded,2025-11-26
5927,340,report_generated,2026-05-03
5928,340,comment_added,2025-12-06
5929,340,report_generated,2026-01-14
5930,340,comment_added,2025-12-06
5931,340,task_created,2026-06-08
5932,340,login,2026-02-15
5933,340,login,2026-08-18
5934,340,task_created,2026-01-21
5935,340,file_uploaded,2026-07-28
5936,340,report_generated,2026-04-07
5937,340,comment_added,2026-07-10
5938,340,comment_added,2026-03-22
5939,340,login,2026-07-10
5940,340,report_generated,2025-12-27
5941,340,login,2026-05-27
5942,340,comment_added,2026-02-01
5943,341,file_uploaded,2025-04-07
5944,341,login,2026-06-02
5945,341,report_generated,2025-12-05
5946,341,file_uploaded,2026-03-02
5947,341,task_created,2025-01-16
5948,341,login,2025-09-14
5949,341,login,2026-03-13
5950,341,comment_added,2025-07-09
5951,341,report_generated,2025-09-18
5952,341,comment_added,2026-06-04
5953,341,login,2025-08-31
5954,341,comment_added,2026-01-12
5955,341,task_created,2026-04-23
5956,341,report_generated,2026-03-17
5957,341,report_generated,2025-07-03
5958,341,login,2026-05-22
5959,341,task_created,2026-02-06
5960,341,report_generated,2025-10-12
5961,341,file_uploaded,2024-12-30
5962,342,login,2025-10-16
5963,342,task_created,2026-05-16
5964,342,report_generated,2025-12-24
5965,342,comment_added,2026-07-04
5966,342,login,2026-02-06
5967,342,task_created,2025-10-30
5968,342,report_generated,2025-04-05
5969,342,login,2025-10-30
5970,342,comment_added,2026-01-06
5971,342,comment_added,2026-07-02
5972,342,comment_added,2026-05-22
5973,342,comment_added,2026-02-17
5974,342,file_uploaded,2026-04-20
5975,342,report_generated,2025-03-30
5976,342,report_generated,2026-03-01
5977,342,file_uploaded,2026-03-07
5978,342,file_uploaded,2025-08-20
5979,342,task_created,2026-08-10
5980,342,file_uploaded,2025-09-08
5981,342,file_uploaded,2025-12-04
5982,342,comment_added,2025-04-20
5983,342,file_uploaded,2025-06-06
5984,342,login,2026-03-06
5985,342,comment_added,2025-10-16
5986,342,report_generated,2026-03-31
5987,342,report_generated,2026-01-10
5988,342,file_uploaded,2026-06-23
5989,342,task_created,2025-04-17
5990,342,comment_added,2025-09-04
5991,342,comment_added,2026-03-13
5992,342,file_uploaded,2026-06-02
5993,342,report_generated,2025-04-10
5994,343,file_uploaded,2026-08-27
5995,343,file_uploaded,2026-03-16
5996,343,task_created,2026-08-18
5997,343,comment_added,2026-05-28
5998,343,login,2026-01-18
5999,343,task_created,2026-06-06
6000,343,login,2026-03-04
6001,343,task_created,2026-04-13
6002,343,file_uploaded,2026-02-05
6003,343,file_uploaded,2026-08-24
6004,343,task_created,2026-05-15
6005,343,comment_added,2026-06-18
6006,343,report_generated,2026-04-07
6007,343,login,2026-05-20
6008,343,comment_added,2026-04-27
6009,343,comment_added,2026-08-17
6010,343,task_created,2026-06-04
6011,343,file_uploaded,2026-06-10
6012,343,report_generated,2026-07-11
6013,343,task_created,2026-07-04
6014,343,file_uploaded,2026-02-14
6015,343,login,2026-04-12
6016,343,report_generated,2026-08-15
6017,343,task_created,2026-07-11
6018,343,file_uploaded,2026-01-05
6019,343,file_uploaded,2026-06-18
6020,343,task_created,2026-06-14
6021,343,comment_added,2025-11-30
6022,343,task_created,2026-03-10
6023,343,login,2026-07-31
6024,343,login,2026-06-13
6025,343,comment_added,2026-05-01
6026,343,task_created,2026-03-23
6027,343,login,2026-07-15
6028,343,login,2026-05-24
6029,343,comment_added,2026-06-03
6030,343,task_created,2026-08-04
6031,343,file_uploaded,2026-02-06
6032,343,task_created,2026-05-23
6033,343,file_uploaded,2026-02-13
6034,343,report_generated,2026-02-26
6035,343,report_generated,2026-01-22
6036,343,login,2025-12-19
6037,343,comment_added,2026-03-01
6038,343,file_uploaded,2026-07-10
6039,343,comment_added,2026-03-21
6040,343,task_created,2026-07-01
6041,343,file_uploaded,2026-02-14
6042,343,login,2026-07-30
6043,343,task_created,2026-05-04
6044,343,file_uploaded,2026-03-21
6045,343,login,2025-12-21
6046,343,file_uploaded,2025-12-02
6047,343,file_uploaded,2026-08-09
6048,343,login,2026-06-01
6049,344,file_uploaded,2026-07-06
6050,344,comment_added,2025-10-12
6051,344,comment_added,2025-08-01
6052,344,comment_added,2026-04-28
6053,344,login,2026-06-01
6054,344,file_uploaded,2026-01-11
6055,344,login,2026-07-29
6056,344,file_uploaded,2025-10-28
6057,344,login,2026-07-30
6058,344,file_uploaded,2025-12-04
6059,344,comment_added,2026-06-02
6060,344,file_uploaded,2026-04-19
6061,344,login,2026-01-06
6062,344,task_created,2025-07-24
6063,344,report_generated,2026-08-08
6064,344,comment_added,2026-06-24
6065,344,login,2026-06-21
6066,344,task_created,2026-06-05
6067,344,file_uploaded,2025-12-05
6068,345,task_created,2025-10-28
6069,345,file_uploaded,2025-07-21
6070,345,report_generated,2025-06-18
6071,345,report_generated,2025-02-22
6072,345,file_uploaded,2025-01-29
6073,345,task_created,2026-04-02
6074,345,report_generated,2025-08-08
6075,345,file_uploaded,2025-09-13
6076,345,file_uploaded,2025-10-19
6077,345,comment_added,2025-08-06
6078,345,comment_added,2025-08-23
6079,345,task_created,2024-12-21
6080,345,comment_added,2025-04-15
6081,346,login,2025-08-22
6082,346,report_generated,2025-06-14
6083,346,report_generated,2026-05-31
6084,346,report_generated,2025-08-25
6085,346,comment_added,2025-04-11
6086,346,report_generated,2026-08-11
6087,346,file_uploaded,2026-03-01
6088,346,task_created,2025-08-28
6089,346,task_created,2025-03-11
6090,347,report_generated,2026-07-28
6091,347,file_uploaded,2026-08-29
6092,347,task_created,2026-06-13
6093,347,task_created,2026-05-15
6094,347,report_generated,2026-07-25
6095,347,comment_added,2026-05-30
6096,347,report_generated,2026-05-13
6097,347,comment_added,2026-06-27
6098,347,comment_added,2026-08-15
6099,347,file_uploaded,2026-07-02
6100,347,task_created,2026-07-30
6101,347,task_created,2026-06-25
6102,347,comment_added,2026-07-26
6103,347,comment_added,2026-06-21
6104,347,file_uploaded,2026-06-28
6105,347,file_uploaded,2026-08-30
6106,347,task_created,2026-08-02
6107,347,comment_added,2026-08-31
6108,347,task_created,2026-07-12
6109,347,file_uploaded,2026-07-12
6110,347,login,2026-05-13
6111,347,task_created,2026-06-24
6112,347,task_created,2026-06-20
6113,347,task_created,2026-06-09
6114,347,comment_added,2026-06-16
6115,347,login,2026-08-19
6116,347,task_created,2026-08-03
6117,347,file_uploaded,2026-06-26
6118,347,comment_added,2026-07-09
6119,347,login,2026-08-01
6120,347,comment_added,2026-08-27
6121,347,task_created,2026-06-10
6122,347,login,2026-06-27
6123,348,login,2025-12-31
6124,348,comment_added,2025-10-21
6125,348,report_generated,2025-01-25
6126,348,comment_added,2026-06-07
6127,348,login,2026-05-22
6128,348,file_uploaded,2025-01-14
6129,348,comment_added,2026-06-21
6130,348,task_created,2025-07-29
6131,348,task_created,2025-08-07
6132,348,task_created,2025-07-26
6133,348,task_created,2026-02-28
6134,348,comment_added,2024-12-29
6135,348,comment_added,2025-08-17
6136,348,login,2025-08-29
6137,349,login,2025-06-05
6138,349,comment_added,2025-04-07
6139,349,login,2025-09-29
6140,349,task_created,2025-06-23
6141,349,comment_added,2025-07-30
6142,349,file_uploaded,2026-07-11
6143,350,login,2026-04-26
6144,350,login,2026-05-15
6145,350,login,2026-03-20
6146,350,file_uploaded,2026-02-17
6147,350,file_uploaded,2026-01-27
6148,350,file_uploaded,2026-01-19
6149,350,login,2026-02-17
6150,350,comment_added,2026-05-16
6151,350,comment_added,2026-02-22
6152,350,report_generated,2026-05-02
6153,350,login,2026-05-23
6154,350,file_uploaded,2026-05-26
6155,350,login,2026-08-06
6156,350,file_uploaded,2026-07-01
6157,350,task_created,2026-07-16
6158,350,comment_added,2026-05-28
6159,350,file_uploaded,2026-07-10
6160,350,report_generated,2025-12-29
6161,350,file_uploaded,2026-07-10
6162,350,report_generated,2026-05-31
6163,351,task_created,2026-08-13
6164,351,comment_added,2026-07-23
6165,351,comment_added,2026-08-11
6166,351,report_generated,2026-07-17
6167,351,comment_added,2026-07-14
6168,351,report_generated,2026-07-12
6169,351,comment_added,2026-07-16
6170,351,report_generated,2026-08-14
6171,351,file_uploaded,2026-08-30
6172,351,task_created,2026-06-25
6173,351,login,2026-08-12
6174,351,comment_added,2026-07-21
6175,351,file_uploaded,2026-08-10
6176,351,task_created,2026-07-01
6177,351,file_uploaded,2026-06-19
6178,351,login,2026-07-19
6179,351,report_generated,2026-08-06
6180,351,comment_added,2026-08-31
6181,351,task_created,2026-07-04
6182,351,task_created,2026-06-24
6183,351,report_generated,2026-07-08
6184,351,report_generated,2026-08-14
6185,351,comment_added,2026-07-21
6186,351,login,2026-08-10
6187,351,comment_added,2026-07-19
6188,351,comment_added,2026-07-07
6189,351,report_generated,2026-06-30
6190,351,task_created,2026-07-01
6191,351,task_created,2026-07-31
6192,352,task_created,2026-08-10
6193,352,task_created,2026-04-08
6194,352,comment_added,2025-11-13
6195,352,comment_added,2026-01-28
6196,352,file_uploaded,2026-07-08
6197,352,report_generated,2026-07-04
6198,352,report_generated,2025-09-25
6199,352,report_generated,2026-01-27
6200,352,task_created,2025-12-06
6201,352,report_generated,2025-11-03
6202,352,report_generated,2026-06-07
6203,352,report_generated,2026-07-29
6204,352,report_generated,2026-01-16
6205,352,comment_added,2026-01-03
6206,352,file_uploaded,2025-12-18
6207,352,file_uploaded,2025-06-02
6208,352,file_uploaded,2025-06-28
6209,352,task_created,2025-11-28
6210,352,report_generated,2026-01-19
6211,352,task_created,2025-06-09
6212,352,report_generated,2025-09-14
6213,352,report_generated,2025-10-28
6214,352,report_generated,2025-06-12
6215,352,file_uploaded,2026-01-04
6216,352,comment_added,2025-11-13
6217,352,task_created,2026-03-13
6218,352,task_created,2026-07-13
6219,352,comment_added,2026-04-12
6220,352,report_generated,2026-01-11
6221,352,login,2025-07-24
6222,353,task_created,2026-01-18
6223,353,file_uploaded,2026-03-01
6224,353,file_uploaded,2026-07-16
6225,353,file_uploaded,2025-10-09
6226,353,task_created,2026-05-23
6227,353,comment_added,2026-02-06
6228,353,file_uploaded,2026-07-13
6229,354,login,2025-05-03
6230,354,report_generated,2025-04-30
6231,354,comment_added,2025-12-11
6232,354,file_uploaded,2026-03-17
6233,354,login,2025-12-20
6234,355,task_created,2026-06-28
6235,355,report_generated,2025-12-06
6236,355,task_created,2026-05-29
6237,355,comment_added,2026-01-15
6238,355,comment_added,2026-04-01
6239,355,comment_added,2026-02-09
6240,355,file_uploaded,2025-12-14
6241,356,report_generated,2025-10-03
6242,356,comment_added,2026-03-20
6243,356,report_generated,2026-06-25
6244,356,comment_added,2026-03-12
6245,356,report_generated,2026-07-23
6246,357,task_created,2025-03-10
6247,357,report_generated,2025-04-26
6248,357,file_uploaded,2026-02-20
6249,357,task_created,2025-09-23
6250,357,file_uploaded,2026-01-10
6251,357,file_uploaded,2025-10-07
6252,357,report_generated,2026-02-21
6253,357,report_generated,2025-09-07
6254,357,comment_added,2025-11-04
6255,357,task_created,2025-03-11
6256,357,file_uploaded,2025-06-18
6257,357,file_uploaded,2026-04-29
6258,357,login,2026-06-29
6259,357,login,2026-08-11
6260,357,report_generated,2026-07-25
6261,357,comment_added,2025-03-04
6262,357,login,2026-05-09
6263,358,report_generated,2026-08-05
6264,358,file_uploaded,2026-08-22
6265,358,comment_added,2026-04-13
6266,358,login,2026-05-09
6267,358,comment_added,2025-12-28
6268,359,comment_added,2024-12-30
6269,359,comment_added,2025-01-20
6270,359,comment_added,2025-03-08
6271,359,comment_added,2024-12-25
6272,359,comment_added,2026-01-19
6273,359,task_created,2026-07-24
6274,359,file_uploaded,2024-12-10
6275,359,file_uploaded,2025-07-07
6276,359,task_created,2026-01-02
6277,359,report_generated,2026-07-25
6278,359,task_created,2024-12-10
6279,360,comment_added,2026-07-19
6280,360,file_uploaded,2026-02-11
6281,360,file_uploaded,2026-05-19
6282,360,file_uploaded,2025-09-01
6283,360,report_generated,2026-06-12
6284,360,comment_added,2025-08-25
6285,360,login,2026-03-09
6286,360,task_created,2025-08-26
6287,360,file_uploaded,2026-02-03
6288,360,report_generated,2025-11-07
6289,360,comment_added,2025-12-14
6290,360,report_generated,2026-08-02
6291,360,file_uploaded,2026-05-21
6292,360,task_created,2026-07-22
6293,360,report_generated,2026-06-12
6294,360,comment_added,2026-08-23
6295,360,task_created,2025-11-08
6296,360,task_created,2025-11-05
6297,360,task_created,2026-01-26
6298,360,login,2025-10-12
6299,360,comment_added,2026-05-22
6300,360,task_created,2025-09-11
6301,360,report_generated,2026-05-25
6302,360,report_generated,2025-09-26
6303,360,task_created,2026-01-30
6304,360,task_created,2026-07-24
6305,360,report_generated,2025-12-03
6306,360,file_uploaded,2025-11-13
6307,360,task_created,2026-01-07
6308,360,report_generated,2025-12-11
6309,360,task_created,2025-09-04
6310,360,login,2026-04-04
6311,360,login,2026-03-02
6312,360,task_created,2026-04-06
6313,360,login,2026-03-04
6314,360,file_uploaded,2026-04-07
6315,360,task_created,2026-03-14
6316,360,file_uploaded,2025-12-05
6317,360,login,2026-06-20
6318,360,task_created,2025-10-08
6319,360,comment_added,2026-05-08
6320,360,comment_added,2026-08-27
6321,360,task_created,2025-10-23
6322,360,login,2025-12-07
6323,360,comment_added,2026-04-29
6324,360,report_generated,2026-02-21
6325,361,task_created,2026-04-26
6326,361,login,2026-03-04
6327,361,comment_added,2026-08-02
6328,361,file_uploaded,2026-04-12
6329,361,comment_added,2026-03-16
6330,361,file_uploaded,2026-02-07
6331,361,login,2026-01-14
6332,361,file_uploaded,2026-04-17
6333,361,login,2026-04-22
6334,361,report_generated,2026-04-10
6335,361,login,2026-03-30
6336,361,report_generated,2026-05-01
6337,361,login,2026-03-09
6338,361,file_uploaded,2026-06-25
6339,362,login,2026-01-06
6340,362,report_generated,2025-06-19
6341,362,task_created,2024-10-27
6342,362,task_created,2025-05-23
6343,363,login,2026-06-03
6344,363,comment_added,2026-02-11
6345,363,task_created,2026-02-18
6346,363,file_uploaded,2026-07-06
6347,363,login,2026-07-24
6348,363,comment_added,2026-01-25
6349,363,task_created,2026-08-03
6350,363,report_generated,2026-08-19
6351,363,comment_added,2026-04-15
6352,363,task_created,2026-04-26
6353,363,task_created,2026-04-27
6354,363,comment_added,2026-02-23
6355,363,task_created,2026-02-17
6356,363,login,2026-04-13
6357,363,task_created,2026-07-30
6358,363,file_uploaded,2026-01-17
6359,363,report_generated,2026-03-03
6360,363,report_generated,2026-04-23
6361,363,report_generated,2026-08-30
6362,363,report_generated,2026-06-18
6363,363,login,2026-01-17
6364,363,login,2026-04-04
6365,363,file_uploaded,2026-08-25
6366,363,task_created,2026-01-18
6367,363,file_uploaded,2026-08-31
6368,363,comment_added,2026-01-21
6369,363,comment_added,2026-04-16
6370,363,comment_added,2026-07-13
6371,363,task_created,2026-02-22
6372,363,login,2026-02-04
6373,363,task_created,2026-04-09
6374,363,file_uploaded,2026-02-02
6375,363,login,2026-01-26
6376,363,file_uploaded,2026-05-11
6377,363,comment_added,2026-04-26
6378,363,task_created,2026-05-02
6379,363,comment_added,2026-08-17
6380,363,login,2026-08-05
6381,363,file_uploaded,2026-03-30
6382,363,report_generated,2026-05-10
6383,363,report_generated,2026-02-11
6384,363,comment_added,2026-06-27
6385,363,comment_added,2026-04-13
6386,363,login,2026-06-30
6387,363,file_uploaded,2026-05-12
6388,363,comment_added,2026-07-20
6389,363,task_created,2026-03-01
6390,363,comment_added,2026-03-07
6391,363,task_created,2026-02-12
6392,363,login,2026-03-08
6393,363,login,2026-07-19
6394,363,file_uploaded,2026-07-12
6395,363,comment_added,2026-03-23
6396,363,task_created,2026-02-05
6397,363,report_generated,2026-03-08
6398,364,report_generated,2026-07-24
6399,364,file_uploaded,2026-08-03
6400,364,comment_added,2026-08-24
6401,364,comment_added,2026-08-15
6402,364,report_generated,2026-08-18
6403,364,task_created,2026-08-30
6404,365,file_uploaded,2026-01-14
6405,365,task_created,2026-02-07
6406,365,login,2026-05-23
6407,365,file_uploaded,2026-08-17
6408,366,login,2026-03-12
6409,366,task_created,2026-06-03
6410,366,login,2025-07-25
6411,366,login,2025-07-05
6412,366,task_created,2026-06-24
6413,367,file_uploaded,2026-05-04
6414,367,login,2026-06-14
6415,367,file_uploaded,2026-08-17
6416,367,report_generated,2026-07-25
6417,367,comment_added,2026-05-11
6418,367,file_uploaded,2026-07-05
6419,367,file_uploaded,2026-05-17
6420,367,report_generated,2026-08-30
6421,367,file_uploaded,2026-08-10
6422,367,report_generated,2026-04-23
6423,367,report_generated,2026-08-02
6424,367,task_created,2026-06-18
6425,367,report_generated,2026-05-28
6426,367,comment_added,2026-07-26
6427,367,login,2026-07-18
6428,367,comment_added,2026-06-19
6429,367,login,2026-05-30
6430,367,file_uploaded,2026-06-25
6431,367,comment_added,2026-03-30
6432,367,login,2026-04-25
6433,367,file_uploaded,2026-05-21
6434,367,login,2026-04-21
6435,367,report_generated,2026-08-11
6436,367,report_generated,2026-04-25
6437,367,file_uploaded,2026-06-10
6438,367,comment_added,2026-07-13
6439,367,comment_added,2026-04-14
6440,367,file_uploaded,2026-05-09
6441,367,task_created,2026-08-01
6442,367,task_created,2026-04-29
6443,367,task_created,2026-03-28
6444,367,comment_added,2026-06-22
6445,367,task_created,2026-08-24
6446,367,comment_added,2026-08-15
6447,367,login,2026-08-05
6448,367,report_generated,2026-08-07
6449,367,task_created,2026-08-09
6450,367,task_created,2026-08-06
6451,367,task_created,2026-06-27
6452,367,task_created,2026-04-18
6453,367,comment_added,2026-09-02
6454,367,task_created,2026-05-20
6455,367,comment_added,2026-08-09
6456,367,task_created,2026-07-10
6457,367,login,2026-06-03
6458,367,report_generated,2026-07-04
6459,367,comment_added,2026-07-01
6460,367,file_uploaded,2026-07-09
6461,367,report_generated,2026-07-21
6462,367,report_generated,2026-04-27
6463,367,login,2026-03-24
6464,367,comment_added,2026-05-27
6465,367,task_created,2026-06-11
6466,367,comment_added,2026-08-27
6467,367,login,2026-04-10
6468,367,task_created,2026-07-07
6469,367,file_uploaded,2026-04-29
6470,367,task_created,2026-05-04
6471,367,task_created,2026-07-02
6472,367,file_uploaded,2026-07-09
6473,367,task_created,2026-08-22
6474,367,report_generated,2026-05-26
6475,367,task_created,2026-04-11
6476,367,task_created,2026-06-02
6477,367,login,2026-07-04
6478,367,task_created,2026-08-20
6479,367,file_uploaded,2026-05-15
6480,367,report_generated,2026-04-29
6481,367,login,2026-06-15
6482,367,comment_added,2026-04-23
6483,368,comment_added,2026-04-19
6484,368,comment_added,2026-02-25
6485,368,task_created,2026-05-30
6486,368,file_uploaded,2026-07-18
6487,368,login,2026-04-16
6488,368,comment_added,2026-06-17
6489,368,task_created,2026-05-26
6490,369,report_generated,2025-08-09
6491,369,login,2025-11-20
6492,369,report_generated,2026-01-15
6493,369,file_uploaded,2025-08-30
6494,369,comment_added,2026-02-07
6495,369,file_uploaded,2025-09-28
6496,369,report_generated,2026-07-27
6497,369,comment_added,2025-10-27
6498,369,login,2025-08-25
6499,369,comment_added,2026-07-13
6500,369,report_generated,2026-05-06
6501,369,file_uploaded,2025-11-04
6502,369,file_uploaded,2026-06-28
6503,369,login,2026-02-04
6504,369,login,2026-05-26
6505,369,report_generated,2026-08-02
6506,369,report_generated,2026-07-09
6507,370,comment_added,2025-07-26
6508,370,file_uploaded,2025-10-13
6509,370,report_generated,2025-07-26
6510,370,login,2025-02-04
6511,370,file_uploaded,2025-02-22
6512,370,comment_added,2025-07-17
6513,370,task_created,2026-04-01
6514,370,file_uploaded,2026-07-09
6515,370,login,2025-08-10
6516,370,comment_added,2026-03-25
6517,370,comment_added,2026-07-25
6518,370,comment_added,2025-11-30
6519,370,file_uploaded,2026-04-26
6520,370,comment_added,2024-12-24
6521,370,comment_added,2025-03-01
6522,370,login,2026-08-31
6523,370,login,2026-06-23
6524,370,task_created,2025-03-11
6525,370,comment_added,2025-11-15
6526,370,file_uploaded,2026-07-22
6527,370,login,2025-12-19
6528,370,file_uploaded,2025-11-01
6529,370,comment_added,2026-02-25
6530,370,login,2026-04-30
6531,370,file_uploaded,2025-12-24
6532,370,task_created,2024-12-07
6533,370,task_created,2026-06-14
6534,370,report_generated,2024-12-05
6535,370,report_generated,2025-02-20
6536,370,login,2026-01-07
6537,370,report_generated,2026-02-21
6538,370,report_generated,2025-11-13
6539,370,task_created,2025-11-06
6540,370,file_uploaded,2025-08-21
6541,370,report_generated,2024-12-29
6542,370,report_generated,2026-02-23
6543,370,task_created,2025-04-24
6544,370,comment_added,2026-06-05
6545,370,file_uploaded,2025-10-06
6546,371,report_generated,2026-07-20
6547,371,task_created,2026-08-03
6548,371,login,2026-03-12
6549,371,report_generated,2025-12-17
6550,371,comment_added,2026-05-11
6551,371,task_created,2026-07-13
6552,371,report_generated,2025-12-09
6553,371,login,2025-08-20
6554,371,file_uploaded,2026-05-23
6555,371,comment_added,2025-12-07
6556,372,task_created,2026-04-29
6557,372,task_created,2026-03-01
6558,372,file_uploaded,2025-12-31
6559,372,report_generated,2026-02-13
6560,372,report_generated,2026-03-30
6561,372,task_created,2025-11-07
6562,372,login,2026-01-30
6563,372,task_created,2025-10-14
6564,372,report_generated,2026-06-11
6565,372,comment_added,2026-05-04
6566,372,comment_added,2026-01-16
6567,372,task_created,2026-05-20
6568,372,comment_added,2026-03-09
6569,372,login,2026-08-09
6570,372,login,2025-11-27
6571,372,comment_added,2025-10-03
6572,372,file_uploaded,2026-07-23
6573,372,task_created,2025-12-30
6574,372,report_generated,2026-08-19
6575,372,report_generated,2026-05-17
6576,372,task_created,2026-03-09
6577,372,login,2026-03-03
6578,372,report_generated,2026-08-29
6579,372,comment_added,2026-06-28
6580,372,report_generated,2025-09-29
6581,372,file_uploaded,2025-12-11
6582,372,task_created,2025-09-07
6583,372,task_created,2026-05-25
6584,372,report_generated,2026-07-25
6585,372,file_uploaded,2025-08-31
6586,372,task_created,2025-12-10
6587,372,task_created,2025-12-21
6588,372,task_created,2026-03-31
6589,373,login,2025-08-02
6590,373,task_created,2026-01-04
6591,373,comment_added,2025-03-28
6592,373,file_uploaded,2026-07-14
6593,373,comment_added,2026-05-05
6594,373,file_uploaded,2025-09-19
6595,373,comment_added,2025-09-13
6596,373,comment_added,2026-04-20
6597,373,report_generated,2026-04-07
6598,373,report_generated,2026-03-14
6599,373,report_generated,2026-05-22
6600,374,task_created,2025-11-25
6601,374,comment_added,2025-10-10
6602,374,login,2025-11-17
6603,374,report_generated,2025-04-03
6604,374,comment_added,2025-07-27
6605,374,task_created,2026-07-02
6606,374,comment_added,2025-02-23
6607,374,comment_added,2026-03-19
6608,374,login,2025-10-04
6609,374,task_created,2026-07-28
6610,374,comment_added,2025-11-08
6611,374,file_uploaded,2025-07-04
6612,374,comment_added,2025-08-19
6613,374,file_uploaded,2025-01-10
6614,375,file_uploaded,2026-06-21
6615,375,comment_added,2026-02-17
6616,375,login,2025-12-16
6617,375,login,2025-03-20
6618,375,file_uploaded,2026-04-22
6619,375,login,2026-04-21
6620,375,file_uploaded,2025-09-16
6621,375,login,2025-02-24
6622,375,report_generated,2026-08-25
6623,376,report_generated,2025-05-29
6624,376,report_generated,2026-02-11
6625,376,login,2026-08-24
6626,376,comment_added,2026-04-26
6627,376,file_uploaded,2026-01-02
6628,376,task_created,2026-04-21
6629,376,task_created,2025-11-14
6630,377,report_generated,2026-07-14
6631,377,report_generated,2026-08-27
6632,377,task_created,2026-05-13
6633,377,file_uploaded,2026-08-12
6634,377,comment_added,2026-02-06
6635,377,login,2026-05-05
6636,377,report_generated,2025-12-22
6637,377,login,2026-01-25
6638,377,comment_added,2025-12-27
6639,377,task_created,2026-06-24
6640,377,task_created,2026-03-04
6641,377,task_created,2026-02-24
6642,377,file_uploaded,2025-12-10
6643,377,report_generated,2026-01-25
6644,377,login,2026-01-09
6645,377,comment_added,2026-06-19
6646,377,file_uploaded,2026-06-11
6647,377,file_uploaded,2026-06-08
6648,377,report_generated,2026-02-03
6649,377,login,2026-02-26
6650,377,report_generated,2026-05-03
6651,377,file_uploaded,2026-02-23
6652,377,file_uploaded,2026-04-03
6653,377,task_created,2026-01-10
6654,377,file_uploaded,2026-04-07
6655,377,task_created,2026-03-07
6656,377,login,2026-05-23
6657,377,file_uploaded,2026-05-17
6658,377,comment_added,2026-01-12
6659,377,login,2026-04-05
6660,377,comment_added,2025-12-26
6661,377,report_generated,2025-12-25
6662,377,task_created,2026-01-12
6663,377,comment_added,2025-11-25
6664,377,login,2025-12-01
6665,377,file_uploaded,2026-05-11
6666,377,login,2026-04-30
6667,378,comment_added,2026-08-17
6668,378,login,2026-01-31
6669,378,task_created,2025-07-08
6670,378,task_created,2026-06-07
6671,378,task_created,2026-07-15
6672,378,login,2026-01-01
6673,378,comment_added,2025-06-20
6674,379,comment_added,2026-06-03
6675,379,file_uploaded,2026-04-14
6676,379,task_created,2026-08-27
6677,379,task_created,2026-07-07
6678,379,login,2026-06-21
6679,379,login,2026-08-06
6680,379,login,2026-07-15
6681,379,report_generated,2026-05-18
6682,379,report_generated,2026-03-27
6683,379,task_created,2026-08-21
6684,379,comment_added,2026-07-29
6685,379,login,2026-04-11
6686,379,task_created,2026-07-05
6687,379,task_created,2026-08-01
6688,379,report_generated,2026-08-03
6689,379,comment_added,2026-06-24
6690,379,file_uploaded,2026-06-07
6691,379,comment_added,2026-03-29
6692,379,report_generated,2026-03-16
6693,379,report_generated,2026-05-02
6694,379,task_created,2026-04-05
6695,379,task_created,2026-07-03
6696,379,login,2026-06-11
6697,379,login,2026-05-30
6698,379,comment_added,2026-06-30
6699,379,comment_added,2026-03-25
6700,379,report_generated,2026-03-23
6701,379,comment_added,2026-07-12
6702,379,comment_added,2026-07-25
6703,379,file_uploaded,2026-07-11
6704,379,task_created,2026-07-17
6705,379,report_generated,2026-05-11
6706,379,file_uploaded,2026-04-03
6707,379,report_generated,2026-04-19
6708,379,file_uploaded,2026-08-07
6709,379,file_uploaded,2026-06-11
6710,379,login,2026-06-04
6711,379,login,2026-07-03
6712,379,login,2026-07-03
6713,379,comment_added,2026-05-21
6714,379,comment_added,2026-07-01
6715,379,report_generated,2026-06-07
6716,379,report_generated,2026-07-05
6717,379,login,2026-08-22
6718,379,login,2026-07-13
6719,379,login,2026-04-17
6720,379,comment_added,2026-05-17
6721,379,comment_added,2026-07-24
6722,379,report_generated,2026-04-13
6723,379,comment_added,2026-03-12
6724,379,login,2026-03-07
6725,380,file_uploaded,2026-03-07
6726,380,report_generated,2026-01-07
6727,380,login,2026-07-05
6728,380,comment_added,2026-05-13
6729,380,task_created,2026-06-28
6730,380,report_generated,2026-06-20
6731,380,task_created,2025-10-25
6732,380,file_uploaded,2025-11-22
6733,380,task_created,2026-01-06
6734,380,login,2026-03-15
6735,380,file_uploaded,2026-01-15
6736,380,comment_added,2026-01-16
6737,380,comment_added,2026-08-26
6738,381,login,2025-12-28
6739,381,file_uploaded,2026-08-18
6740,381,login,2026-02-15
6741,381,report_generated,2026-08-18
6742,381,task_created,2025-12-26
6743,381,report_generated,2026-06-11
6744,381,file_uploaded,2026-02-08
6745,381,task_created,2026-07-24
6746,381,file_uploaded,2026-03-30
6747,381,task_created,2026-01-05
6748,381,comment_added,2026-01-30
6749,381,comment_added,2026-02-26
6750,381,report_generated,2026-06-14
6751,381,file_uploaded,2026-08-07
6752,381,comment_added,2026-06-17
6753,381,report_generated,2026-06-24
6754,381,report_generated,2026-02-15
6755,381,login,2026-04-08
6756,381,file_uploaded,2026-04-10
6757,381,report_generated,2026-03-31
6758,381,task_created,2026-07-28
6759,381,file_uploaded,2026-07-22
6760,381,comment_added,2026-02-27
6761,381,file_uploaded,2025-12-27
6762,381,file_uploaded,2026-01-04
6763,381,task_created,2026-01-26
6764,381,login,2026-01-12
6765,381,task_created,2026-01-23
6766,382,file_uploaded,2026-08-29
6767,382,task_created,2025-08-23
6768,382,report_generated,2026-04-20
6769,382,report_generated,2025-10-13
6770,382,file_uploaded,2026-07-03
6771,382,comment_added,2025-12-12
6772,382,report_generated,2025-12-13
6773,382,report_generated,2026-05-07
6774,382,login,2025-09-13
6775,382,task_created,2026-02-07
6776,382,comment_added,2025-09-02
6777,382,task_created,2026-03-31
6778,382,comment_added,2025-09-23
6779,382,file_uploaded,2025-08-07
6780,383,login,2026-03-04
6781,383,task_created,2025-02-21
6782,383,file_uploaded,2024-12-07
6783,384,login,2025-07-18
6784,384,login,2026-05-10
6785,384,file_uploaded,2025-08-16
6786,384,report_generated,2026-02-24
6787,384,task_created,2025-11-25
6788,384,comment_added,2025-11-27
6789,384,login,2026-05-13
6790,384,comment_added,2026-03-20
6791,384,task_created,2026-05-12
6792,384,task_created,2026-05-13
6793,384,report_generated,2026-04-21
6794,384,comment_added,2025-05-07
6795,384,task_created,2025-04-22
6796,384,report_generated,2025-10-06
6797,384,task_created,2026-07-30
6798,384,file_uploaded,2025-10-11
6799,384,login,2025-07-26
6800,384,file_uploaded,2025-11-01
6801,384,report_generated,2025-07-02
6802,384,login,2025-12-29
6803,384,task_created,2025-08-08
6804,384,task_created,2026-03-02
6805,384,file_uploaded,2025-10-03
6806,384,file_uploaded,2025-04-27
6807,384,task_created,2025-05-20
6808,384,comment_added,2026-02-17
6809,384,comment_added,2025-09-09
6810,384,task_created,2025-07-06
6811,384,report_generated,2026-01-20
6812,384,login,2025-05-14
6813,384,login,2026-03-31
6814,384,comment_added,2025-11-10
6815,385,login,2026-08-14
6816,385,report_generated,2025-08-05
6817,385,login,2026-02-27
6818,385,login,2025-07-09
6819,385,login,2025-10-10
6820,385,login,2026-03-10
6821,385,file_uploaded,2025-04-13
6822,385,task_created,2025-06-15
6823,385,comment_added,2025-03-21
6824,385,login,2026-08-25
6825,385,file_uploaded,2025-03-05
6826,385,report_generated,2026-03-15
6827,385,file_uploaded,2026-03-16
6828,385,file_uploaded,2025-10-14
6829,385,report_generated,2025-10-27
6830,385,file_uploaded,2026-05-24
6831,386,file_uploaded,2025-12-11
6832,386,report_generated,2026-06-25
6833,386,task_created,2026-01-16
6834,386,task_created,2026-02-17
6835,386,report_generated,2026-04-10
6836,386,report_generated,2025-12-15
6837,386,file_uploaded,2025-10-04
6838,386,task_created,2026-02-24
6839,386,file_uploaded,2025-10-15
6840,386,comment_added,2026-04-22
6841,386,file_uploaded,2026-01-18
6842,386,report_generated,2025-11-27
6843,386,file_uploaded,2026-01-08
6844,386,file_uploaded,2026-04-27
6845,386,file_uploaded,2026-05-17
6846,386,file_uploaded,2026-05-09
6847,386,report_generated,2026-05-19
6848,386,report_generated,2026-03-15
6849,386,file_uploaded,2026-08-30
6850,386,comment_added,2025-12-01
6851,386,task_created,2026-01-07
6852,386,task_created,2026-01-13
6853,386,task_created,2026-07-12
6854,386,comment_added,2026-08-27
6855,386,file_uploaded,2026-03-29
6856,386,file_uploaded,2026-07-01
6857,386,report_generated,2026-04-03
6858,386,file_uploaded,2026-01-11
6859,387,file_uploaded,2025-07-15
6860,387,comment_added,2025-06-28
6861,387,file_uploaded,2026-04-02
6862,387,comment_added,2025-10-04
6863,387,login,2025-12-01
6864,387,task_created,2025-08-14
6865,387,comment_added,2025-10-23
6866,387,task_created,2026-08-02
6867,387,file_uploaded,2026-04-06
6868,387,comment_added,2026-08-26
6869,387,task_created,2025-12-11
6870,387,file_uploaded,2026-08-29
6871,387,task_created,2025-05-16
6872,387,comment_added,2025-11-17
6873,387,task_created,2026-04-10
6874,387,comment_added,2025-09-20
6875,387,task_created,2026-06-01
6876,387,file_uploaded,2026-03-28
6877,387,task_created,2026-02-22
6878,387,file_uploaded,2025-07-20
6879,387,file_uploaded,2025-10-13
6880,387,task_created,2025-09-06
6881,387,file_uploaded,2026-05-29
6882,387,comment_added,2025-10-12
6883,387,comment_added,2026-08-24
6884,387,login,2026-01-30
6885,387,login,2026-04-15
6886,387,login,2026-06-10
6887,387,login,2025-06-16
6888,387,login,2025-05-08
6889,388,login,2026-06-12
6890,388,report_generated,2026-06-08
6891,389,task_created,2025-10-14
6892,389,report_generated,2025-10-25
6893,389,report_generated,2025-05-27
6894,389,comment_added,2026-02-07
6895,389,file_uploaded,2026-06-21
6896,389,task_created,2026-03-02
6897,389,report_generated,2026-01-11
6898,389,comment_added,2025-07-02
6899,390,task_created,2026-03-14
6900,391,file_uploaded,2025-10-01
6901,391,comment_added,2025-09-08
6902,391,file_uploaded,2026-05-22
6903,391,comment_added,2025-09-29
6904,391,file_uploaded,2026-04-18
6905,391,report_generated,2026-07-03
6906,392,login,2026-01-31
6907,392,task_created,2026-08-31
6908,392,login,2026-05-11
6909,392,task_created,2025-10-16
6910,392,file_uploaded,2026-04-09
6911,392,file_uploaded,2026-04-08
6912,392,login,2025-12-22
6913,392,report_generated,2026-07-23
6914,392,comment_added,2026-05-09
6915,393,file_uploaded,2026-03-21
6916,393,file_uploaded,2025-12-28
6917,393,report_generated,2026-06-12
6918,393,report_generated,2026-01-30
6919,393,task_created,2026-01-22
6920,393,comment_added,2026-02-25
6921,393,file_uploaded,2026-05-20
6922,393,login,2026-03-04
6923,393,report_generated,2026-03-28
6924,393,login,2026-05-16
6925,393,comment_added,2026-06-17
6926,393,login,2026-08-28
6927,394,task_created,2026-04-25
6928,394,report_generated,2026-03-02
6929,394,comment_added,2025-09-06
6930,394,comment_added,2025-12-05
6931,394,file_uploaded,2025-03-18
6932,394,task_created,2026-01-14
6933,394,task_created,2025-04-16
6934,394,report_generated,2026-01-01
6935,394,file_uploaded,2026-05-27
6936,394,login,2026-02-02
6937,394,file_uploaded,2025-11-28
6938,394,report_generated,2025-05-15
6939,394,task_created,2025-03-26
6940,394,comment_added,2025-03-04
6941,394,report_generated,2025-03-13
6942,394,task_created,2026-03-18
6943,394,file_uploaded,2026-06-18
6944,394,login,2026-03-26
6945,394,file_uploaded,2025-11-25
6946,394,report_generated,2026-01-31
6947,394,file_uploaded,2026-07-31
6948,394,report_generated,2026-04-14
6949,394,report_generated,2025-07-07
6950,394,comment_added,2025-11-16
6951,394,file_uploaded,2025-09-07
6952,394,report_generated,2025-12-07
6953,394,file_uploaded,2025-05-18
6954,394,report_generated,2025-05-19
6955,394,login,2026-07-28
6956,394,task_created,2025-03-17
6957,394,task_created,2025-06-11
6958,394,task_created,2025-05-09
6959,394,login,2026-03-11
6960,394,comment_added,2025-07-29
6961,394,login,2025-10-22
6962,394,login,2025-05-10
6963,394,report_generated,2025-03-07
6964,394,task_created,2025-05-05
6965,394,report_generated,2026-06-08
6966,394,comment_added,2025-06-10
6967,394,login,2025-06-26
6968,394,task_created,2025-07-14
6969,394,task_created,2025-05-16
6970,394,login,2025-05-26
6971,394,file_uploaded,2025-02-25
6972,394,task_created,2025-10-18
6973,395,login,2026-08-22
6974,395,report_generated,2026-08-28
6975,395,comment_added,2026-09-01
6976,395,file_uploaded,2026-08-25
6977,395,file_uploaded,2026-08-25
6978,395,task_created,2026-08-31
6979,396,report_generated,2026-05-12
6980,396,comment_added,2026-07-18
6981,396,login,2026-08-21
6982,396,task_created,2026-05-05
6983,396,login,2026-05-21
6984,397,task_created,2026-01-22
6985,397,report_generated,2026-03-24
6986,397,comment_added,2026-02-24
6987,397,login,2026-03-19
6988,397,task_created,2026-01-20
6989,397,report_generated,2026-03-18
6990,398,task_created,2025-08-19
6991,398,comment_added,2026-02-06
6992,398,comment_added,2025-10-28
6993,398,comment_added,2026-02-24
6994,398,task_created,2025-10-17
6995,398,report_generated,2026-03-10
6996,398,task_created,2025-12-17
6997,398,login,2026-06-25
6998,398,report_generated,2025-09-12
6999,398,login,2025-06-12
7000,398,login,2025-03-02
7001,398,report_generated,2026-05-18
7002,398,comment_added,2025-02-28
7003,398,login,2026-03-14
7004,398,login,2026-03-30
7005,398,report_generated,2025-03-29
7006,398,report_generated,2026-08-23
7007,398,comment_added,2025-03-06
7008,398,report_generated,2025-09-23
7009,398,report_generated,2026-04-04
7010,398,report_generated,2026-05-04
7011,398,report_generated,2026-05-24
7012,398,report_generated,2026-05-13
7013,398,task_created,2026-07-11
7014,398,comment_added,2025-08-19
7015,398,login,2025-06-21
7016,398,file_uploaded,2025-12-25
7017,398,file_uploaded,2026-04-19
7018,398,file_uploaded,2025-11-26
7019,398,file_uploaded,2026-04-17
7020,398,task_created,2026-04-06
7021,398,file_uploaded,2025-05-23
7022,398,login,2026-03-03
7023,398,report_generated,2025-05-20
7024,398,task_created,2026-01-23
7025,398,report_generated,2026-02-11
7026,398,file_uploaded,2025-01-12
7027,398,task_created,2025-06-23
7028,398,task_created,2026-08-28
7029,398,login,2025-08-08
7030,398,file_uploaded,2025-01-14
7031,398,task_created,2026-04-26
7032,398,report_generated,2025-10-02
7033,398,login,2025-07-19
7034,398,file_uploaded,2026-05-22
7035,398,report_generated,2025-06-09
7036,398,report_generated,2026-07-14
7037,398,task_created,2025-08-19
7038,398,comment_added,2026-05-11
7039,398,file_uploaded,2026-05-24
7040,398,task_created,2026-03-19
7041,398,login,2026-05-12
7042,399,login,2026-01-10
7043,399,report_generated,2025-03-23
7044,399,comment_added,2026-05-17
7045,399,task_created,2025-11-06
7046,399,comment_added,2025-09-11
7047,399,task_created,2026-06-04
7048,399,file_uploaded,2026-03-16
7049,400,report_generated,2026-02-18
7050,400,task_created,2026-07-26
7051,400,report_generated,2026-05-12
7052,400,comment_added,2026-08-09
7053,400,comment_added,2026-06-04
7054,400,comment_added,2026-03-18
7055,401,comment_added,2025-12-08
7056,401,report_generated,2026-02-24
7057,401,task_created,2026-04-12
7058,401,comment_added,2026-04-10
7059,401,login,2026-06-02
7060,401,file_uploaded,2025-10-12
7061,401,file_uploaded,2026-04-10
7062,401,task_created,2026-02-06
7063,401,task_created,2026-03-19
7064,401,file_uploaded,2026-03-12
7065,401,comment_added,2026-02-23
7066,401,comment_added,2026-03-26
7067,401,task_created,2026-03-21
7068,401,report_generated,2025-12-07
7069,401,comment_added,2026-08-22
7070,401,comment_added,2026-01-28
7071,401,task_created,2026-08-11
7072,401,file_uploaded,2026-02-07
7073,401,file_uploaded,2026-07-18
7074,401,report_generated,2025-10-12
7075,401,login,2026-06-21
7076,401,task_created,2026-04-17
7077,401,report_generated,2026-08-18
7078,401,comment_added,2025-11-13
7079,401,file_uploaded,2026-06-11
7080,401,report_generated,2026-08-07
7081,401,file_uploaded,2025-11-06
7082,401,task_created,2026-04-20
7083,401,task_created,2026-02-21
7084,401,login,2026-04-07
7085,401,task_created,2026-06-02
7086,401,login,2026-01-25
7087,401,report_generated,2026-03-19
7088,401,file_uploaded,2026-08-16
7089,401,task_created,2026-07-17
7090,401,report_generated,2026-02-19
7091,401,report_generated,2026-06-08
7092,401,comment_added,2026-08-08
7093,401,task_created,2026-01-13
7094,401,comment_added,2026-08-04
7095,401,report_generated,2025-12-03
7096,401,task_created,2025-11-03
7097,401,comment_added,2026-06-28
7098,401,task_created,2026-02-24
7099,401,file_uploaded,2026-04-13
7100,401,report_generated,2025-10-08
7101,401,task_created,2026-02-13
7102,401,report_generated,2025-12-15
7103,401,login,2025-10-15
7104,401,file_uploaded,2026-09-01
7105,401,report_generated,2025-11-12
7106,401,task_created,2026-05-29
7107,401,file_uploaded,2026-05-19
7108,402,task_created,2026-07-06
7109,402,file_uploaded,2026-07-16
7110,402,report_generated,2026-08-27
7111,402,report_generated,2026-03-13
7112,402,report_generated,2026-06-10
7113,402,comment_added,2026-04-05
7114,402,report_generated,2026-06-10
7115,402,comment_added,2026-03-27
7116,402,report_generated,2026-03-18
7117,402,login,2026-02-18
7118,402,report_generated,2026-02-27
7119,402,file_uploaded,2026-07-05
7120,402,task_created,2026-05-19
7121,402,file_uploaded,2026-05-05
7122,402,login,2026-07-04
7123,402,file_uploaded,2026-07-24
7124,403,report_generated,2026-03-20
7125,403,task_created,2025-11-12
7126,403,comment_added,2025-10-08
7127,403,login,2026-06-26
7128,403,report_generated,2026-03-19
7129,403,comment_added,2025-10-06
7130,403,comment_added,2026-05-16
7131,403,comment_added,2025-05-14
7132,403,task_created,2025-05-22
7133,403,login,2026-01-03
7134,403,login,2026-08-11
7135,404,task_created,2025-03-04
7136,404,comment_added,2025-01-24
7137,404,task_created,2025-03-28
7138,404,report_generated,2025-01-14
7139,404,report_generated,2025-10-12
7140,404,file_uploaded,2025-01-03
7141,404,login,2025-09-28
7142,404,file_uploaded,2026-02-28
7143,404,login,2026-04-23
7144,404,file_uploaded,2026-04-02
7145,404,file_uploaded,2026-07-31
7146,404,comment_added,2025-03-19
7147,404,task_created,2025-01-11
7148,404,task_created,2026-01-14
7149,404,report_generated,2025-02-07
7150,404,task_created,2025-06-01
7151,405,comment_added,2025-11-30
7152,405,login,2025-11-14
7153,405,file_uploaded,2026-02-25
7154,405,login,2025-11-23
7155,405,task_created,2026-02-22
7156,405,task_created,2026-01-19
7157,405,report_generated,2026-07-16
7158,405,file_uploaded,2026-04-16
7159,405,login,2026-05-23
7160,405,report_generated,2026-07-21
7161,405,login,2026-07-12
7162,405,comment_added,2026-06-02
7163,406,login,2025-03-17
7164,406,comment_added,2025-07-30
7165,406,task_created,2025-02-12
7166,406,comment_added,2025-08-30
7167,406,login,2026-05-25
7168,406,login,2025-12-30
7169,406,report_generated,2026-08-25
7170,406,task_created,2026-06-12
7171,406,task_created,2026-02-17
7172,406,comment_added,2025-06-11
7173,406,comment_added,2025-01-14
7174,406,report_generated,2025-10-22
7175,406,report_generated,2026-07-30
7176,406,file_uploaded,2026-06-14
7177,406,task_created,2025-06-19
7178,406,report_generated,2025-09-26
7179,407,report_generated,2025-10-30
7180,407,file_uploaded,2025-12-02
7181,407,report_generated,2025-09-21
7182,407,login,2026-03-10
7183,407,comment_added,2026-03-07
7184,407,comment_added,2026-06-20
7185,407,file_uploaded,2026-08-20
7186,407,task_created,2025-11-03
7187,408,login,2025-09-20
7188,408,login,2026-02-08
7189,408,task_created,2026-08-09
7190,408,comment_added,2025-11-04
7191,408,report_generated,2026-08-05
7192,408,task_created,2026-07-13
7193,408,report_generated,2026-05-24
7194,408,file_uploaded,2026-01-25
7195,408,task_created,2025-08-21
7196,408,report_generated,2026-05-11
7197,408,comment_added,2025-11-13
7198,408,report_generated,2025-08-06
7199,408,task_created,2025-07-31
7200,408,report_generated,2025-10-25
7201,408,file_uploaded,2025-11-07
7202,408,file_uploaded,2026-07-28
7203,408,report_generated,2026-07-28
7204,408,file_uploaded,2026-03-16
7205,408,task_created,2026-05-29
7206,408,file_uploaded,2026-04-02
7207,408,comment_added,2026-05-08
7208,408,task_created,2025-12-18
7209,408,comment_added,2025-09-02
7210,408,login,2025-09-17
7211,408,comment_added,2025-08-09
7212,408,login,2025-08-19
7213,408,login,2025-12-12
7214,408,file_uploaded,2025-12-27
7215,408,comment_added,2026-02-05
7216,408,login,2025-10-14
7217,408,report_generated,2025-08-21
7218,408,task_created,2025-11-12
7219,408,report_generated,2026-02-26
7220,408,report_generated,2025-09-01
7221,408,login,2026-02-23
7222,408,login,2025-12-24
7223,408,report_generated,2025-09-24
7224,408,report_generated,2025-10-05
7225,408,task_created,2026-03-15
7226,409,login,2025-03-01
7227,409,task_created,2026-02-28
7228,409,login,2024-11-12
7229,410,task_created,2025-09-20
7230,410,comment_added,2026-03-28
7231,410,comment_added,2026-07-28
7232,410,report_generated,2025-12-24
7233,410,comment_added,2025-08-18
7234,410,login,2026-04-09
7235,410,task_created,2026-08-16
7236,410,login,2025-11-25
7237,410,file_uploaded,2026-02-26
7238,410,login,2025-08-22
7239,410,file_uploaded,2026-04-18
7240,410,file_uploaded,2026-04-02
7241,410,login,2025-11-04
7242,410,login,2026-05-29
7243,410,login,2026-07-09
7244,410,report_generated,2025-12-28
7245,410,file_uploaded,2026-08-10
7246,410,report_generated,2025-11-18
7247,410,report_generated,2025-08-19
7248,410,task_created,2025-11-11
7249,410,file_uploaded,2026-07-26
7250,410,login,2025-08-07
7251,410,file_uploaded,2026-05-22
7252,410,file_uploaded,2026-05-20
7253,410,login,2025-12-03
7254,410,report_generated,2025-12-31
7255,410,comment_added,2025-09-21
7256,410,file_uploaded,2026-02-11
7257,410,comment_added,2026-04-05
7258,410,report_generated,2025-10-29
7259,410,report_generated,2026-07-10
7260,410,comment_added,2026-08-13
7261,410,task_created,2026-05-10
7262,410,report_generated,2026-01-18
7263,410,task_created,2026-03-03
7264,410,file_uploaded,2026-05-31
7265,410,file_uploaded,2026-02-13
7266,410,report_generated,2026-01-31
7267,410,file_uploaded,2025-10-21
7268,410,comment_added,2026-07-18
7269,410,report_generated,2026-03-03
7270,410,login,2026-03-16
7271,410,report_generated,2026-06-11
7272,410,report_generated,2025-10-16
7273,410,file_uploaded,2026-02-06
7274,410,comment_added,2026-03-25
7275,410,task_created,2026-07-21
7276,410,report_generated,2025-08-28
7277,410,task_created,2026-04-23
7278,410,report_generated,2026-06-09
7279,410,task_created,2026-05-10
7280,410,task_created,2026-05-27
7281,410,file_uploaded,2025-11-20
7282,410,file_uploaded,2025-09-17
7283,410,comment_added,2025-10-03
7284,410,login,2026-05-12
7285,410,login,2026-04-30
7286,410,login,2026-05-28
7287,410,comment_added,2025-12-15
7288,410,task_created,2026-07-13
7289,411,report_generated,2025-05-16
7290,411,login,2026-02-08
7291,411,report_generated,2025-08-25
7292,411,file_uploaded,2026-04-10
7293,411,file_uploaded,2026-03-15
7294,411,comment_added,2025-05-08
7295,411,file_uploaded,2025-09-20
7296,411,login,2026-08-31
7297,411,file_uploaded,2025-05-15
7298,411,task_created,2025-03-04
7299,411,comment_added,2024-09-26
7300,411,file_uploaded,2025-01-14
7301,411,login,2025-02-20
7302,412,task_created,2025-08-19
7303,412,report_generated,2025-11-29
7304,412,comment_added,2025-05-12
7305,413,login,2026-08-23
7306,413,login,2026-04-30
7307,413,login,2026-03-17
7308,413,login,2026-05-27
7309,413,task_created,2026-05-05
7310,413,login,2026-03-31
7311,413,file_uploaded,2026-05-16
7312,413,file_uploaded,2026-04-12
7313,413,file_uploaded,2026-06-12
7314,413,comment_added,2026-03-15
7315,413,report_generated,2026-05-28
7316,413,report_generated,2026-06-20
7317,413,report_generated,2026-05-05
7318,413,comment_added,2026-06-30
7319,413,file_uploaded,2026-08-10
7320,413,comment_added,2026-08-22
7321,413,login,2026-08-11
7322,413,file_uploaded,2026-09-02
7323,413,file_uploaded,2026-03-21
7324,413,report_generated,2026-06-02
7325,413,report_generated,2026-03-20
7326,413,file_uploaded,2026-07-12
7327,413,login,2026-07-28
7328,413,comment_added,2026-06-29
7329,413,report_generated,2026-08-18
7330,413,login,2026-07-16
7331,413,login,2026-06-18
7332,413,login,2026-07-15
7333,413,report_generated,2026-07-12
7334,413,login,2026-07-30
7335,413,task_created,2026-04-03
7336,413,login,2026-08-21
7337,413,file_uploaded,2026-07-07
7338,413,task_created,2026-06-07
7339,413,file_uploaded,2026-08-14
7340,413,report_generated,2026-03-21
7341,413,comment_added,2026-05-31
7342,413,task_created,2026-07-06
7343,413,file_uploaded,2026-08-17
7344,413,login,2026-04-06
7345,413,comment_added,2026-04-14
7346,413,login,2026-09-01
7347,413,file_uploaded,2026-07-20
7348,413,comment_added,2026-03-30
7349,413,file_uploaded,2026-04-28
7350,413,comment_added,2026-05-22
7351,413,comment_added,2026-06-20
7352,413,login,2026-08-27
7353,413,comment_added,2026-05-16
7354,413,comment_added,2026-04-12
7355,413,task_created,2026-07-16
7356,413,report_generated,2026-07-06
7357,413,login,2026-04-23
7358,413,comment_added,2026-05-26
7359,413,file_uploaded,2026-06-05
7360,413,task_created,2026-04-10
7361,413,task_created,2026-04-01
7362,414,file_uploaded,2026-07-16
7363,414,login,2026-03-19
7364,414,task_created,2026-05-29
7365,414,login,2026-05-23
7366,414,task_created,2026-04-15
7367,414,report_generated,2026-03-06
7368,414,task_created,2026-07-22
7369,414,login,2026-06-27
7370,414,task_created,2026-01-02
7371,415,task_created,2025-10-01
7372,415,comment_added,2026-08-05
7373,415,login,2026-05-06
7374,415,file_uploaded,2026-03-03
7375,415,file_uploaded,2026-01-25
7376,415,comment_added,2025-08-01
7377,415,report_generated,2026-07-12
7378,415,comment_added,2026-06-12
7379,415,file_uploaded,2025-09-14
7380,415,login,2026-03-21
7381,415,file_uploaded,2025-12-11
7382,415,file_uploaded,2026-05-03
7383,415,login,2025-08-25
7384,415,report_generated,2025-09-04
7385,415,report_generated,2026-06-27
7386,415,file_uploaded,2026-03-22
7387,415,task_created,2026-04-07
7388,415,login,2025-09-30
7389,416,task_created,2026-01-12
7390,416,comment_added,2026-01-28
7391,416,task_created,2026-02-22
7392,416,comment_added,2026-04-30
7393,416,comment_added,2026-04-11
7394,416,file_uploaded,2026-03-14
7395,416,task_created,2026-01-23
7396,416,file_uploaded,2026-06-04
7397,416,comment_added,2026-02-04
7398,416,task_created,2026-01-16
7399,416,task_created,2026-02-26
7400,416,task_created,2026-03-23
7401,416,file_uploaded,2026-07-16
7402,416,report_generated,2026-01-08
7403,416,comment_added,2026-01-21
7404,416,login,2026-07-26
7405,416,comment_added,2026-02-03
7406,416,report_generated,2026-06-25
7407,416,comment_added,2026-06-04
7408,417,report_generated,2026-08-02
7409,417,report_generated,2026-08-10
7410,417,file_uploaded,2026-08-17
7411,417,task_created,2026-08-15
7412,417,file_uploaded,2026-09-01
7413,418,task_created,2025-12-25
7414,418,task_created,2025-06-13
7415,418,comment_added,2025-11-08
7416,418,comment_added,2026-03-14
7417,418,login,2026-07-07
7418,418,task_created,2025-07-07
7419,418,comment_added,2026-07-07
7420,418,login,2025-07-07
7421,418,comment_added,2025-12-24
7422,418,comment_added,2025-05-31
7423,418,task_created,2025-07-17
7424,418,file_uploaded,2026-03-10
7425,418,report_generated,2026-06-27
7426,418,task_created,2026-08-17
7427,419,file_uploaded,2025-11-20
7428,419,file_uploaded,2025-04-27
7429,419,report_generated,2025-04-09
7430,419,login,2026-04-05
7431,419,report_generated,2025-09-10
7432,419,file_uploaded,2026-04-01
7433,419,task_created,2025-10-13
7434,419,comment_added,2026-06-30
7435,419,file_uploaded,2026-07-31
7436,419,task_created,2025-08-05
7437,419,report_generated,2026-08-12
7438,419,login,2026-07-19
7439,419,comment_added,2026-05-14
7440,420,file_uploaded,2025-06-03
7441,420,comment_added,2025-06-21
7442,420,task_created,2025-07-01
7443,420,login,2026-06-18
7444,420,report_generated,2025-11-24
7445,420,report_generated,2025-12-06
7446,420,report_generated,2026-01-11
7447,421,comment_added,2026-08-13
7448,421,report_generated,2026-08-23
7449,421,report_generated,2026-09-02
7450,421,file_uploaded,2026-08-31
7451,421,file_uploaded,2026-08-20
7452,422,comment_added,2026-07-18
7453,422,comment_added,2026-09-01
7454,422,file_uploaded,2026-05-16
7455,422,login,2026-07-06
7456,423,file_uploaded,2026-08-14
7457,423,comment_added,2026-02-16
7458,423,comment_added,2026-05-16
7459,423,login,2026-07-14
7460,424,report_generated,2026-02-13
7461,424,report_generated,2026-02-23
7462,424,comment_added,2026-08-08
7463,424,report_generated,2026-02-01
7464,424,task_created,2026-03-22
7465,424,task_created,2026-07-24
7466,424,report_generated,2026-04-04
7467,424,report_generated,2026-01-14
7468,424,file_uploaded,2026-06-30
7469,424,report_generated,2026-02-27
7470,424,file_uploaded,2026-08-10
7471,424,comment_added,2026-01-12
7472,424,report_generated,2025-12-18
7473,425,report_generated,2025-12-26
7474,425,comment_added,2026-06-24
7475,425,task_created,2026-03-03
7476,425,comment_added,2026-05-14
7477,425,task_created,2026-06-13
7478,425,report_generated,2025-11-19
7479,425,task_created,2026-08-12
7480,425,comment_added,2026-01-03
7481,425,report_generated,2026-08-10
7482,425,file_uploaded,2025-12-22
7483,425,task_created,2026-03-30
7484,425,file_uploaded,2026-04-08
7485,425,comment_added,2026-02-05
7486,425,comment_added,2026-05-13
7487,426,task_created,2026-03-31
7488,426,comment_added,2026-03-09
7489,426,report_generated,2026-01-21
7490,426,file_uploaded,2026-02-03
7491,426,comment_added,2026-07-30
7492,426,login,2026-04-13
7493,426,task_created,2026-01-20
7494,427,report_generated,2026-08-13
7495,427,file_uploaded,2026-03-04
7496,427,comment_added,2026-04-01
7497,427,report_generated,2026-08-18
7498,427,comment_added,2026-03-12
7499,427,task_created,2026-01-25
7500,427,login,2025-11-07
7501,427,file_uploaded,2026-01-28
7502,427,login,2026-04-24
7503,427,file_uploaded,2026-02-22
7504,427,report_generated,2026-01-08
7505,427,task_created,2025-08-24
7506,427,login,2025-09-24
7507,427,login,2025-12-26
7508,427,login,2025-07-15
7509,427,login,2025-11-13
7510,427,comment_added,2026-03-31
7511,427,task_created,2025-11-08
7512,427,login,2026-07-30
7513,427,file_uploaded,2026-07-09
7514,427,login,2025-10-06
7515,427,comment_added,2026-05-28
7516,427,login,2025-07-24
7517,427,report_generated,2025-08-20
7518,427,report_generated,2026-05-09
7519,427,file_uploaded,2025-11-16
7520,427,task_created,2025-10-25
7521,427,comment_added,2025-10-14
7522,427,comment_added,2026-04-29
7523,427,report_generated,2026-07-13
7524,427,report_generated,2026-04-02
7525,427,task_created,2026-08-28
7526,427,login,2025-09-09
7527,427,comment_added,2026-04-03
7528,427,task_created,2025-12-03
7529,427,file_uploaded,2025-09-19
7530,428,comment_added,2025-10-31
7531,428,login,2026-05-30
7532,428,login,2025-10-09
7533,428,comment_added,2026-05-07
7534,428,file_uploaded,2025-12-04
7535,428,login,2025-09-20
7536,428,file_uploaded,2025-11-22
7537,428,task_created,2025-11-09
7538,428,comment_added,2026-03-11
7539,428,task_created,2025-10-11
7540,428,report_generated,2025-11-08
7541,428,login,2025-09-11
7542,428,report_generated,2025-11-18
7543,429,comment_added,2026-07-22
7544,429,file_uploaded,2026-08-12
7545,429,task_created,2026-07-24
7546,429,login,2026-06-26
7547,429,file_uploaded,2026-06-07
7548,429,file_uploaded,2026-08-27
7549,429,task_created,2026-07-23
7550,429,file_uploaded,2026-08-30
7551,429,file_uploaded,2026-08-14
7552,429,comment_added,2026-05-30
7553,429,report_generated,2026-09-02
7554,429,file_uploaded,2026-06-23
7555,429,comment_added,2026-07-22
7556,429,report_generated,2026-07-10
7557,429,file_uploaded,2026-05-30
7558,429,comment_added,2026-07-31
7559,429,file_uploaded,2026-07-16
7560,429,task_created,2026-08-13
7561,429,task_created,2026-07-14
7562,429,login,2026-08-26
7563,429,file_uploaded,2026-08-12
7564,429,file_uploaded,2026-06-18
7565,429,task_created,2026-06-23
7566,429,report_generated,2026-07-07
7567,429,report_generated,2026-07-18
7568,429,report_generated,2026-06-28
7569,429,file_uploaded,2026-06-26
7570,429,file_uploaded,2026-08-12
7571,429,comment_added,2026-05-31
7572,429,login,2026-06-28
7573,429,login,2026-07-24
7574,429,comment_added,2026-07-16
7575,429,report_generated,2026-07-11
7576,429,login,2026-07-15
7577,429,file_uploaded,2026-07-29
7578,429,file_uploaded,2026-08-28
7579,429,login,2026-07-21
7580,429,report_generated,2026-07-22
7581,429,task_created,2026-07-11
7582,429,report_generated,2026-07-01
7583,429,file_uploaded,2026-06-30
7584,429,task_created,2026-06-17
7585,429,comment_added,2026-06-25
7586,429,comment_added,2026-08-18
7587,429,comment_added,2026-08-12
7588,429,login,2026-06-22
7589,429,report_generated,2026-07-15
7590,429,task_created,2026-06-03
7591,430,task_created,2026-02-07
7592,430,comment_added,2026-02-07
7593,430,comment_added,2026-07-12
7594,430,report_generated,2026-01-27
7595,430,comment_added,2026-02-04
7596,430,file_uploaded,2026-03-21
7597,430,report_generated,2026-02-22
7598,430,file_uploaded,2026-02-20
7599,430,task_created,2026-03-27
7600,430,file_uploaded,2026-03-14
7601,430,task_created,2026-04-04
7602,430,login,2026-05-28
7603,430,login,2026-03-15
7604,430,login,2026-06-22
7605,430,task_created,2026-06-10
7606,430,comment_added,2026-03-29
7607,430,file_uploaded,2026-05-15
7608,431,task_created,2025-12-20
7609,431,task_created,2025-10-04
7610,431,login,2026-07-31
7611,431,login,2025-10-30
7612,431,task_created,2026-02-10
7613,431,login,2026-06-26
7614,431,comment_added,2026-05-20
7615,431,task_created,2026-04-02
7616,431,comment_added,2025-12-13
7617,431,task_created,2025-12-30
7618,431,report_generated,2025-09-30
7619,431,report_generated,2025-12-22
7620,431,login,2026-06-15
7621,431,comment_added,2026-06-09
7622,431,file_uploaded,2025-10-25
7623,431,task_created,2025-12-04
7624,431,file_uploaded,2025-10-20
7625,431,task_created,2025-12-14
7626,431,comment_added,2026-01-27
7627,431,comment_added,2026-04-02
7628,431,file_uploaded,2026-02-15
7629,431,file_uploaded,2026-01-29
7630,431,login,2025-12-24
7631,431,task_created,2026-01-31
7632,431,comment_added,2026-08-19
7633,431,login,2025-10-17
7634,431,task_created,2026-04-07
7635,431,report_generated,2025-09-26
7636,431,comment_added,2026-05-19
7637,431,file_uploaded,2026-06-03
7638,431,comment_added,2026-07-04
7639,431,comment_added,2026-04-20
7640,431,comment_added,2026-05-22
7641,431,comment_added,2026-03-26
7642,431,file_uploaded,2026-07-18
7643,431,comment_added,2026-02-01
7644,431,task_created,2026-04-22
7645,431,file_uploaded,2026-06-10
7646,431,login,2025-11-29
7647,431,login,2026-01-09
7648,431,report_generated,2026-07-30
7649,431,login,2026-02-25
7650,431,file_uploaded,2026-08-01
7651,431,file_uploaded,2026-04-09
7652,431,report_generated,2026-02-26
7653,431,report_generated,2025-10-08
7654,431,task_created,2026-06-02
7655,431,task_created,2025-10-04
7656,431,task_created,2026-05-06
7657,431,comment_added,2026-05-14
7658,431,report_generated,2025-12-06
7659,431,task_created,2026-04-16
7660,431,login,2025-12-07
7661,431,file_uploaded,2026-01-20
7662,431,file_uploaded,2026-02-02
7663,431,file_uploaded,2026-04-18
7664,431,report_generated,2026-05-22
7665,432,file_uploaded,2026-01-08
7666,432,file_uploaded,2025-12-01
7667,432,task_created,2025-10-22
7668,432,login,2025-12-09
7669,432,report_generated,2026-02-24
7670,432,report_generated,2025-10-23
7671,432,file_uploaded,2026-05-22
7672,433,login,2026-07-28
7673,433,report_generated,2026-05-18
7674,434,comment_added,2026-06-28
7675,434,login,2026-06-19
7676,434,login,2026-06-19
7677,434,report_generated,2026-05-18
7678,434,report_generated,2026-04-07
7679,434,task_created,2026-06-26
7680,434,login,2026-02-19
7681,434,comment_added,2026-03-26
7682,434,login,2026-04-27
7683,434,comment_added,2026-02-23
7684,434,comment_added,2026-04-13
7685,434,login,2026-05-23
7686,434,file_uploaded,2026-06-11
7687,434,comment_added,2026-05-13
7688,434,report_generated,2026-06-14
7689,434,report_generated,2026-07-26
7690,434,report_generated,2026-04-30
7691,434,comment_added,2026-03-02
7692,434,login,2026-07-16
7693,434,file_uploaded,2026-06-09
7694,434,comment_added,2026-06-07
7695,434,comment_added,2026-02-26
7696,434,comment_added,2026-08-22
7697,434,login,2026-06-26
7698,434,file_uploaded,2026-03-28
7699,435,file_uploaded,2026-05-18
7700,435,report_generated,2026-08-29
7701,435,task_created,2026-03-31
7702,435,login,2026-04-14
7703,435,file_uploaded,2026-07-30
7704,435,file_uploaded,2026-05-04
7705,435,login,2026-04-20
7706,435,report_generated,2026-03-06
7707,435,task_created,2026-02-26
7708,435,file_uploaded,2026-04-13
7709,435,task_created,2026-07-18
7710,435,task_created,2026-06-09
7711,435,comment_added,2026-06-12
7712,435,report_generated,2026-07-18
7713,435,login,2026-04-17
7714,435,task_created,2026-03-11
7715,435,report_generated,2026-03-04
7716,435,file_uploaded,2026-08-28
7717,435,task_created,2026-03-11
7718,435,task_created,2026-06-22
7719,435,file_uploaded,2026-08-14
7720,435,login,2026-03-24
7721,435,file_uploaded,2026-08-13
7722,435,comment_added,2026-05-21
7723,435,report_generated,2026-08-28
7724,435,report_generated,2026-06-23
7725,435,comment_added,2026-07-20
7726,435,report_generated,2026-07-13
7727,435,report_generated,2026-08-03
7728,435,task_created,2026-07-07
7729,435,comment_added,2026-08-12
7730,435,report_generated,2026-07-06
7731,435,task_created,2026-07-25
7732,435,login,2026-04-21
7733,435,file_uploaded,2026-06-14
7734,435,report_generated,2026-05-03
7735,435,report_generated,2026-07-03
7736,435,file_uploaded,2026-06-30
7737,435,comment_added,2026-03-08
7738,435,report_generated,2026-05-10
7739,435,task_created,2026-03-22
7740,435,task_created,2026-07-15
7741,435,task_created,2026-04-20
7742,435,task_created,2026-06-21
7743,435,comment_added,2026-03-20
7744,435,report_generated,2026-07-02
7745,436,file_uploaded,2026-03-04
7746,436,comment_added,2026-03-07
7747,436,report_generated,2026-01-21
7748,436,task_created,2025-09-15
7749,436,comment_added,2025-10-27
7750,436,login,2026-04-08
7751,436,login,2026-01-12
7752,436,file_uploaded,2026-03-16
7753,436,task_created,2026-03-14
7754,436,file_uploaded,2026-03-05
7755,436,report_generated,2025-08-20
7756,436,login,2026-02-10
7757,436,task_created,2026-01-09
7758,436,file_uploaded,2026-04-11
7759,437,comment_added,2026-08-26
7760,437,file_uploaded,2026-08-20
7761,437,task_created,2026-08-27
7762,437,task_created,2026-08-23
7763,437,task_created,2026-09-02
7764,438,task_created,2026-04-18
7765,438,report_generated,2026-08-30
7766,438,file_uploaded,2026-08-27
7767,438,login,2025-12-09
7768,438,login,2025-12-09
7769,438,task_created,2025-11-01
7770,438,file_uploaded,2026-07-31
7771,438,login,2026-07-07
7772,438,login,2026-01-13
7773,438,file_uploaded,2025-10-29
7774,438,login,2026-01-26
7775,438,report_generated,2026-01-04
7776,438,report_generated,2026-05-03
7777,438,login,2026-08-16
7778,438,task_created,2025-11-17
7779,438,report_generated,2026-04-04
7780,438,login,2025-12-18
7781,438,login,2026-08-22
7782,439,comment_added,2025-06-13
7783,439,task_created,2025-05-24
7784,439,task_created,2026-07-02
7785,439,file_uploaded,2026-08-26
7786,439,file_uploaded,2026-07-19
7787,439,report_generated,2025-07-18
7788,439,report_generated,2026-03-23
7789,439,comment_added,2026-04-04
7790,439,comment_added,2025-06-29
7791,439,task_created,2025-10-16
7792,439,file_uploaded,2025-06-26
7793,439,report_generated,2026-03-30
7794,439,comment_added,2025-08-12
7795,439,file_uploaded,2025-07-12
7796,439,task_created,2026-03-30
7797,439,report_generated,2026-05-11
7798,439,file_uploaded,2025-06-09
7799,439,report_generated,2026-08-03
7800,439,task_created,2026-04-29
7801,440,file_uploaded,2026-08-29
7802,440,report_generated,2026-07-29
7803,440,report_generated,2026-08-06
7804,440,file_uploaded,2026-07-09
7805,440,task_created,2026-07-25
7806,440,report_generated,2026-07-11
7807,440,task_created,2026-06-28
7808,440,task_created,2026-07-31
7809,440,task_created,2026-08-31
7810,440,login,2026-06-06
7811,440,comment_added,2026-06-09
7812,440,task_created,2026-06-17
7813,440,file_uploaded,2026-06-15
7814,440,task_created,2026-06-18
7815,440,login,2026-09-02
7816,440,report_generated,2026-07-08
7817,440,report_generated,2026-08-29
7818,440,task_created,2026-08-15
7819,440,file_uploaded,2026-09-01
7820,440,file_uploaded,2026-07-27
7821,440,comment_added,2026-06-17
7822,440,report_generated,2026-08-16
7823,440,task_created,2026-08-31
7824,441,login,2026-08-19
7825,441,task_created,2026-07-22
7826,441,task_created,2026-07-29
7827,441,login,2026-07-17
7828,441,login,2026-05-02
7829,441,file_uploaded,2026-06-23
7830,441,file_uploaded,2026-06-06
7831,441,file_uploaded,2026-08-16
7832,441,file_uploaded,2026-07-11
7833,441,report_generated,2026-05-24
7834,441,report_generated,2026-08-06
7835,441,login,2026-06-06
7836,441,report_generated,2026-06-01
7837,441,login,2026-08-04
7838,441,report_generated,2026-08-22
7839,441,login,2026-05-27
7840,441,task_created,2026-05-25
7841,441,comment_added,2026-08-29
7842,441,report_generated,2026-08-24
7843,441,task_created,2026-06-10
7844,441,login,2026-08-04
7845,441,report_generated,2026-04-22
7846,441,comment_added,2026-07-16
7847,441,report_generated,2026-07-24
7848,441,login,2026-04-20
7849,441,comment_added,2026-08-21
7850,441,task_created,2026-06-10
7851,442,report_generated,2025-11-23
7852,442,comment_added,2026-08-23
7853,442,comment_added,2026-01-27
7854,442,comment_added,2026-03-28
7855,442,comment_added,2026-07-08
7856,442,task_created,2026-07-19
7857,442,login,2026-04-19
7858,442,comment_added,2026-04-29
7859,442,report_generated,2026-06-16
7860,442,file_uploaded,2026-06-11
7861,442,report_generated,2025-10-01
7862,442,login,2026-02-26
7863,442,comment_added,2026-04-05
7864,442,login,2026-07-27
7865,442,file_uploaded,2026-05-09
7866,442,comment_added,2026-05-04
7867,442,task_created,2026-06-28
7868,442,comment_added,2026-02-17
7869,442,file_uploaded,2026-01-01
7870,442,report_generated,2026-01-22
7871,442,login,2026-08-08
7872,442,comment_added,2026-01-04
7873,442,file_uploaded,2026-01-17
7874,442,login,2026-01-22
7875,442,task_created,2026-06-07
7876,442,task_created,2025-09-29
7877,442,task_created,2026-04-27
7878,442,login,2026-03-31
7879,442,login,2026-04-17
7880,442,report_generated,2025-10-17
7881,442,comment_added,2026-06-10
7882,442,login,2026-04-10
7883,442,report_generated,2026-05-23
7884,443,file_uploaded,2025-04-01
7885,443,comment_added,2025-09-14
7886,443,report_generated,2026-08-27
7887,443,task_created,2025-06-06
7888,443,comment_added,2026-03-13
7889,443,task_created,2026-01-10
7890,443,task_created,2026-08-20
7891,443,file_uploaded,2025-02-22
7892,444,report_generated,2026-07-13
7893,444,task_created,2026-08-18
7894,444,login,2026-08-07
7895,444,task_created,2026-07-14
7896,444,report_generated,2026-08-24
7897,444,report_generated,2026-07-18
7898,444,report_generated,2026-08-19
7899,444,task_created,2026-08-03
7900,444,task_created,2026-08-04
7901,444,task_created,2026-08-23
7902,444,login,2026-07-31
7903,444,report_generated,2026-08-25
7904,444,comment_added,2026-07-27
7905,444,comment_added,2026-08-21
7906,444,login,2026-08-17
7907,444,task_created,2026-07-12
7908,444,login,2026-09-01
7909,444,login,2026-08-31
7910,444,login,2026-07-23
7911,444,report_generated,2026-08-26
7912,444,login,2026-07-19
7913,444,file_uploaded,2026-08-25
7914,444,login,2026-07-29
7915,444,comment_added,2026-08-09
7916,444,comment_added,2026-08-06
7917,444,file_uploaded,2026-07-15
7918,444,comment_added,2026-08-19
7919,444,login,2026-07-25
7920,444,login,2026-07-30
7921,444,task_created,2026-07-30
7922,444,task_created,2026-08-01
7923,444,report_generated,2026-08-11
7924,444,login,2026-08-23
7925,444,login,2026-08-16
7926,444,task_created,2026-07-12
7927,444,report_generated,2026-07-17
7928,444,comment_added,2026-07-18
7929,444,comment_added,2026-08-29
7930,444,file_uploaded,2026-07-20
7931,444,report_generated,2026-08-25
7932,444,report_generated,2026-07-09
7933,444,file_uploaded,2026-08-31
7934,444,file_uploaded,2026-08-27
7935,444,comment_added,2026-07-14
7936,444,file_uploaded,2026-08-26
7937,444,task_created,2026-07-21
7938,444,comment_added,2026-07-20
7939,444,file_uploaded,2026-08-17
7940,444,comment_added,2026-08-26
7941,444,login,2026-08-24
7942,444,task_created,2026-08-24
7943,444,file_uploaded,2026-08-30
7944,444,file_uploaded,2026-08-12
7945,444,report_generated,2026-08-01
7946,444,report_generated,2026-08-18
7947,444,login,2026-07-20
7948,444,file_uploaded,2026-07-10
7949,444,login,2026-07-20
7950,444,report_generated,2026-08-13
7951,444,report_generated,2026-07-09
7952,445,report_generated,2026-08-08
7953,445,login,2025-12-12
7954,445,file_uploaded,2025-08-31
7955,445,task_created,2025-01-08
7956,445,comment_added,2025-01-19
7957,445,comment_added,2026-03-30
7958,446,login,2026-08-22
7959,446,task_created,2026-08-10
7960,446,file_uploaded,2026-08-03
7961,446,comment_added,2026-08-08
7962,446,report_generated,2026-08-19
7963,446,comment_added,2026-07-11
7964,446,login,2026-08-24
7965,446,report_generated,2026-08-23
7966,446,report_generated,2026-07-19
7967,446,file_uploaded,2026-08-07
7968,446,login,2026-07-22
7969,446,login,2026-08-27
7970,446,report_generated,2026-07-07
7971,446,task_created,2026-08-15
7972,447,report_generated,2026-09-01
7973,447,task_created,2026-08-12
7974,447,report_generated,2026-08-05
7975,447,login,2026-08-14
7976,447,report_generated,2026-08-21
7977,447,file_uploaded,2026-07-23
7978,447,report_generated,2026-08-07
7979,447,login,2026-08-14
7980,447,report_generated,2026-07-20
7981,447,task_created,2026-08-08
7982,447,login,2026-09-02
7983,447,comment_added,2026-07-27
7984,447,comment_added,2026-08-26
7985,447,report_generated,2026-07-25
7986,447,login,2026-07-26
7987,447,report_generated,2026-08-04
7988,447,login,2026-08-08
7989,447,comment_added,2026-07-30
7990,448,comment_added,2026-03-07
7991,448,task_created,2025-12-29
7992,448,report_generated,2025-12-14
7993,448,comment_added,2026-04-27
7994,448,login,2026-08-23
7995,448,comment_added,2026-08-27
7996,448,report_generated,2026-08-25
7997,448,report_generated,2026-08-28
7998,448,file_uploaded,2026-01-09
7999,448,report_generated,2025-12-09
8000,448,login,2026-06-22
8001,448,report_generated,2026-05-08
8002,448,task_created,2025-12-15
8003,448,login,2025-12-24
8004,448,login,2025-11-21
8005,449,login,2026-02-27
8006,450,report_generated,2026-06-06
8007,450,comment_added,2026-05-04
8008,450,report_generated,2025-12-02
8009,450,comment_added,2025-12-29
8010,450,task_created,2026-07-23
8011,450,report_generated,2025-11-19
8012,450,task_created,2026-01-03
8013,450,login,2026-07-27
8014,451,login,2026-06-14
8015,451,task_created,2026-05-04
8016,451,task_created,2026-07-09
8017,451,comment_added,2026-02-16
8018,451,file_uploaded,2026-03-06
8019,452,comment_added,2024-09-06
8020,452,comment_added,2025-06-07
8021,452,file_uploaded,2025-03-12
8022,452,task_created,2026-03-15
8023,452,file_uploaded,2024-10-31
8024,452,comment_added,2025-04-05
8025,452,file_uploaded,2026-07-15
8026,452,comment_added,2025-03-17
8027,452,report_generated,2025-06-27
8028,452,file_uploaded,2025-01-18
8029,452,file_uploaded,2026-04-28
8030,452,report_generated,2026-04-16
8031,452,task_created,2025-06-03
8032,452,login,2026-05-25
8033,453,report_generated,2026-06-18
8034,453,login,2026-07-27
8035,453,file_uploaded,2026-01-12
8036,453,report_generated,2026-02-20
8037,453,comment_added,2026-01-19
8038,453,comment_added,2026-02-17
8039,453,task_created,2026-01-15
8040,453,login,2026-01-21
8041,453,task_created,2026-03-13
8042,453,login,2025-12-08
8043,453,task_created,2026-06-05
8044,453,report_generated,2026-03-06
8045,453,comment_added,2026-01-11
8046,454,task_created,2025-06-21
8047,454,login,2026-06-22
8048,454,login,2026-08-18
8049,454,login,2026-01-17
8050,454,task_created,2025-12-11
8051,454,task_created,2026-02-03
8052,454,login,2025-09-03
8053,454,report_generated,2025-12-25
8054,454,file_uploaded,2026-01-16
8055,454,comment_added,2026-05-23
8056,454,report_generated,2026-06-03
8057,454,task_created,2026-02-02
8058,454,task_created,2026-09-02
8059,454,file_uploaded,2025-10-03
8060,454,task_created,2025-12-17
8061,454,task_created,2026-05-26
8062,454,file_uploaded,2026-02-25
8063,454,file_uploaded,2025-11-07
8064,454,report_generated,2025-07-15
8065,454,file_uploaded,2025-06-21
8066,454,task_created,2026-02-12
8067,454,login,2025-07-21
8068,454,file_uploaded,2026-07-08
8069,454,report_generated,2026-03-15
8070,454,file_uploaded,2025-10-02
8071,454,report_generated,2025-08-15
8072,454,report_generated,2025-08-31
8073,454,task_created,2025-11-10
8074,454,login,2026-01-24
8075,455,comment_added,2026-05-22
8076,455,comment_added,2025-03-30
8077,455,report_generated,2026-05-03
8078,455,task_created,2025-11-29
8079,455,task_created,2026-04-28
8080,455,file_uploaded,2025-11-01
8081,455,report_generated,2026-02-26
8082,455,file_uploaded,2025-07-06
8083,455,file_uploaded,2025-09-05
8084,455,login,2025-06-08
8085,455,file_uploaded,2025-09-20
8086,455,task_created,2026-02-20
8087,455,comment_added,2026-08-10
8088,455,login,2025-06-20
8089,455,report_generated,2025-10-24
8090,455,report_generated,2026-07-11
8091,455,report_generated,2025-05-04
8092,455,report_generated,2026-07-05
8093,455,login,2026-03-12
8094,455,comment_added,2025-03-28
8095,455,task_created,2025-05-12
8096,455,report_generated,2025-11-08
8097,455,comment_added,2025-09-30
8098,455,task_created,2026-07-19
8099,455,comment_added,2026-06-15
8100,455,task_created,2025-01-26
8101,455,report_generated,2025-02-12
8102,455,file_uploaded,2026-08-13
8103,455,report_generated,2026-08-27
8104,455,file_uploaded,2025-01-24
8105,455,task_created,2025-08-09
8106,455,report_generated,2025-05-14
8107,455,report_generated,2026-04-03
8108,455,comment_added,2025-10-28
8109,455,file_uploaded,2025-08-15
8110,455,comment_added,2026-08-24
8111,456,login,2026-03-16
8112,456,file_uploaded,2026-03-28
8113,456,task_created,2026-07-31
8114,456,report_generated,2026-01-18
8115,456,report_generated,2025-10-08
8116,456,file_uploaded,2026-03-16
8117,456,comment_added,2026-01-16
8118,456,file_uploaded,2026-03-04
8119,456,file_uploaded,2026-01-09
8120,456,login,2026-06-29
8121,456,login,2025-10-24
8122,456,task_created,2026-07-01
8123,456,file_uploaded,2026-01-11
8124,456,task_created,2025-10-07
8125,456,file_uploaded,2026-05-12
8126,456,login,2026-06-15
8127,456,comment_added,2025-11-06
8128,456,task_created,2026-04-28
8129,456,task_created,2026-01-06
8130,456,report_generated,2026-01-04
8131,456,login,2025-11-03
8132,456,login,2026-01-24
8133,456,file_uploaded,2026-07-12
8134,456,report_generated,2025-11-15
8135,456,comment_added,2026-08-10
8136,456,task_created,2026-05-03
8137,456,report_generated,2025-11-01
8138,456,comment_added,2026-01-14
8139,456,login,2025-11-14
8140,456,comment_added,2026-01-21
8141,456,task_created,2026-06-16
8142,456,file_uploaded,2025-10-07
8143,456,report_generated,2026-09-02
8144,456,task_created,2026-06-19
8145,456,login,2026-08-17
8146,456,task_created,2026-05-23
8147,456,report_generated,2026-04-13
8148,456,login,2025-11-05
8149,457,comment_added,2026-07-30
8150,457,comment_added,2026-05-21
8151,457,login,2026-06-03
8152,457,report_generated,2026-07-11
8153,457,file_uploaded,2026-06-23
8154,457,task_created,2026-08-13
8155,457,login,2026-03-30
8156,457,comment_added,2026-08-31
8157,457,report_generated,2026-03-29
8158,457,task_created,2026-05-12
8159,457,task_created,2026-05-03
8160,457,task_created,2026-04-04
8161,457,task_created,2026-05-13
8162,457,task_created,2026-05-13
8163,457,file_uploaded,2026-06-07
8164,457,file_uploaded,2026-04-08
8165,457,comment_added,2026-05-20
8166,458,login,2026-06-16
8167,458,task_created,2026-06-14
8168,458,report_generated,2026-07-15
8169,458,file_uploaded,2026-08-25
8170,458,login,2026-06-18
8171,458,file_uploaded,2026-06-19
8172,458,login,2026-07-17
8173,458,report_generated,2026-06-20
8174,458,comment_added,2026-06-03
8175,458,file_uploaded,2026-06-21
8176,458,login,2026-06-12
8177,458,task_created,2026-06-19
8178,458,task_created,2026-06-08
8179,458,login,2026-07-22
8180,458,task_created,2026-07-24
8181,458,task_created,2026-08-27
8182,458,comment_added,2026-07-03
8183,458,comment_added,2026-08-29
8184,458,comment_added,2026-08-24
8185,458,comment_added,2026-08-13
8186,458,file_uploaded,2026-07-11
8187,459,comment_added,2026-04-29
8188,459,comment_added,2026-08-03
8189,459,file_uploaded,2026-05-14
8190,460,task_created,2025-12-13
8191,460,file_uploaded,2026-03-18
8192,460,report_generated,2025-09-29
8193,460,comment_added,2025-09-20
8194,461,login,2026-03-13
8195,461,file_uploaded,2026-03-04
8196,461,file_uploaded,2026-04-24
8197,461,file_uploaded,2026-08-25
8198,461,comment_added,2026-01-09
8199,461,task_created,2026-01-22
8200,461,task_created,2025-12-21
8201,461,login,2026-08-24
8202,461,file_uploaded,2026-07-27
8203,461,login,2026-02-01
8204,461,task_created,2026-08-16
8205,461,task_created,2026-08-26
8206,461,task_created,2026-01-27
8207,461,comment_added,2025-12-19
8208,461,login,2026-08-29
8209,461,comment_added,2026-03-27
8210,461,login,2026-09-02
8211,461,comment_added,2026-05-16
8212,462,login,2026-03-02
8213,463,report_generated,2025-11-06
8214,463,comment_added,2026-01-20
8215,463,task_created,2025-07-03
8216,463,file_uploaded,2025-03-31
8217,463,task_created,2026-07-01
8218,463,task_created,2025-07-07
8219,463,comment_added,2025-05-16
8220,463,comment_added,2025-07-15
8221,463,login,2026-05-12
8222,463,comment_added,2026-04-22
8223,463,report_generated,2025-05-07
8224,463,task_created,2026-05-31
8225,463,report_generated,2025-11-23
8226,463,login,2025-03-16
8227,463,login,2025-02-25
8228,463,login,2025-03-10
8229,463,report_generated,2025-05-10
8230,463,comment_added,2025-08-01
8231,463,login,2025-05-08
8232,463,file_uploaded,2025-08-27
8233,463,file_uploaded,2025-05-25
8234,463,report_generated,2026-08-19
8235,463,comment_added,2025-04-13
8236,463,task_created,2025-03-12
8237,463,report_generated,2026-02-10
8238,463,login,2026-03-09
8239,463,report_generated,2026-07-15
8240,463,report_generated,2025-12-10
8241,463,login,2025-07-27
8242,463,task_created,2026-08-26
8243,463,file_uploaded,2026-08-20
8244,463,file_uploaded,2025-12-05
8245,463,login,2026-08-02
8246,463,task_created,2025-07-18
8247,463,comment_added,2025-12-06
8248,463,report_generated,2025-03-29
8249,463,file_uploaded,2026-03-09
8250,463,comment_added,2025-03-27
8251,463,file_uploaded,2026-05-05
8252,463,login,2025-03-12
8253,463,login,2025-04-05
8254,463,task_created,2025-11-08
8255,463,report_generated,2026-03-07
8256,464,login,2025-12-08
8257,464,comment_added,2025-12-29
8258,464,comment_added,2025-10-01
8259,464,file_uploaded,2025-05-26
8260,464,comment_added,2026-01-14
8261,464,task_created,2025-04-28
8262,464,task_created,2026-02-19
8263,464,comment_added,2025-09-25
8264,464,report_generated,2025-08-14
8265,464,login,2026-01-06
8266,464,report_generated,2026-01-02
8267,464,comment_added,2025-06-16
8268,464,login,2026-01-12
8269,465,login,2026-05-31
8270,465,file_uploaded,2026-07-08
8271,465,file_uploaded,2025-09-18
8272,465,task_created,2025-12-06
8273,466,comment_added,2025-12-08
8274,466,comment_added,2026-07-04
8275,466,comment_added,2026-01-28
8276,466,login,2025-10-12
8277,466,comment_added,2026-07-15
8278,466,task_created,2025-04-21
8279,466,login,2024-12-19
8280,466,login,2025-07-15
8281,466,file_uploaded,2025-02-16
8282,467,comment_added,2025-10-28
8283,467,comment_added,2025-08-23
8284,468,login,2026-08-25
8285,468,report_generated,2026-07-22
8286,468,comment_added,2026-07-11
8287,468,file_uploaded,2026-08-18
8288,468,comment_added,2026-07-20
8289,468,file_uploaded,2026-07-13
8290,468,comment_added,2026-07-13
8291,468,file_uploaded,2026-06-27
8292,468,task_created,2026-07-23
8293,468,login,2026-07-08
8294,468,file_uploaded,2026-07-07
8295,468,task_created,2026-07-26
8296,469,comment_added,2026-06-19
8297,469,file_uploaded,2025-11-11
8298,469,task_created,2025-11-01
8299,469,task_created,2025-01-22
8300,469,task_created,2026-03-06
8301,469,comment_added,2026-01-13
8302,469,task_created,2026-03-18
8303,469,report_generated,2025-04-17
8304,469,login,2025-09-15
8305,469,login,2026-04-19
8306,469,report_generated,2026-02-04
8307,469,task_created,2026-02-04
8308,469,report_generated,2025-12-30
8309,469,login,2025-10-25
8310,469,file_uploaded,2025-07-11
8311,469,report_generated,2025-08-23
8312,470,comment_added,2025-08-20
8313,470,task_created,2026-08-06
8314,470,task_created,2025-07-03
8315,470,login,2024-09-29
8316,470,file_uploaded,2025-12-31
8317,470,file_uploaded,2025-07-18
8318,470,report_generated,2025-06-19
8319,470,comment_added,2026-02-13
8320,470,comment_added,2026-03-03
8321,470,task_created,2024-09-29
8322,470,report_generated,2024-12-26
8323,471,comment_added,2025-10-07
8324,471,comment_added,2026-05-29
8325,471,task_created,2026-02-26
8326,471,report_generated,2026-08-05
8327,471,task_created,2025-11-22
8328,471,comment_added,2026-01-30
8329,471,login,2026-08-05
8330,471,report_generated,2026-05-16
8331,471,report_generated,2025-06-25
8332,471,login,2026-05-23
8333,471,report_generated,2026-08-16
8334,471,task_created,2025-10-06
8335,471,task_created,2025-09-24
8336,471,report_generated,2026-07-02
8337,471,comment_added,2025-09-13
8338,471,comment_added,2025-10-15
8339,471,login,2025-11-14
8340,471,task_created,2025-12-25
8341,471,task_created,2026-07-24
8342,471,login,2026-07-23
8343,471,login,2025-07-22
8344,471,comment_added,2026-06-05
8345,471,comment_added,2026-01-24
8346,471,login,2026-01-30
8347,471,login,2026-03-11
8348,471,task_created,2026-04-12
8349,471,comment_added,2025-10-07
8350,471,task_created,2025-07-22
8351,471,task_created,2026-02-13
8352,471,file_uploaded,2025-08-13
8353,471,report_generated,2026-05-01
8354,471,login,2025-09-29
8355,472,login,2025-10-28
8356,472,login,2024-11-24
8357,472,comment_added,2026-05-26
8358,472,report_generated,2026-01-28
8359,472,login,2025-10-10
8360,472,comment_added,2025-12-23
8361,472,comment_added,2025-10-28
8362,472,login,2026-02-26
8363,472,task_created,2024-09-17
8364,472,login,2025-04-08
8365,472,comment_added,2024-10-07
8366,472,report_generated,2024-12-25
8367,472,login,2025-11-05
8368,472,task_created,2026-03-23
8369,472,comment_added,2026-05-11
8370,472,task_created,2024-09-20
8371,472,file_uploaded,2026-08-12
8372,473,file_uploaded,2026-06-28
8373,473,report_generated,2026-08-09
8374,473,comment_added,2026-06-15
8375,473,file_uploaded,2026-05-04
8376,473,comment_added,2026-04-04
8377,473,file_uploaded,2026-05-28
8378,473,comment_added,2026-07-07
8379,473,task_created,2026-07-01
8380,473,login,2026-04-18
8381,473,comment_added,2026-06-22
8382,473,login,2026-04-22
8383,473,comment_added,2026-08-16
8384,473,login,2026-06-16
8385,473,report_generated,2026-08-20
8386,473,task_created,2026-05-31
8387,473,comment_added,2026-07-14
8388,473,report_generated,2026-08-04
8389,473,comment_added,2026-04-10
8390,473,file_uploaded,2026-05-09
8391,474,task_created,2026-02-03
8392,474,task_created,2026-01-15
8393,474,comment_added,2026-09-02
8394,474,task_created,2026-07-12
8395,474,task_created,2025-12-03
8396,474,report_generated,2026-06-15
8397,474,report_generated,2026-04-16
8398,474,login,2026-05-29
8399,474,report_generated,2025-12-13
8400,474,report_generated,2025-11-14
8401,474,comment_added,2026-01-01
8402,474,file_uploaded,2026-07-28
8403,474,report_generated,2025-11-17
8404,474,report_generated,2025-11-06
8405,474,file_uploaded,2026-02-25
8406,474,file_uploaded,2026-05-17
8407,475,login,2026-01-20
8408,475,login,2026-03-04
8409,475,task_created,2025-08-10
8410,475,login,2026-01-16
8411,475,task_created,2025-07-03
8412,476,login,2026-08-15
8413,476,task_created,2026-05-17
8414,476,file_uploaded,2026-04-06
8415,476,comment_added,2026-04-15
8416,476,login,2026-01-26
8417,476,task_created,2026-04-12
8418,477,file_uploaded,2026-08-22
8419,477,report_generated,2026-06-05
8420,477,task_created,2026-08-30
8421,477,task_created,2026-06-08
8422,477,task_created,2026-09-02
8423,477,report_generated,2026-06-28
8424,477,login,2026-07-11
8425,477,comment_added,2026-07-21
8426,477,task_created,2026-08-05
8427,477,comment_added,2026-07-21
8428,477,file_uploaded,2026-06-09
8429,477,file_uploaded,2026-08-15
8430,477,comment_added,2026-07-20
8431,477,task_created,2026-08-17
8432,477,task_created,2026-08-14
8433,477,report_generated,2026-08-02
8434,477,login,2026-07-03
8435,477,task_created,2026-06-10
8436,477,comment_added,2026-07-04
8437,477,comment_added,2026-05-27
8438,477,task_created,2026-07-23
8439,477,report_generated,2026-07-09
8440,477,file_uploaded,2026-06-26
8441,477,comment_added,2026-08-20
8442,477,comment_added,2026-08-29
8443,478,file_uploaded,2025-07-27
8444,478,task_created,2025-06-11
8445,478,report_generated,2025-09-15
8446,478,login,2026-03-29
8447,478,login,2025-06-15
8448,478,report_generated,2026-04-25
8449,478,login,2026-01-05
8450,478,login,2026-03-25
8451,478,report_generated,2026-02-02
8452,478,comment_added,2026-03-04
8453,479,report_generated,2026-03-26
8454,479,comment_added,2026-05-22
8455,479,login,2026-04-25
8456,479,report_generated,2026-07-03
8457,479,task_created,2026-08-06
8458,479,comment_added,2026-06-21
8459,479,comment_added,2026-08-03
8460,479,file_uploaded,2026-08-17
8461,479,comment_added,2026-08-16
8462,479,report_generated,2026-06-14
8463,479,comment_added,2026-07-29
8464,479,file_uploaded,2026-08-10
8465,479,comment_added,2026-04-01
8466,479,task_created,2026-05-24
8467,479,report_generated,2026-07-25
8468,479,file_uploaded,2026-08-05
8469,479,comment_added,2026-08-20
8470,479,task_created,2026-05-12
8471,479,comment_added,2026-06-02
8472,479,report_generated,2026-04-05
8473,479,comment_added,2026-03-15
8474,479,comment_added,2026-05-28
8475,479,task_created,2026-08-15
8476,479,task_created,2026-04-23
8477,479,task_created,2026-04-06
8478,479,report_generated,2026-05-06
8479,479,file_uploaded,2026-04-15
8480,479,comment_added,2026-06-21
8481,479,login,2026-07-31
8482,479,comment_added,2026-06-22
8483,479,comment_added,2026-03-15
8484,479,task_created,2026-07-09
8485,479,login,2026-06-19
8486,479,file_uploaded,2026-07-05
8487,479,file_uploaded,2026-03-17
8488,480,task_created,2025-09-12
8489,480,comment_added,2025-11-20
8490,480,task_created,2026-06-20
8491,480,comment_added,2026-03-08
8492,481,report_generated,2026-08-27
8493,481,report_generated,2026-09-02
8494,481,comment_added,2026-08-27
8495,481,comment_added,2026-08-26
8496,481,report_generated,2026-08-24
8497,481,report_generated,2026-08-24
8498,481,login,2026-08-30
8499,481,comment_added,2026-08-26
8500,481,file_uploaded,2026-09-02
8501,481,login,2026-08-29
8502,482,task_created,2026-05-31
8503,482,comment_added,2026-03-18
8504,482,comment_added,2026-02-22
8505,482,task_created,2026-08-04
8506,482,report_generated,2026-04-02
8507,482,comment_added,2025-10-09
8508,482,comment_added,2026-03-06
8509,482,report_generated,2026-03-04
8510,483,login,2026-06-24
8511,483,task_created,2026-08-29
8512,483,comment_added,2026-05-04
8513,483,file_uploaded,2026-07-03
8514,483,task_created,2026-05-15
8515,483,task_created,2026-08-09
8516,483,comment_added,2026-08-14
8517,484,comment_added,2025-10-30
8518,484,login,2025-11-11
8519,484,task_created,2025-09-28
8520,484,report_generated,2026-06-24
8521,484,comment_added,2025-12-13
8522,484,task_created,2025-08-07
8523,484,report_generated,2026-03-19
8524,484,comment_added,2026-08-01
8525,484,login,2025-10-09
8526,485,task_created,2026-08-26
8527,485,task_created,2026-09-02
8528,485,login,2026-08-26
8529,485,comment_added,2026-09-01
8530,485,file_uploaded,2026-09-01
8531,485,login,2026-08-27
8532,485,file_uploaded,2026-08-27
8533,485,login,2026-08-29
8534,485,task_created,2026-08-27
8535,485,login,2026-08-31
8536,485,login,2026-08-26
8537,485,comment_added,2026-09-01
8538,485,comment_added,2026-08-26
8539,485,login,2026-08-30
8540,485,comment_added,2026-08-30
8541,485,report_generated,2026-08-27
8542,485,file_uploaded,2026-08-26
8543,485,task_created,2026-09-01
8544,485,comment_added,2026-08-29
8545,485,file_uploaded,2026-09-02
8546,485,login,2026-08-28
8547,485,task_created,2026-08-31
8548,485,report_generated,2026-08-30
8549,485,file_uploaded,2026-08-26
8550,485,file_uploaded,2026-09-02
8551,485,file_uploaded,2026-08-30
8552,485,login,2026-08-28
8553,485,task_created,2026-09-02
8554,485,file_uploaded,2026-09-01
8555,485,comment_added,2026-08-28
8556,485,report_generated,2026-08-28
8557,485,comment_added,2026-08-26
8558,485,file_uploaded,2026-08-27
8559,485,file_uploaded,2026-09-02
8560,485,task_created,2026-08-26
8561,486,comment_added,2026-08-31
8562,486,report_generated,2026-08-23
8563,486,file_uploaded,2026-08-22
8564,486,comment_added,2026-08-30
8565,486,login,2026-08-26
8566,486,task_created,2026-08-25
8567,486,file_uploaded,2026-08-25
8568,487,login,2025-08-30
8569,487,task_created,2026-08-26
8570,487,report_generated,2026-08-23
8571,488,task_created,2025-11-02
8572,488,report_generated,2025-05-27
8573,488,login,2025-12-16
8574,488,comment_added,2026-02-22
8575,488,file_uploaded,2025-01-21
8576,488,task_created,2024-11-11
8577,488,login,2025-04-18
8578,488,comment_added,2025-01-20
8579,488,login,2025-04-17
8580,488,login,2025-11-24
8581,488,file_uploaded,2025-06-13
8582,488,comment_added,2025-07-02
8583,488,task_created,2025-09-22
8584,488,file_uploaded,2026-02-22
8585,488,comment_added,2026-05-14
8586,488,file_uploaded,2025-10-20
8587,488,task_created,2025-03-05
8588,488,file_uploaded,2025-06-12
8589,488,comment_added,2025-01-16
8590,488,report_generated,2025-08-31
8591,488,comment_added,2025-07-29
8592,488,task_created,2024-12-21
8593,488,report_generated,2026-06-16
8594,488,task_created,2024-12-19
8595,488,report_generated,2025-12-11
8596,488,login,2026-04-07
8597,488,file_uploaded,2025-02-05
8598,488,report_generated,2025-08-10
8599,488,task_created,2024-12-25
8600,488,task_created,2026-02-06
8601,488,login,2025-07-15
8602,488,file_uploaded,2025-12-13
8603,488,login,2026-05-02
8604,488,file_uploaded,2025-03-26
8605,488,comment_added,2026-03-27
8606,488,task_created,2025-04-24
8607,488,login,2025-01-16
8608,488,login,2025-04-15
8609,488,comment_added,2026-03-19
8610,488,task_created,2026-05-04
8611,488,task_created,2025-02-13
8612,488,comment_added,2025-07-26
8613,488,task_created,2026-01-04
8614,489,file_uploaded,2026-02-10
8615,489,task_created,2026-05-21
8616,489,task_created,2026-05-09
8617,489,task_created,2026-09-02
8618,489,comment_added,2025-06-24
8619,489,comment_added,2025-08-27
8620,489,file_uploaded,2026-01-19
8621,489,report_generated,2025-03-28
8622,489,comment_added,2025-10-19
8623,489,login,2026-06-02
8624,489,comment_added,2026-07-16
8625,489,file_uploaded,2026-05-11
8626,489,file_uploaded,2025-06-28
8627,490,login,2026-07-04
8628,490,file_uploaded,2026-06-15
8629,490,file_uploaded,2026-05-03
8630,490,task_created,2026-07-14
8631,490,report_generated,2026-03-07
8632,490,file_uploaded,2026-03-04
8633,490,task_created,2026-07-20
8634,490,task_created,2026-03-25
8635,490,task_created,2026-04-19
8636,490,report_generated,2026-08-12
8637,490,task_created,2026-05-26
8638,490,file_uploaded,2026-03-26
8639,490,report_generated,2026-08-24
8640,491,report_generated,2026-04-01
8641,491,file_uploaded,2026-08-14
8642,491,report_generated,2026-04-24
8643,491,comment_added,2026-07-10
8644,491,login,2026-05-06
8645,491,task_created,2026-08-09
8646,491,comment_added,2026-04-16
8647,491,report_generated,2026-05-03
8648,491,file_uploaded,2026-08-21
8649,492,comment_added,2026-08-04
8650,492,comment_added,2026-07-08
8651,492,comment_added,2026-08-12
8652,492,report_generated,2026-08-24
8653,492,file_uploaded,2026-07-21
8654,493,comment_added,2026-03-27
8655,493,report_generated,2026-02-13
8656,493,comment_added,2026-06-17
8657,493,login,2026-07-30
8658,493,task_created,2025-08-01
8659,494,report_generated,2026-02-16
8660,494,login,2026-08-30
8661,494,task_created,2026-07-11
8662,494,comment_added,2026-07-26
8663,494,comment_added,2026-05-28
8664,494,report_generated,2026-08-09
8665,494,report_generated,2026-06-16
8666,494,task_created,2026-07-22
8667,494,comment_added,2026-04-24
8668,494,comment_added,2026-05-04
8669,494,comment_added,2026-06-18
8670,494,login,2026-07-18
8671,494,login,2026-07-22
8672,494,report_generated,2026-04-20
8673,494,comment_added,2026-06-02
8674,494,file_uploaded,2026-06-16
8675,494,login,2026-09-02
8676,495,login,2026-02-23
8677,495,task_created,2025-11-29
8678,495,comment_added,2025-07-27
8679,495,file_uploaded,2026-01-14
8680,495,file_uploaded,2026-01-02
8681,495,comment_added,2025-06-17
8682,495,login,2025-06-08
8683,495,file_uploaded,2026-08-21
8684,495,file_uploaded,2025-09-06
8685,495,comment_added,2025-02-16
8686,495,file_uploaded,2025-02-02
8687,495,comment_added,2026-04-19
8688,495,file_uploaded,2026-05-27
8689,495,comment_added,2025-12-27
8690,495,comment_added,2025-05-01
8691,495,file_uploaded,2026-07-10
8692,495,file_uploaded,2026-04-30
8693,495,task_created,2025-05-05
8694,495,comment_added,2025-10-22
8695,495,task_created,2026-07-12
8696,495,login,2026-04-18
8697,495,report_generated,2026-05-27
8698,495,login,2026-05-19
8699,495,task_created,2026-01-11
8700,495,task_created,2026-08-31
8701,495,login,2025-12-11
8702,496,report_generated,2026-08-30
8703,496,report_generated,2025-09-23
8704,497,file_uploaded,2026-06-07
8705,497,file_uploaded,2026-05-08
8706,497,login,2025-12-09
8707,497,task_created,2026-01-22
8708,497,comment_added,2026-04-12
8709,497,report_generated,2026-02-18
8710,498,report_generated,2026-09-02
8711,498,report_generated,2026-06-19
8712,498,comment_added,2026-06-08
8713,499,file_uploaded,2026-09-01
8714,499,task_created,2026-09-01
8715,499,report_generated,2026-08-28
8716,499,task_created,2026-08-30
8717,499,task_created,2026-08-29
8718,499,file_uploaded,2026-08-30
8719,499,task_created,2026-08-29
8720,499,report_generated,2026-08-27
8721,499,task_created,2026-09-01
8722,499,login,2026-08-30
8723,499,task_created,2026-08-31
8724,499,file_uploaded,2026-08-31
8725,499,report_generated,2026-08-28
8726,499,task_created,2026-09-01
8727,499,file_uploaded,2026-08-28
8728,499,task_created,2026-08-29
8729,499,comment_added,2026-08-31
8730,499,login,2026-08-31
8731,499,comment_added,2026-08-29
8732,499,comment_added,2026-08-27
8733,499,report_generated,2026-09-01
8734,499,login,2026-08-31
8735,499,comment_added,2026-09-02
8736,499,file_uploaded,2026-08-30
8737,499,login,2026-08-31
8738,499,file_uploaded,2026-08-31
8739,499,report_generated,2026-08-30
8740,499,login,2026-08-29
8741,499,report_generated,2026-08-29
8742,499,comment_added,2026-08-27
8743,499,login,2026-08-27
8744,499,comment_added,2026-09-02
8745,500,task_created,2026-04-29
8746,500,task_created,2026-01-08
8747,500,report_generated,2026-05-09
8748,500,task_created,2026-05-24
8749,500,login,2026-03-05
8750,500,report_generated,2026-01-18
8751,500,file_uploaded,2026-02-18
8752,500,login,2026-03-15
8753,500,report_generated,2026-03-20
8754,500,login,2026-04-22
8755,500,report_generated,2026-03-20
8756,500,login,2026-02-16
8757,500,task_created,2026-02-20
8758,500,comment_added,2026-03-30
8759,500,task_created,2026-08-10
8760,500,file_uploaded,2026-07-24
8761,500,comment_added,2026-04-27
8762,501,task_created,2026-03-10
8763,501,file_uploaded,2026-06-03
8764,501,login,2026-05-06
8765,501,comment_added,2026-02-18
8766,501,task_created,2026-04-23
8767,501,login,2026-08-11
8768,501,login,2026-04-27
8769,501,report_generated,2026-02-23
8770,501,file_uploaded,2026-03-31
8771,501,comment_added,2026-05-23
8772,501,login,2026-06-29
8773,501,comment_added,2026-08-11
8774,501,file_uploaded,2026-06-28
8775,501,login,2026-07-07
8776,501,task_created,2026-07-18
8777,501,file_uploaded,2026-08-26
8778,501,report_generated,2026-02-15
8779,502,task_created,2026-04-28
8780,502,comment_added,2026-03-27
8781,502,comment_added,2026-06-09
8782,502,report_generated,2026-09-02
8783,502,task_created,2026-05-08
8784,502,report_generated,2026-03-02
8785,502,file_uploaded,2026-06-17
8786,502,login,2026-05-12
8787,502,comment_added,2026-04-19
8788,502,file_uploaded,2026-06-04
8789,502,file_uploaded,2026-08-16
8790,502,file_uploaded,2026-06-12
8791,502,report_generated,2026-04-07
8792,502,task_created,2026-03-09
8793,502,report_generated,2026-06-01
8794,502,report_generated,2026-06-05
8795,502,report_generated,2026-08-03
8796,502,report_generated,2026-06-13
8797,502,comment_added,2026-08-01
8798,502,report_generated,2026-05-14
8799,502,report_generated,2026-08-17
8800,502,comment_added,2026-08-15
8801,503,task_created,2026-07-10
8802,503,task_created,2026-08-07
8803,503,comment_added,2026-07-12
8804,503,login,2026-06-19
8805,503,file_uploaded,2026-08-31
8806,503,login,2026-07-16
8807,503,login,2026-06-21
8808,503,login,2026-06-09
8809,503,report_generated,2026-06-23
8810,503,task_created,2026-07-21
8811,503,task_created,2026-08-18
8812,503,task_created,2026-06-13
8813,503,login,2026-06-20
8814,503,report_generated,2026-07-15
8815,503,task_created,2026-06-12
8816,503,report_generated,2026-06-04
8817,503,file_uploaded,2026-07-17
8818,503,comment_added,2026-06-08
8819,503,file_uploaded,2026-06-30
8820,504,login,2026-03-20
8821,504,report_generated,2026-05-11
8822,504,comment_added,2026-05-11
8823,504,file_uploaded,2026-07-01
8824,504,task_created,2026-08-25
8825,504,task_created,2026-08-29
8826,504,file_uploaded,2026-07-21
8827,504,report_generated,2026-07-30
8828,504,task_created,2026-07-16
8829,504,task_created,2025-12-20
8830,504,comment_added,2026-06-22
8831,504,report_generated,2026-03-12
8832,504,task_created,2026-05-13
8833,504,comment_added,2026-01-21
8834,504,task_created,2026-04-07
8835,504,task_created,2026-02-09
8836,505,login,2025-07-30
8837,505,task_created,2025-05-26
8838,505,login,2025-06-12
8839,506,comment_added,2026-05-24
8840,506,login,2026-02-04
8841,507,login,2026-01-17
8842,507,comment_added,2025-03-29
8843,507,file_uploaded,2025-09-03
8844,507,file_uploaded,2025-09-21
8845,507,task_created,2025-06-08
8846,507,file_uploaded,2026-07-16
8847,507,login,2025-12-15
8848,508,task_created,2026-08-29
8849,508,file_uploaded,2026-06-27
8850,508,login,2026-08-15
8851,508,task_created,2026-06-11
8852,508,report_generated,2025-09-03
8853,508,file_uploaded,2026-07-06
8854,508,report_generated,2026-01-24
8855,508,comment_added,2026-03-08
8856,508,file_uploaded,2025-11-29
8857,508,file_uploaded,2025-07-18
8858,508,comment_added,2025-08-07
8859,508,report_generated,2025-04-04
8860,508,comment_added,2025-07-25
8861,508,comment_added,2025-06-02
8862,508,file_uploaded,2026-06-09
8863,508,login,2025-11-03
8864,508,login,2026-04-07
8865,508,file_uploaded,2025-09-04
8866,508,file_uploaded,2025-07-03
8867,509,login,2026-06-08
8868,509,task_created,2026-07-14
8869,509,file_uploaded,2026-06-11
8870,509,task_created,2026-08-25
8871,509,comment_added,2026-07-28
8872,509,login,2026-06-09
8873,509,task_created,2026-06-27
8874,509,task_created,2026-06-08
8875,509,comment_added,2026-07-29
8876,509,task_created,2026-08-03
8877,509,file_uploaded,2026-08-19
8878,509,login,2026-06-07
8879,509,file_uploaded,2026-08-18
8880,509,report_generated,2026-08-27
8881,509,comment_added,2026-08-09
8882,510,report_generated,2025-06-15
8883,510,comment_added,2025-11-26
8884,510,task_created,2025-08-24
8885,510,report_generated,2025-09-16
8886,510,task_created,2026-04-06
8887,510,report_generated,2025-10-24
8888,510,report_generated,2026-02-08
8889,510,login,2026-05-31
8890,510,file_uploaded,2026-08-12
8891,510,task_created,2026-08-16
8892,510,file_uploaded,2025-09-11
8893,510,task_created,2026-01-20
8894,510,comment_added,2025-04-19
8895,510,report_generated,2026-03-05
8896,510,comment_added,2025-12-14
8897,511,comment_added,2026-07-21
8898,511,task_created,2026-01-06
8899,511,comment_added,2026-06-24
8900,511,file_uploaded,2026-09-02
8901,511,task_created,2025-11-09
8902,511,task_created,2026-08-27
8903,511,login,2026-06-21
8904,511,login,2026-01-29
8905,511,task_created,2026-04-26
8906,511,comment_added,2026-07-05
8907,511,login,2026-07-20
8908,511,file_uploaded,2026-02-25
8909,511,task_created,2026-04-24
8910,511,comment_added,2026-08-31
8911,511,task_created,2026-07-31
8912,511,task_created,2026-01-13
8913,511,login,2025-11-22
8914,511,report_generated,2026-01-15
8915,511,login,2026-05-30
8916,511,task_created,2026-08-15
8917,511,login,2026-02-04
8918,511,report_generated,2025-11-30
8919,511,file_uploaded,2026-08-18
8920,511,comment_added,2026-07-04
8921,511,comment_added,2026-07-23
8922,511,file_uploaded,2026-08-26
8923,511,task_created,2026-05-05
8924,511,comment_added,2026-05-17
8925,511,task_created,2026-05-09
8926,511,comment_added,2026-03-09
8927,511,login,2026-05-28
8928,511,task_created,2025-11-28
8929,511,report_generated,2025-11-16
8930,511,task_created,2026-04-11
8931,511,login,2026-05-25
8932,511,comment_added,2026-08-28
8933,511,login,2026-04-21
8934,511,login,2026-07-01
8935,511,task_created,2026-05-04
8936,511,comment_added,2026-02-23
8937,511,login,2025-12-25
8938,511,comment_added,2026-01-23
8939,511,comment_added,2026-02-01
8940,511,login,2026-05-05
8941,511,report_generated,2025-12-25
8942,511,file_uploaded,2026-02-17
8943,511,comment_added,2026-03-29
8944,511,login,2026-02-14
8945,511,login,2026-02-16
8946,511,file_uploaded,2026-08-30
8947,511,login,2026-07-06
8948,511,comment_added,2026-02-23
8949,511,login,2026-07-21
8950,511,task_created,2026-01-05
8951,511,login,2026-05-30
8952,512,task_created,2026-07-07
8953,512,task_created,2026-07-02
8954,512,login,2026-07-08
8955,512,file_uploaded,2026-08-15
8956,513,task_created,2026-06-16
8957,513,login,2025-04-19
8958,513,login,2025-05-26
8959,513,file_uploaded,2025-06-19
8960,513,login,2026-04-12
8961,513,task_created,2025-07-06
8962,513,login,2025-04-07
8963,513,file_uploaded,2025-03-28
8964,513,report_generated,2025-07-13
8965,513,file_uploaded,2026-08-19
8966,513,task_created,2025-11-05
8967,513,login,2025-10-01
8968,513,comment_added,2025-12-21
8969,513,file_uploaded,2025-09-09
8970,513,report_generated,2026-03-20
8971,513,comment_added,2025-09-25
8972,513,task_created,2025-03-09
8973,513,report_generated,2026-06-05
8974,513,login,2026-08-11
8975,513,report_generated,2025-07-27
8976,513,login,2025-08-23
8977,513,report_generated,2025-05-27
8978,513,comment_added,2025-03-19
8979,513,comment_added,2026-04-04
8980,514,report_generated,2025-07-13
8981,514,comment_added,2025-02-28
8982,515,report_generated,2026-08-28
8983,515,task_created,2026-04-14
8984,515,report_generated,2026-08-10
8985,515,task_created,2026-06-15
8986,515,comment_added,2026-03-15
8987,516,report_generated,2025-05-10
8988,516,file_uploaded,2025-10-17
8989,516,login,2024-12-30
8990,517,comment_added,2025-11-21
8991,517,report_generated,2026-06-05
8992,517,comment_added,2025-10-08
8993,517,login,2026-04-15
8994,517,task_created,2025-09-22
8995,517,login,2026-03-24
8996,517,report_generated,2025-10-15
8997,517,file_uploaded,2025-11-09
8998,517,comment_added,2026-02-03
8999,517,comment_added,2026-01-18
9000,518,file_uploaded,2026-07-20
9001,518,task_created,2026-07-13
9002,518,login,2026-07-01
9003,519,login,2025-12-11
9004,519,login,2025-08-27
9005,519,file_uploaded,2025-08-12
9006,519,file_uploaded,2025-05-15
9007,519,report_generated,2025-07-25
9008,519,file_uploaded,2025-09-02
9009,519,comment_added,2025-11-12
9010,520,report_generated,2026-01-17
9011,520,task_created,2025-06-08
9012,520,comment_added,2026-03-11
9013,520,file_uploaded,2025-06-09
9014,520,login,2026-05-12
9015,520,file_uploaded,2025-12-15
9016,520,comment_added,2026-07-24
9017,520,file_uploaded,2025-05-20
9018,520,task_created,2025-09-02
9019,520,report_generated,2025-07-12
9020,520,login,2026-02-04
9021,520,report_generated,2025-10-31
9022,521,task_created,2025-12-21
9023,521,task_created,2025-04-05
9024,521,login,2026-01-15
9025,521,login,2025-12-09
9026,521,login,2025-08-03
9027,521,file_uploaded,2026-04-04
9028,521,comment_added,2026-08-19
9029,522,file_uploaded,2026-08-25
9030,522,file_uploaded,2026-05-15
9031,523,comment_added,2026-05-13
9032,523,report_generated,2026-03-12
9033,523,comment_added,2026-06-17
9034,523,report_generated,2026-08-16
9035,523,report_generated,2026-05-30
9036,523,task_created,2026-06-12
9037,523,report_generated,2026-04-28
9038,523,login,2026-06-26
9039,523,report_generated,2026-03-31
9040,523,file_uploaded,2026-06-22
9041,523,login,2026-02-24
9042,523,comment_added,2026-03-07
9043,523,login,2026-03-11
9044,523,login,2026-07-05
9045,523,task_created,2026-03-05
9046,523,file_uploaded,2026-03-02
9047,523,task_created,2026-07-15
9048,523,file_uploaded,2026-03-21
9049,523,report_generated,2026-06-06
9050,523,file_uploaded,2026-03-19
9051,523,file_uploaded,2026-04-06
9052,523,login,2026-07-06
9053,523,login,2026-07-13
9054,523,login,2026-07-06
9055,523,report_generated,2026-08-29
9056,524,login,2025-12-31
9057,524,comment_added,2025-02-27
9058,524,login,2024-10-30
9059,524,login,2025-09-14
9060,524,login,2026-01-16
9061,524,comment_added,2025-04-17
9062,525,file_uploaded,2026-06-20
9063,525,login,2026-08-11
9064,525,login,2026-07-16
9065,525,task_created,2026-08-13
9066,525,login,2026-07-27
9067,526,report_generated,2025-05-05
9068,526,comment_added,2026-03-22
9069,526,file_uploaded,2025-12-25
9070,526,task_created,2026-01-19
9071,526,task_created,2026-05-02
9072,526,task_created,2025-07-12
9073,526,login,2025-04-12
9074,526,task_created,2026-06-06
9075,526,comment_added,2026-03-10
9076,526,file_uploaded,2026-03-16
9077,526,file_uploaded,2026-05-28
9078,526,file_uploaded,2025-12-02
9079,526,task_created,2025-04-17
9080,526,comment_added,2025-07-19
9081,526,report_generated,2025-03-23
9082,526,task_created,2025-10-07
9083,526,task_created,2026-05-04
9084,526,report_generated,2026-06-11
9085,526,file_uploaded,2026-06-08
9086,526,task_created,2026-06-08
9087,526,report_generated,2025-06-06
9088,526,comment_added,2025-05-22
9089,526,task_created,2025-11-19
9090,526,login,2026-07-17
9091,526,login,2025-04-19
9092,526,file_uploaded,2025-12-15
9093,526,file_uploaded,2026-05-16
9094,526,report_generated,2025-06-28
9095,526,comment_added,2026-02-19
9096,526,login,2025-04-12
9097,526,login,2025-07-15
9098,526,comment_added,2026-06-18
9099,526,file_uploaded,2026-07-28
9100,526,report_generated,2025-07-23
9101,526,login,2025-04-25
9102,526,comment_added,2025-12-11
9103,526,comment_added,2025-11-14
9104,526,comment_added,2025-05-26
9105,526,comment_added,2025-12-19
9106,526,report_generated,2025-03-21
9107,526,login,2025-11-28
9108,526,task_created,2026-02-05
9109,526,report_generated,2025-04-30
9110,526,login,2026-08-13
9111,526,comment_added,2026-01-16
9112,526,file_uploaded,2026-08-08
9113,526,task_created,2026-08-04
9114,526,task_created,2025-05-23
9115,526,comment_added,2026-07-05
9116,526,login,2026-06-10
9117,526,file_uploaded,2026-05-16
9118,526,login,2026-01-11
9119,526,file_uploaded,2026-05-12
9120,526,task_created,2025-06-27
9121,527,file_uploaded,2025-10-14
9122,527,login,2025-11-19
9123,527,file_uploaded,2026-03-01
9124,527,report_generated,2026-04-14
9125,527,task_created,2025-10-31
9126,527,task_created,2026-08-25
9127,527,report_generated,2026-07-21
9128,527,task_created,2026-02-04
9129,527,comment_added,2025-10-11
9130,527,comment_added,2026-06-03
9131,527,report_generated,2026-04-26
9132,527,comment_added,2026-04-20
9133,527,comment_added,2025-08-23
9134,527,login,2026-02-09
9135,528,report_generated,2025-10-12
9136,528,file_uploaded,2025-12-01
9137,528,task_created,2026-08-12
9138,528,task_created,2025-09-21
9139,528,login,2026-05-05
9140,528,file_uploaded,2026-05-29
9141,528,task_created,2026-06-11
9142,528,login,2025-11-01
9143,528,login,2026-04-06
9144,528,login,2025-11-28
9145,528,report_generated,2026-07-27
9146,528,comment_added,2025-10-26
9147,528,task_created,2025-10-20
9148,528,comment_added,2026-03-16
9149,528,comment_added,2026-06-27
9150,529,comment_added,2026-08-21
9151,529,comment_added,2026-09-01
9152,529,task_created,2026-08-11
9153,529,login,2026-07-21
9154,529,login,2026-08-11
9155,529,comment_added,2026-08-29
9156,529,comment_added,2026-08-15
9157,529,comment_added,2026-08-01
9158,529,login,2026-07-15
9159,529,file_uploaded,2026-08-17
9160,529,report_generated,2026-07-30
9161,529,task_created,2026-08-17
9162,529,login,2026-07-24
9163,529,report_generated,2026-08-11
9164,529,comment_added,2026-08-16
9165,530,comment_added,2025-09-18
9166,530,comment_added,2026-04-18
9167,530,file_uploaded,2026-02-09
9168,530,comment_added,2025-02-03
9169,530,login,2025-07-18
9170,530,report_generated,2025-02-18
9171,530,login,2026-07-30
9172,530,file_uploaded,2026-03-27
9173,530,file_uploaded,2025-12-16
9174,530,task_created,2025-04-28
9175,530,file_uploaded,2025-08-04
9176,530,login,2026-08-22
9177,530,comment_added,2025-11-25
9178,530,login,2026-03-11
9179,531,task_created,2025-06-26
9180,531,comment_added,2026-08-25
9181,531,task_created,2026-01-02
9182,531,comment_added,2026-06-08
9183,532,task_created,2026-08-23
9184,532,file_uploaded,2026-08-20
9185,532,file_uploaded,2026-08-28
9186,532,login,2026-09-02
9187,532,login,2026-08-08
9188,532,report_generated,2026-08-28
9189,532,login,2026-08-05
9190,533,login,2026-07-19
9191,533,comment_added,2026-08-22
9192,533,login,2026-07-30
9193,533,file_uploaded,2026-07-25
9194,533,file_uploaded,2026-07-05
9195,533,comment_added,2026-08-29
9196,533,task_created,2026-08-13
9197,533,file_uploaded,2026-07-14
9198,533,comment_added,2026-07-21
9199,533,task_created,2026-08-07
9200,533,file_uploaded,2026-07-24
9201,533,login,2026-07-25
9202,533,file_uploaded,2026-08-21
9203,533,file_uploaded,2026-08-09
9204,533,report_generated,2026-07-14
9205,533,login,2026-08-12
9206,533,comment_added,2026-08-28
9207,533,file_uploaded,2026-08-31
9208,533,report_generated,2026-08-16
9209,533,comment_added,2026-08-25
9210,533,file_uploaded,2026-07-27
9211,533,task_created,2026-08-06
9212,533,report_generated,2026-08-18
9213,533,comment_added,2026-08-31
9214,533,login,2026-07-30
9215,533,file_uploaded,2026-07-20
9216,533,report_generated,2026-08-04
9217,533,login,2026-07-12
9218,533,login,2026-07-31
9219,533,comment_added,2026-07-12
9220,533,login,2026-07-24
9221,533,task_created,2026-07-27
9222,533,report_generated,2026-07-13
9223,533,task_created,2026-08-09
9224,533,file_uploaded,2026-08-24
9225,533,comment_added,2026-07-20
9226,533,task_created,2026-08-06
9227,533,comment_added,2026-07-03
9228,533,comment_added,2026-09-02
9229,533,task_created,2026-09-02
9230,533,comment_added,2026-07-20
9231,533,comment_added,2026-07-28
9232,533,comment_added,2026-08-16
9233,533,comment_added,2026-07-17
9234,533,file_uploaded,2026-07-05
9235,533,report_generated,2026-07-11
9236,533,file_uploaded,2026-07-28
9237,533,comment_added,2026-07-12
9238,533,comment_added,2026-07-31
9239,534,login,2026-03-20
9240,534,login,2026-01-02
9241,534,login,2026-04-14
9242,534,report_generated,2025-07-14
9243,534,task_created,2025-07-06
9244,535,comment_added,2026-01-01
9245,535,report_generated,2026-03-12
9246,535,task_created,2026-01-27
9247,535,login,2026-06-01
9248,535,task_created,2026-03-04
9249,535,file_uploaded,2026-07-06
9250,535,report_generated,2025-11-05
9251,536,task_created,2025-12-17
9252,536,report_generated,2025-10-05
9253,536,comment_added,2026-02-24
9254,536,login,2026-06-01
9255,536,report_generated,2026-04-06
9256,536,task_created,2025-09-24
9257,536,report_generated,2026-03-16
9258,536,file_uploaded,2026-02-14
9259,536,report_generated,2025-11-26
9260,536,comment_added,2025-11-15
9261,536,file_uploaded,2025-11-01
9262,536,login,2026-02-22
9263,536,report_generated,2025-12-20
9264,536,login,2026-01-31
9265,536,file_uploaded,2026-06-30
9266,536,login,2026-04-06
9267,536,file_uploaded,2026-05-11
9268,536,comment_added,2025-10-16
9269,536,report_generated,2025-11-16
9270,536,comment_added,2026-07-14
9271,536,comment_added,2026-07-03
9272,536,login,2026-08-01
9273,536,comment_added,2026-06-19
9274,536,file_uploaded,2025-09-14
9275,536,comment_added,2026-05-07
9276,536,login,2025-11-26
9277,536,login,2026-01-30
9278,536,report_generated,2026-04-27
9279,536,comment_added,2026-04-12
9280,536,task_created,2025-11-05
9281,536,comment_added,2026-02-27
9282,536,file_uploaded,2025-12-16
9283,536,file_uploaded,2026-07-30
9284,536,comment_added,2026-01-26
9285,536,comment_added,2026-04-17
9286,537,comment_added,2026-06-17
9287,537,task_created,2026-06-06
9288,537,comment_added,2026-06-26
9289,537,comment_added,2026-04-10
9290,537,file_uploaded,2026-05-19
9291,537,comment_added,2026-03-19
9292,537,comment_added,2026-04-06
9293,537,login,2026-03-19
9294,537,report_generated,2026-03-23
9295,537,report_generated,2026-05-29
9296,537,login,2026-03-20
9297,537,login,2026-01-27
9298,537,task_created,2026-06-05
9299,537,comment_added,2026-07-02
9300,537,task_created,2026-06-21
9301,537,file_uploaded,2026-01-13
9302,537,task_created,2026-04-01
9303,537,file_uploaded,2026-06-26
9304,537,login,2026-08-14
9305,537,login,2026-03-29
9306,537,file_uploaded,2026-01-17
9307,538,file_uploaded,2024-11-24
9308,538,login,2026-08-05
9309,538,comment_added,2025-04-25
9310,538,comment_added,2026-03-09
9311,538,task_created,2025-10-14
9312,538,report_generated,2025-11-10
9313,538,file_uploaded,2025-05-17
9314,538,task_created,2026-09-01
9315,538,comment_added,2024-12-16
9316,538,report_generated,2026-04-21
9317,539,report_generated,2026-07-29
9318,539,login,2026-08-16
9319,539,file_uploaded,2026-08-02
9320,539,login,2026-07-09
9321,539,comment_added,2026-07-10
9322,539,comment_added,2026-08-19
9323,539,task_created,2026-07-28
9324,540,comment_added,2026-07-06
9325,540,report_generated,2026-08-11
9326,540,login,2026-06-20
9327,540,file_uploaded,2026-07-05
9328,540,report_generated,2026-07-16
9329,540,comment_added,2026-08-31
9330,540,file_uploaded,2026-08-15
9331,540,file_uploaded,2026-07-23
9332,540,login,2026-07-20
9333,540,file_uploaded,2026-07-09
9334,540,task_created,2026-07-01
9335,540,report_generated,2026-05-30
9336,540,file_uploaded,2026-07-08
9337,540,file_uploaded,2026-07-14
9338,540,file_uploaded,2026-09-02
9339,540,comment_added,2026-07-11
9340,540,comment_added,2026-06-01
9341,540,report_generated,2026-07-25
9342,540,task_created,2026-07-08
9343,540,comment_added,2026-06-22
9344,540,login,2026-08-14
9345,540,task_created,2026-07-22
9346,540,report_generated,2026-06-29
9347,540,file_uploaded,2026-07-01
9348,540,task_created,2026-07-16
9349,540,task_created,2026-08-18
9350,540,report_generated,2026-07-21
9351,540,report_generated,2026-08-26
9352,540,login,2026-06-04
9353,540,report_generated,2026-07-18
9354,540,comment_added,2026-08-14
9355,540,task_created,2026-07-12
9356,541,login,2025-10-22
9357,541,task_created,2026-04-30
9358,541,login,2025-12-29
9359,541,task_created,2025-12-23
9360,541,task_created,2026-02-22
9361,541,file_uploaded,2026-05-14
9362,541,file_uploaded,2026-05-27
9363,542,file_uploaded,2026-01-19
9364,542,report_generated,2025-10-20
9365,542,login,2026-06-22
9366,542,login,2026-02-28
9367,542,login,2025-10-05
9368,542,report_generated,2025-11-11
9369,542,login,2026-08-11
9370,542,report_generated,2025-09-29
9371,542,report_generated,2026-04-27
9372,542,comment_added,2026-05-13
9373,542,file_uploaded,2026-07-06
9374,542,login,2025-09-12
9375,542,login,2026-05-14
9376,542,file_uploaded,2025-10-07
9377,542,comment_added,2026-06-10
9378,542,file_uploaded,2026-03-03
9379,542,file_uploaded,2026-08-12
9380,543,task_created,2026-08-20
9381,543,login,2026-08-09
9382,543,comment_added,2026-08-08
9383,543,report_generated,2026-08-22
9384,543,login,2026-08-17
9385,543,report_generated,2026-09-01
9386,543,task_created,2026-08-17
9387,543,file_uploaded,2026-08-25
9388,543,report_generated,2026-08-28
9389,543,task_created,2026-08-30
9390,543,file_uploaded,2026-08-23
9391,543,task_created,2026-08-05
9392,543,login,2026-08-26
9393,543,task_created,2026-09-01
9394,543,task_created,2026-08-04
9395,543,report_generated,2026-08-19
9396,543,file_uploaded,2026-08-10
9397,543,task_created,2026-08-13
9398,543,report_generated,2026-08-16
9399,543,comment_added,2026-08-25
9400,544,file_uploaded,2026-08-04
9401,544,comment_added,2026-08-21
9402,544,file_uploaded,2026-05-09
9403,544,report_generated,2026-07-12
9404,544,task_created,2026-08-15
9405,544,report_generated,2026-06-19
9406,544,comment_added,2026-09-01
9407,544,report_generated,2026-05-25
9408,544,login,2026-05-19
9409,544,comment_added,2026-07-27
9410,544,task_created,2026-07-30
9411,544,report_generated,2026-07-06
9412,544,report_generated,2026-08-23
9413,544,report_generated,2026-06-18
9414,544,login,2026-05-09
9415,544,file_uploaded,2026-07-28
9416,544,report_generated,2026-06-04
9417,544,report_generated,2026-07-25
9418,544,file_uploaded,2026-06-08
9419,544,task_created,2026-06-15
9420,544,task_created,2026-08-22
9421,544,login,2026-08-19
9422,544,task_created,2026-05-17
9423,544,task_created,2026-08-31
9424,544,file_uploaded,2026-05-22
9425,544,comment_added,2026-06-08
9426,544,file_uploaded,2026-07-20
9427,544,comment_added,2026-07-29
9428,544,login,2026-08-04
9429,544,file_uploaded,2026-06-29
9430,544,file_uploaded,2026-08-26
9431,544,task_created,2026-08-08
9432,544,report_generated,2026-06-03
9433,544,task_created,2026-07-24
9434,544,task_created,2026-07-04
9435,544,task_created,2026-05-06
9436,544,comment_added,2026-08-22
9437,544,file_uploaded,2026-07-10
9438,544,task_created,2026-07-29
9439,544,login,2026-08-15
9440,544,file_uploaded,2026-08-25
9441,544,login,2026-06-17
9442,545,login,2026-05-17
9443,545,comment_added,2025-01-15
9444,545,task_created,2025-12-09
9445,545,report_generated,2024-12-20
9446,545,task_created,2025-10-10
9447,545,file_uploaded,2024-12-11
9448,545,task_created,2026-07-24
9449,545,comment_added,2025-10-06
9450,545,task_created,2026-04-07
9451,545,comment_added,2025-08-08
9452,545,report_generated,2025-06-30
9453,545,report_generated,2025-07-01
9454,545,login,2024-11-20
9455,545,login,2026-08-19
9456,545,login,2026-04-19
9457,545,file_uploaded,2025-12-18
9458,546,comment_added,2026-04-04
9459,546,comment_added,2025-12-29
9460,546,file_uploaded,2025-09-08
9461,546,task_created,2026-01-28
9462,546,report_generated,2025-12-25
9463,546,report_generated,2025-12-13
9464,546,report_generated,2025-12-16
9465,546,login,2026-03-11
9466,546,task_created,2026-05-04
9467,546,report_generated,2026-05-05
9468,546,login,2026-07-23
9469,547,comment_added,2026-05-20
9470,547,task_created,2026-06-26
9471,547,comment_added,2026-05-14
9472,547,login,2026-02-15
9473,547,report_generated,2026-07-02
9474,547,comment_added,2026-03-21
9475,547,task_created,2026-02-19
9476,547,file_uploaded,2026-06-05
9477,547,comment_added,2026-05-27
9478,547,report_generated,2026-07-07
9479,547,comment_added,2026-08-30
9480,547,file_uploaded,2026-07-26
9481,547,comment_added,2026-08-12
9482,547,comment_added,2026-06-13
9483,547,comment_added,2026-05-07
9484,547,comment_added,2026-06-03
9485,547,task_created,2026-08-05
9486,547,comment_added,2026-09-02
9487,547,report_generated,2026-02-03
9488,548,file_uploaded,2026-08-29
9489,548,task_created,2026-08-31
9490,548,file_uploaded,2026-09-02
9491,548,report_generated,2026-08-27
9492,548,file_uploaded,2026-09-02
9493,548,task_created,2026-09-01
9494,548,file_uploaded,2026-08-29
9495,548,login,2026-08-28
9496,548,login,2026-09-02
9497,548,comment_added,2026-09-02
9498,548,file_uploaded,2026-08-31
9499,548,report_generated,2026-09-01
9500,548,report_generated,2026-08-28
9501,548,task_created,2026-08-28
9502,548,comment_added,2026-09-02
9503,548,task_created,2026-09-01
9504,548,file_uploaded,2026-08-31
9505,548,comment_added,2026-08-28
9506,548,task_created,2026-08-28
9507,548,login,2026-08-31
9508,548,login,2026-08-28
9509,548,comment_added,2026-09-01
9510,548,login,2026-08-30
9511,548,task_created,2026-08-30
9512,548,task_created,2026-08-31
9513,548,comment_added,2026-08-28
9514,548,comment_added,2026-09-02
9515,548,comment_added,2026-08-27
9516,548,task_created,2026-08-31
9517,548,task_created,2026-08-28
9518,548,login,2026-08-27
9519,548,login,2026-09-02
9520,548,task_created,2026-08-27
9521,549,task_created,2025-10-21
9522,549,login,2025-03-02
9523,549,comment_added,2025-05-03
9524,549,file_uploaded,2026-03-30
9525,549,file_uploaded,2026-05-18
9526,549,login,2025-06-25
9527,549,comment_added,2025-03-30
9528,549,file_uploaded,2026-07-05
9529,549,login,2025-07-02
9530,549,report_generated,2025-05-24
9531,549,report_generated,2025-09-09
9532,549,login,2026-03-27
9533,549,login,2025-12-20
9534,549,comment_added,2025-10-26
9535,549,report_generated,2025-12-21
9536,549,login,2025-11-04
9537,549,login,2026-08-04
9538,549,report_generated,2026-07-07
9539,549,comment_added,2026-05-05
9540,549,task_created,2025-07-19
9541,549,report_generated,2026-01-16
9542,549,comment_added,2026-04-22
9543,549,login,2026-01-17
9544,549,login,2025-04-04
9545,549,login,2025-09-19
9546,549,file_uploaded,2026-06-11
9547,549,login,2025-09-02
9548,549,report_generated,2026-03-13
9549,549,comment_added,2026-01-31
9550,550,file_uploaded,2026-04-08
9551,550,login,2026-08-02
9552,550,login,2026-03-26
9553,550,login,2026-08-20
9554,550,file_uploaded,2026-04-22
9555,550,file_uploaded,2026-08-18
9556,550,report_generated,2026-04-19
9557,550,login,2026-01-24
9558,550,file_uploaded,2026-01-04
9559,550,report_generated,2026-08-23
9560,550,login,2026-03-18
9561,550,login,2026-07-01
9562,550,task_created,2026-06-30
9563,550,login,2026-03-14
9564,551,comment_added,2026-04-14
9565,551,login,2025-12-09
9566,551,comment_added,2026-02-24
9567,551,comment_added,2025-10-14
9568,551,login,2026-05-07
9569,551,comment_added,2026-07-01
9570,551,report_generated,2025-01-27
9571,551,task_created,2026-08-10
9572,551,file_uploaded,2026-03-28
9573,551,task_created,2026-07-27
9574,551,comment_added,2025-11-09
9575,551,file_uploaded,2025-06-05
9576,551,comment_added,2026-07-13
9577,551,comment_added,2026-08-13
9578,551,task_created,2026-03-02
9579,551,comment_added,2026-02-13
9580,551,login,2026-04-27
9581,551,task_created,2026-07-06
9582,551,file_uploaded,2026-07-18
9583,551,comment_added,2026-08-06
9584,551,comment_added,2026-06-28
9585,551,file_uploaded,2025-05-13
9586,551,file_uploaded,2026-07-07
9587,551,report_generated,2025-03-27
9588,551,report_generated,2025-02-12
9589,551,task_created,2026-03-27
9590,551,file_uploaded,2026-01-18
9591,551,comment_added,2025-04-01
9592,551,file_uploaded,2026-04-22
9593,551,comment_added,2025-02-04
9594,551,task_created,2025-09-11
9595,551,login,2025-02-03
9596,551,file_uploaded,2025-05-27
9597,551,file_uploaded,2026-01-14
9598,551,comment_added,2026-06-30
9599,551,task_created,2026-08-07
9600,551,login,2026-02-05
9601,551,login,2025-11-17
9602,551,login,2026-08-01
9603,551,report_generated,2026-08-20
9604,551,login,2025-06-03
9605,551,report_generated,2026-04-29
9606,551,comment_added,2025-12-21
9607,551,login,2025-11-29
9608,551,file_uploaded,2026-04-28
9609,551,report_generated,2026-04-24
9610,551,task_created,2025-04-14
9611,551,report_generated,2026-05-26
9612,551,comment_added,2026-02-10
9613,551,login,2025-07-20
9614,552,comment_added,2025-08-26
9615,552,comment_added,2026-06-17
9616,552,report_generated,2025-09-20
9617,552,comment_added,2025-08-24
9618,553,task_created,2026-04-13
9619,553,report_generated,2026-05-17
9620,553,task_created,2025-08-25
9621,553,comment_added,2025-07-19
9622,553,report_generated,2026-06-28
9623,553,comment_added,2026-08-03
9624,553,file_uploaded,2025-05-12
9625,553,report_generated,2025-04-20
9626,553,report_generated,2026-03-07
9627,553,login,2025-07-10
9628,553,report_generated,2026-02-14
9629,553,file_uploaded,2026-03-13
9630,554,report_generated,2024-10-22
9631,554,comment_added,2025-11-25
9632,554,login,2025-01-13
9633,554,task_created,2026-04-20
9634,554,report_generated,2025-01-13
9635,554,login,2026-01-27
9636,554,login,2026-04-17
9637,554,login,2024-10-26
9638,554,file_uploaded,2026-06-15
9639,554,report_generated,2025-04-18
9640,554,report_generated,2025-10-30
9641,554,file_uploaded,2024-10-30
9642,554,task_created,2025-02-28
9643,554,report_generated,2025-01-23
9644,554,task_created,2025-12-31
9645,554,task_created,2026-02-03
9646,554,comment_added,2026-04-02
9647,554,report_generated,2025-08-07
9648,554,login,2024-09-11
9649,554,file_uploaded,2024-12-06
9650,554,comment_added,2026-02-20
9651,554,task_created,2025-03-12
9652,554,report_generated,2026-08-12
9653,554,task_created,2025-12-13
9654,554,task_created,2024-12-07
9655,554,login,2025-11-09
9656,554,comment_added,2025-10-09
9657,555,report_generated,2026-09-02
9658,555,file_uploaded,2026-02-18
9659,555,login,2026-03-05
9660,555,comment_added,2026-05-17
9661,555,login,2026-07-31
9662,555,login,2026-03-12
9663,555,report_generated,2026-07-14
9664,555,comment_added,2026-02-17
9665,555,file_uploaded,2026-04-03
9666,555,login,2026-03-16
9667,555,task_created,2026-05-08
9668,555,login,2026-06-06
9669,555,login,2026-08-27
9670,555,report_generated,2026-08-26
9671,555,file_uploaded,2026-04-16
9672,555,comment_added,2026-03-02
9673,555,task_created,2026-03-23
9674,555,login,2026-02-28
9675,555,login,2026-06-15
9676,555,comment_added,2026-06-07
9677,555,login,2026-05-08
9678,555,file_uploaded,2026-02-18
9679,555,login,2026-04-23
9680,555,comment_added,2026-06-26
9681,555,comment_added,2026-05-07
9682,555,report_generated,2026-08-18
9683,555,report_generated,2026-08-14
9684,555,task_created,2026-04-16
9685,555,comment_added,2026-07-12
9686,555,file_uploaded,2026-06-16
9687,555,comment_added,2026-07-18
9688,555,task_created,2026-07-13
9689,555,report_generated,2026-06-02
9690,555,comment_added,2026-03-22
9691,556,report_generated,2026-04-12
9692,556,login,2026-07-31
9693,556,login,2026-07-01
9694,556,task_created,2026-08-22
9695,556,task_created,2026-08-01
9696,556,comment_added,2026-05-10
9697,556,task_created,2026-01-13
9698,556,login,2026-01-07
9699,556,report_generated,2026-04-13
9700,556,task_created,2025-12-25
9701,556,comment_added,2026-05-31
9702,556,task_created,2026-06-26
9703,556,login,2026-03-05
9704,556,report_generated,2026-07-29
9705,556,report_generated,2026-03-21
9706,556,report_generated,2026-07-14
9707,557,task_created,2026-06-14
9708,557,task_created,2026-03-10
9709,557,comment_added,2026-04-22
9710,557,file_uploaded,2025-10-19
9711,557,comment_added,2026-02-05
9712,557,login,2026-04-29
9713,557,file_uploaded,2026-04-26
9714,558,comment_added,2026-02-17
9715,558,task_created,2026-05-19
9716,558,report_generated,2026-07-01
9717,559,comment_added,2026-07-21
9718,559,task_created,2026-08-16
9719,559,report_generated,2026-08-22
9720,559,report_generated,2026-07-05
9721,559,file_uploaded,2026-07-12
9722,559,report_generated,2026-09-01
9723,559,task_created,2026-08-03
9724,559,login,2026-08-21
9725,559,report_generated,2026-07-25
9726,559,file_uploaded,2026-06-19
9727,559,report_generated,2026-08-08
9728,559,file_uploaded,2026-06-19
9729,559,file_uploaded,2026-07-29
9730,559,report_generated,2026-08-31
9731,559,login,2026-07-28
9732,559,file_uploaded,2026-07-29
9733,559,task_created,2026-07-03
9734,559,task_created,2026-08-24
9735,559,comment_added,2026-06-14
9736,559,comment_added,2026-06-17
9737,559,report_generated,2026-07-25
9738,559,login,2026-06-26
9739,559,report_generated,2026-08-15
9740,559,comment_added,2026-06-16
9741,559,task_created,2026-06-26
9742,559,login,2026-06-25
9743,559,file_uploaded,2026-06-25
9744,559,file_uploaded,2026-08-16
9745,559,comment_added,2026-06-25
9746,559,task_created,2026-06-15
9747,559,report_generated,2026-07-25
9748,559,file_uploaded,2026-08-08
9749,559,task_created,2026-06-19
9750,559,login,2026-07-04
9751,559,comment_added,2026-08-03
9752,559,task_created,2026-07-30
9753,559,report_generated,2026-07-23
9754,559,task_created,2026-06-23
9755,559,login,2026-06-13
9756,559,task_created,2026-06-30
9757,559,report_generated,2026-08-08
9758,559,report_generated,2026-08-24
9759,559,login,2026-06-20
9760,559,file_uploaded,2026-07-03
9761,559,login,2026-06-19
9762,559,login,2026-07-23
9763,559,task_created,2026-07-26
9764,559,report_generated,2026-07-06
9765,559,report_generated,2026-08-27
9766,559,comment_added,2026-08-08
9767,559,login,2026-07-26
9768,559,report_generated,2026-08-08
9769,559,file_uploaded,2026-06-18
9770,559,file_uploaded,2026-06-25
9771,559,task_created,2026-07-07
9772,559,comment_added,2026-08-11
9773,559,login,2026-08-22
9774,559,comment_added,2026-07-28
9775,560,report_generated,2026-08-03
9776,560,login,2026-07-03
9777,560,login,2025-05-06
9778,560,login,2024-10-31
9779,560,report_generated,2025-10-19
9780,561,report_generated,2025-09-05
9781,561,task_created,2025-02-08
9782,561,login,2025-05-28
9783,561,report_generated,2025-11-07
9784,561,login,2025-06-05
9785,561,file_uploaded,2025-09-03
9786,561,comment_added,2025-03-14
9787,561,login,2025-11-14
9788,561,comment_added,2025-04-10
9789,561,comment_added,2025-11-30
9790,561,task_created,2025-05-03
9791,561,comment_added,2026-01-06
9792,561,comment_added,2025-07-24
9793,562,report_generated,2026-08-10
9794,562,report_generated,2026-08-03
9795,562,comment_added,2026-08-31
9796,562,task_created,2026-08-09
9797,562,report_generated,2026-07-21
9798,562,login,2026-08-12
9799,562,login,2026-07-21
9800,562,file_uploaded,2026-08-14
9801,562,comment_added,2026-08-24
9802,562,login,2026-07-19
9803,562,comment_added,2026-08-13
9804,562,comment_added,2026-08-15
9805,562,login,2026-07-22
9806,562,file_uploaded,2026-08-22
9807,562,file_uploaded,2026-09-02
9808,562,report_generated,2026-08-18
9809,562,task_created,2026-07-21
9810,562,comment_added,2026-08-18
9811,563,task_created,2025-10-15
9812,563,task_created,2026-06-02
9813,563,task_created,2026-05-06
9814,563,report_generated,2026-03-19
9815,563,comment_added,2025-11-05
9816,563,report_generated,2026-05-24
9817,563,task_created,2026-08-16
9818,563,login,2025-06-11
9819,563,file_uploaded,2025-12-19
9820,563,file_uploaded,2026-01-21
9821,563,task_created,2026-06-24
9822,563,report_generated,2025-11-19
9823,563,task_created,2025-06-05
9824,563,report_generated,2025-08-22
9825,563,login,2026-07-30
9826,563,file_uploaded,2025-07-08
9827,563,file_uploaded,2025-09-17
9828,563,report_generated,2025-11-08
9829,563,file_uploaded,2025-08-06
9830,563,report_generated,2025-09-03
9831,563,file_uploaded,2025-07-25
9832,563,report_generated,2026-03-03
9833,563,comment_added,2025-09-03
9834,563,task_created,2025-07-02
9835,563,comment_added,2026-05-05
9836,563,task_created,2026-05-26
9837,563,task_created,2025-09-21
9838,563,report_generated,2025-11-05
9839,563,login,2026-08-13
9840,563,login,2025-07-06
9841,563,login,2026-06-13
9842,563,login,2026-03-20
9843,563,file_uploaded,2026-04-26
9844,563,login,2026-08-04
9845,563,task_created,2025-11-30
9846,563,comment_added,2025-06-03
9847,563,file_uploaded,2026-03-12
9848,563,report_generated,2026-02-17
9849,563,login,2025-10-03
9850,563,login,2025-08-17
9851,563,file_uploaded,2025-07-16
9852,563,file_uploaded,2025-12-19
9853,563,task_created,2025-09-21
9854,563,login,2026-04-12
9855,563,report_generated,2025-10-23
9856,563,report_generated,2026-01-20
9857,563,comment_added,2026-06-22
9858,563,comment_added,2026-03-12
9859,563,report_generated,2026-01-17
9860,563,comment_added,2026-08-13
9861,563,task_created,2026-08-15
9862,563,task_created,2025-07-15
9863,563,comment_added,2026-03-31
9864,564,report_generated,2026-06-08
9865,564,file_uploaded,2026-01-28
9866,564,task_created,2025-11-27
9867,564,file_uploaded,2026-03-07
9868,564,login,2026-02-03
9869,564,file_uploaded,2026-01-15
9870,565,report_generated,2025-11-13
9871,565,task_created,2026-04-17
9872,565,report_generated,2025-01-18
9873,565,file_uploaded,2026-02-16
9874,565,comment_added,2024-11-25
9875,565,login,2025-03-09
9876,565,login,2026-01-29
9877,565,report_generated,2025-02-01
9878,565,task_created,2025-04-14
9879,565,login,2026-05-17
9880,565,task_created,2025-05-04
9881,565,task_created,2026-01-15
9882,565,comment_added,2025-02-09
9883,565,login,2025-04-24
9884,565,comment_added,2025-10-27
9885,565,comment_added,2025-03-07
9886,565,file_uploaded,2026-06-09
9887,565,report_generated,2024-11-04
9888,565,login,2026-06-02
9889,565,login,2026-01-18
9890,565,comment_added,2025-02-22
9891,565,task_created,2026-01-21
9892,565,report_generated,2026-05-02
9893,565,comment_added,2025-10-06
9894,565,login,2026-05-17
9895,565,report_generated,2026-06-25
9896,565,file_uploaded,2026-06-05
9897,565,task_created,2026-02-24
9898,565,file_uploaded,2025-02-04
9899,565,comment_added,2026-05-23
9900,565,login,2024-12-15
9901,565,task_created,2025-10-13
9902,565,comment_added,2026-03-05
9903,565,task_created,2026-07-11
9904,565,comment_added,2025-01-07
9905,565,comment_added,2025-11-19
9906,565,comment_added,2025-04-07
9907,565,file_uploaded,2026-06-18
9908,565,comment_added,2025-04-25
9909,565,report_generated,2025-08-09
9910,565,login,2025-09-14
9911,565,comment_added,2025-02-06
9912,565,task_created,2025-03-21
9913,565,task_created,2026-03-03
9914,565,login,2024-11-01
9915,565,comment_added,2025-04-30
9916,565,comment_added,2025-06-06
9917,565,comment_added,2025-08-28
9918,565,task_created,2025-03-10
9919,565,task_created,2025-03-18
9920,565,report_generated,2024-12-30
9921,566,report_generated,2025-11-27
9922,566,file_uploaded,2026-03-04
9923,566,task_created,2026-03-04
9924,566,comment_added,2025-12-19
9925,566,login,2025-12-08
9926,566,report_generated,2026-05-16
9927,566,comment_added,2026-08-04
9928,566,login,2026-01-21
9929,566,login,2025-12-16
9930,566,login,2025-12-17
9931,566,task_created,2026-09-02
9932,566,report_generated,2025-11-07
9933,566,task_created,2025-12-28
9934,566,task_created,2025-12-19
9935,566,file_uploaded,2026-05-25
9936,566,task_created,2026-04-14
9937,566,task_created,2025-12-04
9938,566,task_created,2026-04-21
9939,566,task_created,2025-11-03
9940,566,login,2026-06-27
9941,566,report_generated,2026-05-14
9942,566,file_uploaded,2025-11-06
9943,566,file_uploaded,2026-02-19
9944,566,login,2026-01-21
9945,566,report_generated,2025-11-11
9946,566,task_created,2026-08-13
9947,566,file_uploaded,2026-05-26
9948,566,report_generated,2026-06-05
9949,566,comment_added,2026-05-04
9950,567,comment_added,2026-07-10
9951,567,task_created,2026-08-07
9952,567,login,2026-07-12
9953,567,login,2026-08-16
9954,568,comment_added,2026-02-28
9955,568,file_uploaded,2026-01-22
9956,568,file_uploaded,2026-01-14
9957,568,file_uploaded,2026-05-09
9958,568,task_created,2025-12-28
9959,568,login,2026-03-29
9960,568,report_generated,2025-12-22
9961,568,comment_added,2026-04-13
9962,568,login,2026-04-28
9963,568,file_uploaded,2026-06-24
9964,568,task_created,2026-03-01
9965,568,task_created,2026-01-18
9966,568,file_uploaded,2026-02-06
9967,568,login,2026-08-14
9968,568,login,2026-08-21
9969,568,file_uploaded,2026-06-13
9970,568,file_uploaded,2026-06-14
9971,568,file_uploaded,2026-06-27
9972,568,file_uploaded,2025-12-28
9973,568,file_uploaded,2026-04-06
9974,569,login,2025-06-07
9975,569,comment_added,2026-08-09
9976,569,report_generated,2026-02-09
9977,569,login,2026-01-07
9978,569,comment_added,2025-11-08
9979,569,report_generated,2025-10-22
9980,570,login,2026-03-12
9981,570,file_uploaded,2026-04-17
9982,570,task_created,2026-04-05
9983,570,report_generated,2026-06-19
9984,570,task_created,2026-05-29
9985,570,task_created,2026-06-27
9986,570,file_uploaded,2026-05-20
9987,570,login,2026-03-24
9988,570,comment_added,2026-03-13
9989,570,task_created,2026-04-01
9990,570,task_created,2026-04-21
9991,570,task_created,2026-01-28
9992,570,task_created,2026-04-03
9993,570,login,2026-04-16
9994,570,report_generated,2026-01-17
9995,570,task_created,2026-08-30
9996,570,task_created,2026-03-01
9997,570,file_uploaded,2026-07-15
9998,570,task_created,2026-06-14
9999,571,report_generated,2026-07-20
10000,571,comment_added,2026-04-22
10001,571,report_generated,2026-05-13
10002,571,task_created,2025-10-05
10003,572,comment_added,2025-01-12
10004,572,login,2026-03-10
10005,572,file_uploaded,2026-03-31
10006,572,comment_added,2026-06-01
10007,572,comment_added,2025-01-09
10008,572,task_created,2025-11-22
10009,572,task_created,2026-07-17
10010,572,login,2025-08-15
10011,572,comment_added,2026-08-05
10012,572,file_uploaded,2026-05-08
10013,572,task_created,2025-06-27
10014,572,comment_added,2025-04-24
10015,573,task_created,2026-05-19
10016,573,report_generated,2026-03-28
10017,573,task_created,2026-06-19
10018,573,login,2026-05-26
10019,573,comment_added,2026-05-26
10020,574,task_created,2025-05-08
10021,574,report_generated,2025-05-18
10022,574,login,2025-04-04
10023,574,task_created,2026-08-16
10024,574,login,2024-11-27
10025,574,report_generated,2026-09-02
10026,574,comment_added,2026-07-25
10027,574,file_uploaded,2026-02-02
10028,574,report_generated,2024-10-07
10029,574,report_generated,2025-06-09
10030,574,file_uploaded,2025-12-31
10031,574,comment_added,2026-08-16
10032,574,report_generated,2026-08-01
10033,574,report_generated,2026-02-02
10034,574,file_uploaded,2025-12-17
10035,574,report_generated,2026-05-02
10036,575,report_generated,2026-08-26
10037,575,report_generated,2025-12-02
10038,575,file_uploaded,2025-12-22
10039,575,comment_added,2026-02-27
10040,575,report_generated,2026-04-20
10041,575,file_uploaded,2026-03-11
10042,575,comment_added,2026-08-29
10043,575,file_uploaded,2026-05-06
10044,575,file_uploaded,2025-09-23
10045,575,report_generated,2025-12-06
10046,575,login,2025-10-25
10047,575,report_generated,2025-11-20
10048,575,report_generated,2026-01-15
10049,575,comment_added,2025-09-02
10050,575,login,2026-08-14
10051,575,report_generated,2026-06-11
10052,575,report_generated,2026-07-04
10053,575,login,2026-05-09
10054,575,task_created,2026-02-12
10055,575,comment_added,2026-03-14
10056,575,report_generated,2025-11-03
10057,575,comment_added,2026-02-28
10058,575,file_uploaded,2026-03-05
10059,575,file_uploaded,2026-01-23
10060,575,login,2025-11-23
10061,575,login,2025-12-22
10062,575,report_generated,2026-04-11
10063,575,task_created,2025-10-30
10064,575,comment_added,2026-02-26
10065,575,report_generated,2025-10-21
10066,575,file_uploaded,2025-11-22
10067,575,report_generated,2025-10-23
10068,575,report_generated,2025-09-17
10069,575,comment_added,2026-07-21
10070,575,task_created,2026-06-16
10071,575,task_created,2025-12-26
10072,575,login,2026-03-22
10073,575,report_generated,2026-01-23
10074,575,task_created,2026-01-27
10075,575,login,2026-08-24
10076,575,comment_added,2026-04-10
10077,575,task_created,2026-03-21
10078,575,file_uploaded,2026-07-24
10079,576,login,2026-06-13
10080,576,login,2026-04-21
10081,576,login,2026-08-31
10082,576,comment_added,2026-08-21
10083,576,task_created,2026-07-17
10084,576,login,2026-05-23
10085,576,report_generated,2026-05-07
10086,576,login,2026-08-09
10087,576,report_generated,2026-06-27
10088,576,task_created,2026-05-27
10089,576,report_generated,2026-07-18
10090,576,file_uploaded,2026-06-01
10091,577,file_uploaded,2026-03-22
10092,577,report_generated,2025-11-16
10093,577,file_uploaded,2026-06-20
10094,577,login,2025-07-31
10095,577,task_created,2026-03-18
10096,578,task_created,2026-08-25
10097,578,login,2026-08-25
10098,578,comment_added,2026-08-28
10099,578,report_generated,2026-08-10
10100,578,task_created,2026-08-31
10101,578,file_uploaded,2026-07-29
10102,578,file_uploaded,2026-08-13
10103,578,comment_added,2026-07-23
10104,578,file_uploaded,2026-08-11
10105,578,report_generated,2026-08-27
10106,578,task_created,2026-08-10
10107,578,file_uploaded,2026-07-27
10108,578,login,2026-07-15
10109,578,login,2026-08-01
10110,578,login,2026-08-25
10111,578,report_generated,2026-09-01
10112,578,file_uploaded,2026-07-24
10113,578,login,2026-08-18
10114,578,report_generated,2026-07-16
10115,579,comment_added,2026-07-10
10116,579,login,2026-04-29
10117,579,task_created,2026-04-24
10118,579,task_created,2026-08-19
10119,579,login,2026-05-20
10120,579,task_created,2026-07-06
10121,579,file_uploaded,2026-07-08
10122,579,login,2026-06-06
10123,579,login,2026-08-04
10124,579,task_created,2026-07-04
10125,579,task_created,2026-05-19
10126,579,comment_added,2026-07-28
10127,579,file_uploaded,2026-05-10
10128,579,login,2026-05-30
10129,579,login,2026-06-07
10130,579,file_uploaded,2026-06-07
10131,579,report_generated,2026-07-15
10132,579,comment_added,2026-05-27
10133,579,task_created,2026-07-27
10134,579,comment_added,2026-04-24
10135,579,comment_added,2026-06-04
10136,579,task_created,2026-08-20
10137,580,task_created,2026-07-26
10138,580,comment_added,2026-07-29
10139,580,task_created,2026-07-27
10140,580,task_created,2026-07-12
10141,580,task_created,2026-07-03
10142,580,file_uploaded,2026-09-01
10143,580,comment_added,2026-07-11
10144,580,comment_added,2026-07-06
10145,580,comment_added,2026-08-28
10146,581,login,2025-07-13
10147,581,report_generated,2025-09-09
10148,581,file_uploaded,2026-06-25
10149,581,task_created,2026-04-03
10150,581,report_generated,2026-05-20
10151,581,task_created,2025-08-08
10152,581,file_uploaded,2025-08-09
10153,581,login,2025-11-19
10154,581,report_generated,2025-12-30
10155,581,login,2026-08-25
10156,581,file_uploaded,2025-12-11
10157,581,login,2025-05-31
10158,581,file_uploaded,2026-01-22
10159,581,comment_added,2025-05-08
10160,581,file_uploaded,2025-07-19
10161,581,file_uploaded,2026-02-19
10162,581,login,2026-05-23
10163,581,comment_added,2026-05-11
10164,581,task_created,2026-06-02
10165,581,task_created,2026-06-13
10166,581,login,2025-10-27
10167,581,login,2025-06-04
10168,581,login,2025-12-22
10169,581,file_uploaded,2025-07-03
10170,581,report_generated,2025-06-05
10171,581,comment_added,2026-03-11
10172,581,comment_added,2025-08-06
10173,581,comment_added,2026-03-28
10174,581,task_created,2026-03-04
10175,581,login,2026-04-11
10176,581,file_uploaded,2026-08-21
10177,581,file_uploaded,2026-03-22
10178,582,comment_added,2026-09-02
10179,582,file_uploaded,2026-09-02
10180,582,task_created,2026-09-02
10181,582,file_uploaded,2026-09-02
10182,582,task_created,2026-09-02
10183,582,task_created,2026-09-01
10184,582,task_created,2026-09-01
10185,583,task_created,2025-08-26
10186,583,login,2025-04-20
10187,583,report_generated,2026-01-27
10188,583,report_generated,2025-09-07
10189,583,task_created,2025-09-07
10190,583,report_generated,2025-10-02
10191,583,login,2026-05-22
10192,583,task_created,2026-04-24
10193,583,task_created,2026-03-14
10194,583,login,2026-04-18
10195,583,task_created,2026-05-06
10196,583,task_created,2026-08-06
10197,583,login,2025-06-10
10198,583,report_generated,2025-05-29
10199,583,file_uploaded,2026-05-14
10200,583,login,2026-01-10
10201,583,login,2025-11-30
10202,583,report_generated,2026-08-13
10203,583,comment_added,2025-11-23
10204,583,login,2026-02-09
10205,583,task_created,2026-02-28
10206,583,login,2025-04-16
10207,583,file_uploaded,2025-11-14
10208,583,file_uploaded,2025-09-28
10209,583,comment_added,2025-05-31
10210,583,file_uploaded,2026-01-21
10211,583,comment_added,2025-11-23
10212,583,report_generated,2026-07-31
10213,584,login,2026-04-02
10214,584,report_generated,2026-02-24
10215,584,login,2026-05-18
10216,584,report_generated,2026-03-21
10217,584,comment_added,2026-01-23
10218,584,task_created,2025-10-24
10219,584,login,2026-08-03
10220,584,login,2026-03-24
10221,584,report_generated,2026-04-24
10222,584,login,2025-10-23
10223,584,report_generated,2026-07-03
10224,584,file_uploaded,2026-03-04
10225,584,login,2026-02-03
10226,584,login,2026-07-05
10227,584,file_uploaded,2026-07-09
10228,584,task_created,2026-07-17
10229,585,report_generated,2026-06-02
10230,585,comment_added,2026-03-22
10231,585,report_generated,2026-04-15
10232,586,task_created,2026-08-27
10233,586,file_uploaded,2026-07-10
10234,586,login,2026-08-27
10235,586,task_created,2026-08-27
10236,586,report_generated,2026-07-08
10237,586,file_uploaded,2026-07-17
10238,586,login,2026-07-17
10239,586,comment_added,2026-07-11
10240,586,file_uploaded,2026-08-31
10241,586,task_created,2026-07-13
10242,586,login,2026-08-22
10243,586,report_generated,2026-07-16
10244,586,task_created,2026-07-11
10245,586,task_created,2026-08-12
10246,586,file_uploaded,2026-08-24
10247,586,comment_added,2026-09-02
10248,586,file_uploaded,2026-08-01
10249,586,comment_added,2026-08-10
10250,586,file_uploaded,2026-08-17
10251,586,login,2026-08-01
10252,586,comment_added,2026-08-12
10253,586,task_created,2026-08-06
10254,586,task_created,2026-07-11
10255,586,file_uploaded,2026-08-03
10256,586,file_uploaded,2026-09-02
10257,586,login,2026-07-21
10258,586,comment_added,2026-08-27
10259,586,task_created,2026-08-25
10260,587,file_uploaded,2025-02-14
10261,588,login,2026-03-19
10262,588,report_generated,2026-05-31
10263,588,comment_added,2026-08-11
10264,588,comment_added,2026-06-15
10265,588,report_generated,2026-04-20
10266,588,task_created,2025-10-14
10267,588,task_created,2025-12-27
10268,588,comment_added,2025-06-12
10269,588,file_uploaded,2025-05-18
10270,588,report_generated,2026-01-16
10271,588,login,2025-08-25
10272,588,comment_added,2026-07-23
10273,588,task_created,2026-01-22
10274,588,login,2025-10-10
10275,588,login,2025-07-12
10276,588,login,2025-07-26
10277,588,report_generated,2025-04-25
10278,588,report_generated,2025-03-10
10279,588,file_uploaded,2026-06-26
10280,588,report_generated,2025-11-19
10281,588,report_generated,2026-05-27
10282,588,login,2026-06-20
10283,588,login,2025-04-06
10284,588,file_uploaded,2025-07-07
10285,588,file_uploaded,2026-06-04
10286,588,report_generated,2025-12-24
10287,588,file_uploaded,2026-08-25
10288,589,file_uploaded,2026-04-19
10289,589,comment_added,2026-01-07
10290,589,comment_added,2026-03-25
10291,589,report_generated,2026-03-26
10292,589,file_uploaded,2025-09-22
10293,589,file_uploaded,2025-11-19
10294,589,file_uploaded,2026-02-01
10295,589,login,2026-07-27
10296,589,report_generated,2025-12-17
10297,589,login,2025-08-24
10298,589,task_created,2026-03-04
10299,590,report_generated,2025-12-06
10300,590,task_created,2026-06-01
10301,590,task_created,2026-02-04
10302,591,comment_added,2025-04-10
10303,592,report_generated,2026-08-20
10304,593,file_uploaded,2026-06-06
10305,593,task_created,2026-07-02
10306,593,file_uploaded,2026-04-15
10307,593,login,2025-09-30
10308,593,comment_added,2026-07-12
10309,593,report_generated,2026-07-19
10310,593,comment_added,2025-10-30
10311,593,file_uploaded,2026-08-12
10312,593,report_generated,2025-12-13
10313,593,login,2025-12-04
10314,593,report_generated,2026-08-11
10315,593,file_uploaded,2026-06-20
10316,593,login,2026-08-24
10317,594,report_generated,2026-05-03
10318,594,login,2026-06-16
10319,594,comment_added,2026-04-29
10320,594,file_uploaded,2026-04-29
10321,594,task_created,2026-07-02
10322,594,report_generated,2026-07-06
10323,594,login,2026-05-18
10324,594,comment_added,2026-06-07
10325,594,comment_added,2026-06-01
10326,594,comment_added,2026-08-24
10327,594,report_generated,2026-08-11
10328,594,file_uploaded,2026-08-22
10329,594,report_generated,2026-06-16
10330,594,file_uploaded,2026-07-02
10331,594,report_generated,2026-05-21
10332,594,report_generated,2026-06-11
10333,595,report_generated,2026-08-20
10334,595,task_created,2026-06-15
10335,595,report_generated,2025-11-03
10336,595,login,2026-07-06
10337,595,report_generated,2026-07-09
10338,595,login,2026-04-08
10339,595,comment_added,2025-12-18
10340,595,comment_added,2026-04-03
10341,595,comment_added,2025-10-02
10342,595,report_generated,2025-10-01
10343,595,comment_added,2025-10-18
10344,595,report_generated,2026-01-15
10345,595,comment_added,2025-09-22
10346,595,report_generated,2026-08-24
10347,595,file_uploaded,2026-08-22
10348,595,login,2025-10-12
10349,595,comment_added,2026-02-23
10350,595,task_created,2025-08-25
10351,595,login,2025-09-21
10352,595,report_generated,2026-03-29
10353,595,file_uploaded,2026-02-10
10354,595,comment_added,2025-08-03
10355,595,file_uploaded,2026-06-04
10356,595,task_created,2026-06-04
10357,595,comment_added,2026-03-20
10358,595,comment_added,2026-04-23
10359,595,report_generated,2026-03-24
10360,595,task_created,2025-07-20
10361,595,login,2025-08-18
10362,595,comment_added,2025-06-03
10363,595,task_created,2026-01-13
10364,595,task_created,2025-06-30
10365,595,file_uploaded,2025-07-27
10366,595,login,2026-06-23
10367,595,report_generated,2026-01-30
10368,595,comment_added,2025-10-31
10369,595,task_created,2025-11-24
10370,595,file_uploaded,2025-10-23
10371,595,report_generated,2025-12-05
10372,595,comment_added,2026-01-26
10373,595,task_created,2025-08-05
10374,595,task_created,2025-06-18
10375,595,login,2025-06-04
10376,595,report_generated,2025-10-31
10377,595,file_uploaded,2026-03-16
10378,595,report_generated,2026-08-07
10379,595,login,2025-12-11
10380,595,comment_added,2025-08-13
10381,596,comment_added,2025-09-29
10382,596,login,2025-04-09
10383,596,report_generated,2025-07-07
10384,596,task_created,2025-06-02
10385,596,task_created,2025-06-10
10386,596,report_generated,2026-05-31
10387,596,report_generated,2026-03-22
10388,596,comment_added,2026-08-08
10389,596,task_created,2026-03-21
10390,596,comment_added,2026-01-17
10391,596,file_uploaded,2026-01-24
10392,596,comment_added,2025-02-15
10393,596,login,2026-04-29
10394,596,login,2025-09-24
10395,596,report_generated,2025-11-07
10396,596,report_generated,2026-09-01
10397,597,report_generated,2026-05-28
10398,597,file_uploaded,2026-07-02
10399,597,task_created,2026-07-18
10400,597,login,2026-05-01
10401,597,comment_added,2026-06-06
10402,597,report_generated,2026-08-28
10403,597,task_created,2026-04-22
10404,597,task_created,2026-06-24
10405,597,file_uploaded,2026-05-28
10406,597,task_created,2026-05-20
10407,597,task_created,2026-04-18
10408,597,report_generated,2026-05-29
10409,597,report_generated,2026-08-05
10410,597,report_generated,2026-05-26
10411,597,task_created,2026-07-23
10412,597,login,2026-05-07
10413,597,task_created,2026-06-26
10414,597,comment_added,2026-08-03
10415,597,comment_added,2026-07-25
10416,597,comment_added,2026-07-20
10417,597,login,2026-04-17
10418,597,report_generated,2026-08-29
10419,597,comment_added,2026-05-16
10420,597,file_uploaded,2026-06-20
10421,597,task_created,2026-04-22
10422,597,file_uploaded,2026-05-02
10423,597,report_generated,2026-07-31
10424,598,file_uploaded,2026-07-11
10425,598,task_created,2026-07-23
10426,598,report_generated,2026-07-09
10427,598,report_generated,2026-07-20
10428,598,task_created,2026-07-10
10429,598,comment_added,2026-07-21
10430,598,report_generated,2026-08-26
10431,598,task_created,2026-07-10
10432,598,comment_added,2026-07-17
10433,598,report_generated,2026-08-15
10434,598,file_uploaded,2026-08-03
10435,598,task_created,2026-07-28
10436,598,report_generated,2026-08-04
10437,598,task_created,2026-08-22
10438,598,task_created,2026-07-19
10439,598,comment_added,2026-07-15
10440,598,comment_added,2026-07-16
10441,598,task_created,2026-08-26
10442,598,task_created,2026-07-07
10443,598,task_created,2026-07-08
10444,599,file_uploaded,2025-08-30
10445,599,login,2026-05-06
10446,599,task_created,2025-05-04
10447,599,task_created,2024-10-06
10448,599,task_created,2024-10-18
10449,600,report_generated,2025-07-05
10450,600,file_uploaded,2026-02-06
10451,600,login,2026-03-11
10452,600,file_uploaded,2025-04-19
10453,600,report_generated,2026-03-27
10454,600,file_uploaded,2024-12-25
10455,600,task_created,2026-02-25
10456,600,comment_added,2026-04-18
10457,601,report_generated,2026-07-05
10458,601,task_created,2025-09-06
10459,601,task_created,2024-12-16
10460,601,report_generated,2025-07-30
10461,601,login,2025-05-22
10462,601,task_created,2025-01-07
10463,601,comment_added,2025-06-12
10464,601,report_generated,2026-05-11
10465,601,task_created,2026-03-02
10466,601,login,2025-06-16
10467,601,report_generated,2025-05-28
10468,601,login,2025-03-02
10469,601,comment_added,2025-02-26
10470,601,file_uploaded,2025-08-18
10471,601,comment_added,2024-12-27
10472,601,login,2024-11-04
10473,601,task_created,2026-01-27
10474,602,task_created,2025-07-25
10475,602,login,2025-09-29
10476,602,report_generated,2026-07-28
10477,602,file_uploaded,2025-06-01
10478,602,file_uploaded,2026-06-23
10479,602,report_generated,2026-08-15
10480,602,comment_added,2026-04-06
10481,602,login,2025-12-25
10482,602,file_uploaded,2026-07-02
10483,602,file_uploaded,2026-03-27
10484,602,report_generated,2025-10-14
10485,602,login,2025-11-30
10486,603,comment_added,2026-08-31
10487,603,report_generated,2026-08-03
10488,603,file_uploaded,2026-07-26
10489,603,comment_added,2026-08-15
10490,603,comment_added,2026-08-06
10491,604,task_created,2026-04-04
10492,604,task_created,2026-05-03
10493,604,comment_added,2025-12-21
10494,604,task_created,2025-03-14
10495,604,report_generated,2025-06-16
10496,604,comment_added,2025-02-18
10497,604,file_uploaded,2025-12-25
10498,604,comment_added,2026-02-15
10499,604,report_generated,2025-10-23
10500,604,task_created,2026-06-11
10501,604,file_uploaded,2025-09-18
10502,604,task_created,2025-09-20
10503,604,comment_added,2026-04-15
10504,604,task_created,2025-03-27
10505,604,task_created,2025-04-20
10506,604,login,2025-04-04
10507,604,login,2025-02-25
10508,604,file_uploaded,2026-07-05
10509,604,login,2026-06-17
10510,604,report_generated,2025-09-06
10511,604,file_uploaded,2026-07-28
10512,604,login,2025-02-28
10513,604,login,2026-04-18
10514,604,report_generated,2026-05-19
10515,604,task_created,2025-02-13
10516,604,report_generated,2025-06-11
10517,604,comment_added,2025-04-24
10518,604,report_generated,2025-09-22
10519,604,comment_added,2025-07-09
10520,604,login,2025-11-29
10521,604,login,2026-05-28
10522,604,task_created,2025-07-03
10523,604,file_uploaded,2025-06-02
10524,604,report_generated,2026-02-09
10525,604,task_created,2025-09-20
10526,604,file_uploaded,2026-08-01
10527,604,task_created,2025-07-13
10528,604,report_generated,2025-01-29
10529,604,task_created,2025-10-31
10530,604,login,2025-06-04
10531,605,task_created,2025-12-08
10532,605,report_generated,2025-12-09
10533,605,comment_added,2025-08-12
10534,605,task_created,2025-12-15
10535,605,login,2025-06-06
10536,605,task_created,2026-05-25
10537,605,report_generated,2025-06-14
10538,605,report_generated,2025-09-16
10539,605,login,2026-02-15
10540,605,comment_added,2025-09-27
10541,605,file_uploaded,2026-05-04
10542,605,comment_added,2026-04-23
10543,605,report_generated,2026-07-06
10544,605,report_generated,2024-12-01
10545,605,login,2026-03-09
10546,605,login,2025-05-08
10547,605,comment_added,2025-12-07
10548,605,comment_added,2025-12-10
10549,605,login,2025-11-11
10550,605,report_generated,2026-08-07
10551,605,file_uploaded,2025-06-01
10552,605,report_generated,2026-04-11
10553,605,task_created,2026-08-19
10554,605,file_uploaded,2025-12-30
10555,605,task_created,2026-08-30
10556,605,comment_added,2025-05-01
10557,605,file_uploaded,2025-10-09
10558,605,report_generated,2025-07-15
10559,605,file_uploaded,2025-05-27
10560,605,file_uploaded,2026-04-12
10561,605,task_created,2025-10-11
10562,605,report_generated,2025-05-01
10563,605,task_created,2026-06-22
10564,605,file_uploaded,2024-12-06
10565,605,file_uploaded,2025-02-09
10566,605,comment_added,2025-11-11
10567,605,task_created,2025-02-12
10568,605,task_created,2026-07-31
10569,605,report_generated,2024-12-17
10570,605,task_created,2026-06-28
10571,605,comment_added,2025-04-22
10572,605,login,2025-09-07
10573,605,report_generated,2025-01-31
10574,605,task_created,2026-01-13
10575,605,task_created,2025-01-01
10576,605,report_generated,2026-07-17
10577,605,comment_added,2025-10-08
10578,605,task_created,2026-01-04
10579,605,task_created,2026-02-08
10580,605,task_created,2026-03-08
10581,605,task_created,2026-01-11
10582,605,report_generated,2026-08-18
10583,605,login,2025-05-22
10584,605,file_uploaded,2026-02-03
10585,605,report_generated,2025-02-04
10586,606,comment_added,2025-08-17
10587,606,login,2026-05-05
10588,606,report_generated,2026-06-12
10589,606,task_created,2025-03-04
10590,606,login,2025-06-22
10591,606,comment_added,2025-07-11
10592,606,login,2025-01-05
10593,606,comment_added,2025-08-31
10594,607,task_created,2026-07-18
10595,607,task_created,2026-08-31
10596,607,login,2026-03-20
10597,607,task_created,2026-04-18
10598,607,task_created,2026-03-28
10599,607,report_generated,2026-03-23
10600,607,comment_added,2026-05-18
10601,607,login,2026-08-20
10602,607,report_generated,2026-09-02
10603,607,task_created,2026-07-19
10604,607,comment_added,2026-06-23
10605,607,comment_added,2026-06-18
10606,607,file_uploaded,2026-07-09
10607,607,login,2026-05-19
10608,607,comment_added,2026-03-30
10609,607,comment_added,2026-04-01
10610,607,report_generated,2026-05-26
10611,607,comment_added,2026-07-24
10612,607,file_uploaded,2026-03-18
10613,607,report_generated,2026-05-22
10614,607,login,2026-04-07
10615,607,file_uploaded,2026-03-14
10616,607,comment_added,2026-04-18
10617,608,file_uploaded,2026-08-11
10618,608,comment_added,2026-06-10
10619,608,task_created,2026-07-19
10620,609,comment_added,2026-07-07
10621,609,file_uploaded,2026-07-08
10622,609,file_uploaded,2026-08-17
10623,609,file_uploaded,2026-07-03
10624,609,report_generated,2026-08-31
10625,609,login,2026-08-31
10626,609,file_uploaded,2026-08-12
10627,609,task_created,2026-08-28
10628,609,report_generated,2026-06-24
10629,609,task_created,2026-08-20
10630,609,comment_added,2026-06-11
10631,609,file_uploaded,2026-06-15
10632,609,task_created,2026-06-15
10633,609,task_created,2026-06-06
10634,609,login,2026-06-20
10635,609,login,2026-07-06
10636,609,report_generated,2026-06-02
10637,609,comment_added,2026-06-17
10638,609,comment_added,2026-06-29
10639,609,login,2026-06-24
10640,609,file_uploaded,2026-07-03
10641,609,comment_added,2026-08-01
10642,609,login,2026-08-25
10643,609,file_uploaded,2026-06-08
10644,609,file_uploaded,2026-08-14
10645,609,file_uploaded,2026-06-16
10646,609,comment_added,2026-08-11
10647,609,comment_added,2026-08-12
10648,609,comment_added,2026-07-02
10649,609,comment_added,2026-08-24
10650,609,task_created,2026-06-09
10651,609,task_created,2026-08-01
10652,610,comment_added,2025-06-11
10653,610,login,2025-04-26
10654,610,file_uploaded,2025-08-06
10655,610,file_uploaded,2025-11-18
10656,610,task_created,2025-04-26
10657,611,login,2026-06-11
10658,611,report_generated,2026-06-11
10659,612,task_created,2026-06-12
10660,612,report_generated,2026-07-26
10661,612,comment_added,2026-06-11
10662,612,task_created,2026-07-07
10663,612,login,2026-05-30
10664,612,login,2026-06-28
10665,612,task_created,2026-06-28
10666,612,task_created,2026-06-21
10667,612,task_created,2026-07-24
10668,612,login,2026-07-27
10669,612,comment_added,2026-07-02
10670,612,task_created,2026-08-14
10671,612,comment_added,2026-07-10
10672,612,comment_added,2026-06-08
10673,613,comment_added,2026-08-20
10674,613,login,2026-05-21
10675,613,file_uploaded,2026-07-10
10676,614,file_uploaded,2026-06-02
10677,614,file_uploaded,2026-02-27
10678,614,file_uploaded,2026-07-29
10679,614,task_created,2026-03-20
10680,614,comment_added,2026-03-03
10681,614,task_created,2026-09-01
10682,614,comment_added,2026-08-30
10683,614,file_uploaded,2026-06-22
10684,615,task_created,2025-09-07
10685,615,file_uploaded,2026-06-21
10686,615,comment_added,2025-05-07
10687,615,login,2026-01-21
10688,615,file_uploaded,2026-08-20
10689,615,file_uploaded,2025-08-11
10690,615,login,2026-05-22
10691,615,file_uploaded,2025-10-22
10692,615,report_generated,2026-08-30
10693,616,login,2026-03-29
10694,616,task_created,2026-03-21
10695,616,comment_added,2026-04-10
10696,616,task_created,2026-04-11
10697,616,comment_added,2026-04-28
10698,616,login,2026-04-10
10699,616,comment_added,2026-08-21
10700,616,task_created,2026-07-10
10701,616,task_created,2026-05-30
10702,616,comment_added,2026-06-28
10703,616,comment_added,2026-03-18
10704,616,report_generated,2026-07-02
10705,616,login,2026-08-30
10706,616,file_uploaded,2026-06-13
10707,616,file_uploaded,2026-07-06
10708,616,login,2026-03-26
10709,616,report_generated,2026-06-18
10710,616,task_created,2026-07-28
10711,616,comment_added,2026-03-03
10712,616,login,2026-07-13
10713,616,report_generated,2026-08-16
10714,616,login,2026-05-04
10715,616,task_created,2026-08-08
10716,616,comment_added,2026-06-29
10717,616,file_uploaded,2026-06-23
10718,616,file_uploaded,2026-03-31
10719,616,login,2026-07-08
10720,616,comment_added,2026-05-31
10721,616,comment_added,2026-06-17
10722,616,task_created,2026-07-16
10723,616,report_generated,2026-07-18
10724,616,file_uploaded,2026-05-30
10725,616,login,2026-04-16
10726,616,task_created,2026-09-01
10727,616,file_uploaded,2026-08-28
10728,616,report_generated,2026-06-06
10729,616,file_uploaded,2026-08-27
10730,616,file_uploaded,2026-07-16
10731,616,comment_added,2026-04-14
10732,616,comment_added,2026-05-31
10733,616,task_created,2026-03-26
10734,616,file_uploaded,2026-05-23
10735,616,report_generated,2026-04-23
10736,616,comment_added,2026-08-06
10737,616,comment_added,2026-07-31
10738,616,report_generated,2026-04-12
10739,616,task_created,2026-05-24
10740,617,report_generated,2026-09-02
10741,617,login,2026-09-01
10742,617,report_generated,2026-09-01
10743,617,comment_added,2026-08-30
10744,617,login,2026-09-02
10745,618,report_generated,2026-03-31
10746,618,file_uploaded,2026-07-03
10747,618,comment_added,2025-10-28
10748,618,file_uploaded,2026-03-14
10749,618,report_generated,2026-06-14
10750,618,file_uploaded,2025-09-17
10751,618,comment_added,2026-06-05
10752,618,file_uploaded,2026-03-06
10753,618,comment_added,2025-08-27
10754,618,comment_added,2025-08-17
10755,618,file_uploaded,2026-06-16
10756,618,file_uploaded,2026-01-20
10757,618,comment_added,2025-12-24
10758,618,comment_added,2026-02-12
10759,618,report_generated,2026-06-04
10760,618,report_generated,2026-03-11
10761,618,comment_added,2025-09-23
10762,618,comment_added,2025-11-23
10763,618,report_generated,2026-05-01
10764,618,file_uploaded,2025-10-12
10765,618,task_created,2026-04-09
10766,618,file_uploaded,2026-01-10
10767,618,report_generated,2026-05-08
10768,618,file_uploaded,2025-11-29
10769,618,comment_added,2026-08-26
10770,618,comment_added,2026-05-17
10771,618,file_uploaded,2025-10-09
10772,618,comment_added,2026-01-12
10773,618,login,2026-05-16
10774,618,report_generated,2025-12-29
10775,618,login,2026-01-24
10776,618,task_created,2026-06-21
10777,618,comment_added,2026-07-21
10778,618,login,2026-03-05
10779,618,task_created,2026-01-30
10780,618,login,2025-10-15
10781,618,file_uploaded,2025-11-07
10782,618,file_uploaded,2025-10-26
10783,618,file_uploaded,2025-09-05
10784,618,report_generated,2026-03-08
10785,618,comment_added,2026-05-26
10786,618,login,2025-09-16
10787,618,task_created,2026-05-21
10788,618,comment_added,2026-01-01
10789,618,report_generated,2025-12-23
10790,618,login,2026-05-09
10791,618,login,2025-12-07
10792,618,comment_added,2026-05-27
10793,618,comment_added,2026-06-05
10794,618,login,2025-11-21
10795,618,file_uploaded,2026-01-31
10796,618,comment_added,2026-01-19
10797,618,task_created,2026-05-25
10798,618,comment_added,2026-06-28
10799,618,file_uploaded,2026-08-28
10800,618,login,2025-12-28
10801,618,report_generated,2026-05-26
10802,618,task_created,2026-03-16
10803,618,task_created,2025-08-23
10804,618,report_generated,2026-04-01
10805,619,login,2025-03-04
10806,619,task_created,2025-02-19
10807,619,report_generated,2025-04-07
10808,619,file_uploaded,2026-03-25
10809,619,comment_added,2025-06-03
10810,619,task_created,2026-02-18
10811,619,report_generated,2025-03-08
10812,619,report_generated,2026-03-22
10813,619,comment_added,2025-05-29
10814,619,comment_added,2025-11-13
10815,619,file_uploaded,2025-09-03
10816,619,report_generated,2026-08-27
10817,619,file_uploaded,2026-05-07
10818,619,comment_added,2025-04-13
10819,619,login,2026-06-25
10820,619,comment_added,2025-06-20
10821,619,task_created,2026-06-17
10822,619,login,2026-04-19
10823,619,login,2025-03-22
10824,619,file_uploaded,2025-09-15
10825,619,login,2026-03-07
10826,619,task_created,2025-04-08
10827,619,report_generated,2025-11-23
10828,620,report_generated,2025-09-15
10829,620,comment_added,2025-03-23
10830,620,login,2026-07-11
10831,620,file_uploaded,2025-12-16
10832,620,report_generated,2025-08-16
10833,620,comment_added,2026-01-15
10834,620,report_generated,2025-12-24
10835,620,report_generated,2025-04-26
10836,620,file_uploaded,2024-12-18
10837,620,task_created,2025-04-03
10838,620,report_generated,2025-03-08
10839,620,comment_added,2025-10-27
10840,620,file_uploaded,2026-07-13
10841,620,task_created,2026-03-13
10842,620,file_uploaded,2025-09-27
10843,620,task_created,2025-05-10
10844,620,login,2025-05-13
10845,620,login,2026-07-25
10846,620,task_created,2025-10-14
10847,620,report_generated,2025-06-17
10848,620,login,2026-02-02
10849,620,file_uploaded,2025-07-31
10850,620,file_uploaded,2025-09-19
10851,620,report_generated,2025-12-12
10852,620,report_generated,2026-05-17
10853,620,report_generated,2025-10-08
10854,620,task_created,2026-07-13
10855,620,file_uploaded,2026-07-17
10856,620,task_created,2025-10-09
10857,620,task_created,2025-02-15
10858,620,task_created,2026-05-10
10859,620,login,2025-09-25
10860,620,login,2026-03-24
10861,620,report_generated,2025-03-29
10862,620,report_generated,2025-10-16
10863,620,login,2025-06-20
10864,620,comment_added,2025-04-28
10865,620,login,2025-01-05
10866,620,file_uploaded,2025-07-22
10867,620,task_created,2025-03-19
10868,620,login,2025-02-10
10869,620,task_created,2026-03-07
10870,620,task_created,2026-08-26
10871,620,file_uploaded,2026-08-19
10872,620,task_created,2026-03-30
10873,620,report_generated,2026-01-18
10874,620,comment_added,2026-05-11
10875,620,comment_added,2025-07-19
10876,620,comment_added,2025-10-29
10877,620,report_generated,2025-10-03
10878,620,report_generated,2026-05-30
10879,620,task_created,2025-05-03
10880,620,report_generated,2026-06-30
10881,621,report_generated,2026-02-17
10882,621,report_generated,2026-02-09
10883,621,file_uploaded,2026-01-30
10884,621,comment_added,2026-02-03
10885,621,file_uploaded,2026-03-29
10886,621,comment_added,2026-04-09
10887,621,file_uploaded,2026-01-26
10888,621,login,2026-01-22
10889,621,login,2026-04-01
10890,621,login,2026-05-20
10891,621,report_generated,2026-04-07
10892,621,login,2026-06-07
10893,621,file_uploaded,2026-03-12
10894,621,report_generated,2026-05-01
10895,621,file_uploaded,2026-03-14
10896,621,report_generated,2026-03-04
10897,621,task_created,2026-06-17
10898,621,task_created,2026-04-06
10899,621,file_uploaded,2026-03-22
10900,621,comment_added,2026-08-16
10901,621,report_generated,2026-07-11
10902,621,file_uploaded,2026-02-02
10903,621,report_generated,2026-02-04
10904,621,report_generated,2026-06-02
10905,621,comment_added,2026-07-03
10906,621,task_created,2026-05-02
10907,621,report_generated,2026-03-12
10908,621,comment_added,2026-08-09
10909,621,login,2026-02-26
10910,621,task_created,2026-03-31
10911,621,comment_added,2026-05-10
10912,621,login,2026-05-21
10913,621,task_created,2026-03-02
10914,621,comment_added,2026-02-05
10915,621,file_uploaded,2026-03-01
10916,621,login,2026-01-26
10917,621,task_created,2026-06-30
10918,621,comment_added,2026-03-07
10919,621,comment_added,2026-08-28
10920,621,file_uploaded,2026-02-20
10921,621,login,2026-09-01
10922,621,file_uploaded,2026-05-16
10923,621,comment_added,2026-05-14
10924,621,task_created,2026-08-20
10925,621,comment_added,2026-07-31
10926,621,report_generated,2026-01-22
10927,621,task_created,2026-07-27
10928,622,comment_added,2026-01-11
10929,622,task_created,2026-01-09
10930,622,report_generated,2025-05-15
10931,622,comment_added,2026-07-08
10932,622,task_created,2025-12-19
10933,623,login,2026-05-11
10934,623,task_created,2026-05-11
10935,623,file_uploaded,2026-03-23
10936,623,report_generated,2026-08-16
10937,623,report_generated,2026-06-04
10938,624,report_generated,2026-02-13
10939,624,file_uploaded,2026-02-20
10940,624,login,2026-07-17
10941,624,comment_added,2025-12-18
10942,624,login,2026-08-13
10943,624,file_uploaded,2026-04-28
10944,624,task_created,2026-06-29
10945,624,report_generated,2026-03-26
10946,624,file_uploaded,2026-05-11
10947,624,file_uploaded,2025-12-11
10948,624,file_uploaded,2026-06-11
10949,624,comment_added,2026-01-19
10950,624,comment_added,2026-05-19
10951,624,report_generated,2025-11-30
10952,624,task_created,2026-02-19
10953,624,task_created,2026-05-18
10954,624,comment_added,2026-08-24
10955,624,report_generated,2026-08-18
10956,624,file_uploaded,2026-05-08
10957,624,report_generated,2026-03-11
10958,624,comment_added,2025-11-23
10959,624,comment_added,2026-08-24
10960,624,login,2026-08-23
10961,624,login,2025-11-15
10962,624,comment_added,2025-11-21
10963,624,comment_added,2026-08-28
10964,624,file_uploaded,2026-04-20
10965,624,comment_added,2026-02-21
10966,625,comment_added,2025-02-21
10967,625,report_generated,2025-10-01
10968,626,login,2026-01-28
10969,626,comment_added,2025-12-19
10970,626,comment_added,2026-06-03
10971,626,report_generated,2026-04-03
10972,626,report_generated,2026-02-01
10973,626,report_generated,2026-05-24
10974,626,comment_added,2026-07-27
10975,626,comment_added,2026-04-07
10976,626,comment_added,2026-06-28
10977,626,file_uploaded,2026-05-14
10978,626,comment_added,2026-02-01
10979,626,file_uploaded,2026-05-14
10980,626,comment_added,2026-04-23
10981,626,comment_added,2026-05-03
10982,627,comment_added,2025-11-23
10983,627,comment_added,2025-11-15
10984,627,task_created,2025-10-16
10985,627,login,2025-12-02
10986,627,comment_added,2026-05-03
10987,627,comment_added,2026-05-14
10988,627,login,2026-07-28
10989,627,report_generated,2025-11-29
10990,627,comment_added,2026-06-17
10991,627,comment_added,2025-12-25
10992,627,login,2026-05-09
10993,627,login,2026-05-14
10994,627,comment_added,2026-03-07
10995,627,report_generated,2026-06-17
10996,627,report_generated,2026-02-01
10997,627,report_generated,2025-11-09
10998,627,file_uploaded,2026-01-03
10999,627,task_created,2026-06-01
11000,627,file_uploaded,2026-06-14
11001,627,login,2026-06-14
11002,627,task_created,2025-11-01
11003,627,login,2026-01-09
11004,627,comment_added,2026-01-05
11005,627,report_generated,2026-06-04
11006,627,comment_added,2026-04-30
11007,627,login,2025-11-17
11008,627,task_created,2026-07-12
11009,627,file_uploaded,2026-07-29
11010,627,login,2026-06-22
11011,627,report_generated,2026-02-07
11012,627,login,2026-07-12
11013,627,comment_added,2025-10-01
11014,627,comment_added,2026-08-22
11015,627,task_created,2026-08-08
11016,627,file_uploaded,2025-11-12
11017,627,comment_added,2026-05-17
11018,627,report_generated,2025-10-14
11019,627,task_created,2026-02-28
11020,628,file_uploaded,2026-04-25
11021,628,comment_added,2025-12-06
11022,628,task_created,2025-04-29
11023,628,login,2025-10-16
11024,628,report_generated,2026-07-04
11025,628,comment_added,2026-02-27
11026,628,file_uploaded,2024-10-20
11027,628,report_generated,2024-10-11
11028,628,task_created,2025-04-16
11029,628,file_uploaded,2026-08-19
11030,628,login,2024-10-19
11031,628,comment_added,2025-01-31
11032,628,comment_added,2025-06-02
11033,628,login,2024-12-19
11034,628,comment_added,2025-06-10
11035,628,comment_added,2025-02-04
11036,628,report_generated,2026-01-27
11037,628,report_generated,2025-02-13
11038,628,login,2025-09-21
11039,628,file_uploaded,2025-06-05
11040,628,comment_added,2024-11-11
11041,628,comment_added,2024-11-28
11042,628,comment_added,2025-08-30
11043,628,comment_added,2025-01-10
11044,629,login,2025-04-10
11045,629,report_generated,2025-09-22
11046,629,task_created,2025-02-06
11047,629,task_created,2025-10-08
11048,629,task_created,2026-03-23
11049,629,login,2026-01-20
11050,629,comment_added,2025-11-22
11051,629,task_created,2026-04-28
11052,629,file_uploaded,2025-12-29
11053,629,file_uploaded,2025-04-28
11054,629,task_created,2025-02-24
11055,629,comment_added,2025-11-28
11056,629,file_uploaded,2026-08-11
11057,629,task_created,2026-07-10
11058,629,report_generated,2025-07-08
11059,629,comment_added,2025-08-10
11060,629,login,2025-02-05
11061,629,comment_added,2025-11-12
11062,629,file_uploaded,2025-10-31
11063,629,report_generated,2025-03-08
11064,629,file_uploaded,2025-09-30
11065,629,login,2025-08-15
11066,629,file_uploaded,2025-11-13
11067,629,task_created,2025-12-25
11068,629,file_uploaded,2026-07-27
11069,629,task_created,2026-07-10
11070,629,report_generated,2025-12-06
11071,629,login,2025-04-03
11072,629,report_generated,2025-12-29
11073,629,file_uploaded,2025-08-15
11074,629,login,2026-08-26
11075,629,comment_added,2025-04-22
11076,629,file_uploaded,2025-08-08
11077,629,task_created,2026-04-17
11078,629,login,2026-03-18
11079,629,comment_added,2025-05-17
11080,629,file_uploaded,2026-08-06
11081,629,file_uploaded,2025-12-28
11082,630,report_generated,2026-02-01
11083,630,report_generated,2026-04-04
11084,630,comment_added,2026-03-17
11085,630,file_uploaded,2026-02-21
11086,630,report_generated,2026-08-25
11087,630,login,2026-04-06
11088,630,file_uploaded,2026-08-28
11089,631,login,2025-05-27
11090,631,login,2026-07-19
11091,631,file_uploaded,2026-03-03
11092,631,report_generated,2026-08-21
11093,631,task_created,2026-03-08
11094,631,comment_added,2025-10-06
11095,632,report_generated,2026-06-18
11096,632,report_generated,2025-10-30
11097,632,report_generated,2024-10-19
11098,632,login,2025-01-11
11099,632,comment_added,2025-03-18
11100,632,login,2026-03-19
11101,632,file_uploaded,2025-01-22
11102,632,login,2025-04-13
11103,632,task_created,2025-06-03
11104,632,file_uploaded,2026-01-17
11105,632,file_uploaded,2025-04-07
11106,632,comment_added,2025-01-21
11107,633,report_generated,2025-02-21
11108,633,report_generated,2026-08-19
11109,634,report_generated,2026-08-01
11110,634,login,2025-12-16
11111,634,comment_added,2026-03-03
11112,634,comment_added,2025-05-01
11113,634,task_created,2025-07-29
11114,634,comment_added,2024-09-30
11115,634,comment_added,2025-11-03
11116,634,file_uploaded,2024-10-23
11117,634,file_uploaded,2026-01-28
11118,634,comment_added,2025-06-01
11119,634,login,2026-06-11
11120,634,task_created,2026-04-14
11121,634,comment_added,2025-03-04
11122,635,comment_added,2026-08-05
11123,635,report_generated,2026-08-28
11124,635,report_generated,2026-08-10
11125,635,task_created,2026-07-15
11126,635,comment_added,2026-08-12
11127,635,task_created,2026-08-28
11128,636,login,2026-05-06
11129,636,report_generated,2026-03-29
11130,636,login,2025-07-09
11131,636,comment_added,2026-02-28
11132,636,login,2026-07-16
11133,637,file_uploaded,2025-12-26
11134,637,login,2026-03-20
11135,637,report_generated,2026-02-13
11136,637,comment_added,2026-02-16
11137,637,comment_added,2026-07-17
11138,637,comment_added,2025-12-05
11139,637,task_created,2026-07-12
11140,637,file_uploaded,2026-08-09
11141,637,report_generated,2026-06-16
11142,637,task_created,2026-07-22
11143,637,task_created,2026-03-01
11144,637,report_generated,2026-05-28
11145,637,file_uploaded,2026-07-03
11146,637,report_generated,2025-11-09
11147,637,task_created,2025-12-20
11148,638,login,2026-08-21
11149,638,login,2026-06-24
11150,638,login,2026-07-03
11151,638,task_created,2026-02-13
11152,638,file_uploaded,2026-05-08
11153,638,task_created,2025-08-30
11154,638,task_created,2026-05-25
11155,638,task_created,2026-03-09
11156,638,report_generated,2026-02-13
11157,638,login,2025-11-12
11158,638,login,2025-12-31
11159,638,task_created,2026-07-20
11160,638,login,2025-12-16
11161,638,login,2026-06-27
11162,638,report_generated,2026-08-24
11163,638,file_uploaded,2026-04-06
11164,638,login,2025-10-26
11165,638,report_generated,2026-01-03
11166,638,login,2025-09-21
11167,638,file_uploaded,2025-09-16
11168,638,comment_added,2026-08-07
11169,639,report_generated,2026-07-27
11170,639,comment_added,2026-01-19
11171,639,task_created,2026-02-18
11172,639,report_generated,2026-03-04
11173,639,task_created,2026-07-12
11174,639,comment_added,2026-07-28
11175,639,login,2026-06-07
11176,639,comment_added,2026-01-09
11177,639,comment_added,2026-04-27
11178,639,login,2026-03-14
11179,639,task_created,2026-08-26
11180,639,report_generated,2026-01-30
11181,639,file_uploaded,2026-05-13
11182,639,comment_added,2026-01-01
11183,639,comment_added,2026-06-29
11184,640,task_created,2026-05-11
11185,640,report_generated,2026-02-13
11186,640,file_uploaded,2026-08-21
11187,640,task_created,2025-08-07
11188,640,report_generated,2025-07-10
11189,640,file_uploaded,2025-03-31
11190,640,task_created,2025-11-11
11191,640,report_generated,2025-07-18
11192,640,report_generated,2025-01-24
11193,640,task_created,2025-08-17
11194,641,login,2026-04-19
11195,641,comment_added,2026-01-29
11196,641,comment_added,2026-08-02
11197,641,login,2026-01-15
11198,641,report_generated,2026-02-20
11199,642,comment_added,2026-03-10
11200,642,login,2026-04-29
11201,642,task_created,2026-03-09
11202,642,file_uploaded,2025-04-04
11203,642,task_created,2025-02-24
11204,642,file_uploaded,2026-08-25
11205,642,task_created,2026-05-17
11206,642,task_created,2025-04-10
11207,642,login,2025-03-19
11208,642,task_created,2026-01-21
11209,642,file_uploaded,2026-03-19
11210,642,login,2025-06-30
11211,642,task_created,2026-02-16
11212,642,comment_added,2026-04-07
11213,642,login,2025-03-15
11214,642,file_uploaded,2026-01-25
11215,642,comment_added,2026-06-14
11216,642,login,2025-12-29
11217,642,login,2025-04-14
11218,642,task_created,2026-07-03
11219,642,report_generated,2025-07-01
11220,642,login,2025-02-24
11221,642,task_created,2026-05-30
11222,642,login,2026-05-30
11223,642,login,2025-08-25
11224,642,task_created,2026-05-20
11225,642,login,2025-07-26
11226,642,task_created,2025-06-03
11227,642,file_uploaded,2026-08-19
11228,642,comment_added,2025-03-26
11229,642,login,2026-06-10
11230,642,file_uploaded,2026-03-18
11231,642,task_created,2025-07-07
11232,642,login,2025-06-14
11233,642,report_generated,2025-10-29
11234,642,file_uploaded,2025-11-25
11235,642,file_uploaded,2025-06-06
11236,642,comment_added,2025-06-05
11237,642,comment_added,2025-08-02
11238,642,file_uploaded,2025-04-23
11239,642,file_uploaded,2025-02-18
11240,642,report_generated,2025-11-01
11241,642,file_uploaded,2025-10-20
11242,642,task_created,2025-04-08
11243,642,report_generated,2025-09-30
11244,642,task_created,2025-12-09
11245,642,report_generated,2025-08-19
11246,642,login,2025-07-09
11247,642,login,2026-03-25
11248,642,report_generated,2025-07-09
11249,643,task_created,2025-09-08
11250,643,login,2025-12-08
11251,643,login,2025-07-30
11252,643,report_generated,2025-12-10
11253,643,file_uploaded,2026-06-06
11254,643,file_uploaded,2025-09-07
11255,643,task_created,2025-03-30
11256,643,file_uploaded,2025-09-10
11257,643,report_generated,2026-03-03
11258,643,task_created,2025-06-11
11259,643,file_uploaded,2025-07-18
11260,643,login,2026-04-29
11261,643,comment_added,2026-06-26
11262,643,comment_added,2026-01-08
11263,643,task_created,2025-03-31
11264,643,report_generated,2025-12-08
11265,643,comment_added,2026-03-09
11266,643,login,2026-03-01
11267,643,login,2026-04-02
11268,643,login,2025-07-19
11269,643,comment_added,2025-06-23
11270,643,report_generated,2025-06-28
11271,643,task_created,2025-06-08
11272,643,comment_added,2026-05-21
11273,643,report_generated,2026-04-25
11274,643,report_generated,2026-05-04
11275,643,comment_added,2026-07-10
11276,643,comment_added,2026-05-19
11277,643,task_created,2026-05-12
11278,643,file_uploaded,2025-10-12
11279,643,login,2026-03-30
11280,644,comment_added,2026-06-17
11281,644,report_generated,2026-08-22
11282,644,file_uploaded,2026-07-25
11283,644,login,2026-07-19
11284,644,task_created,2026-08-20
11285,644,comment_added,2026-08-11
11286,644,comment_added,2026-06-27
11287,644,comment_added,2026-06-30
11288,644,file_uploaded,2026-06-20
11289,644,comment_added,2026-07-23
11290,644,task_created,2026-08-27
11291,644,file_uploaded,2026-06-26
11292,645,login,2026-04-17
11293,645,file_uploaded,2025-12-10
11294,645,task_created,2026-08-12
11295,645,comment_added,2026-06-04
11296,645,task_created,2026-01-19
11297,645,task_created,2026-04-30
11298,645,comment_added,2026-04-06
11299,645,comment_added,2026-04-01
11300,645,report_generated,2026-06-26
11301,645,login,2026-07-02
11302,646,task_created,2026-08-11
11303,646,task_created,2026-01-25
11304,646,file_uploaded,2026-08-23
11305,646,report_generated,2026-05-08
11306,646,task_created,2026-07-05
11307,646,login,2026-02-09
11308,646,login,2026-02-20
11309,646,task_created,2026-02-19
11310,646,task_created,2026-08-04
11311,646,report_generated,2025-12-03
11312,646,login,2026-05-13
11313,646,task_created,2026-03-12
11314,646,login,2025-11-27
11315,646,login,2025-12-06
11316,646,comment_added,2026-09-02
11317,646,task_created,2026-06-06
11318,646,file_uploaded,2026-04-24
11319,646,task_created,2026-07-16
11320,646,comment_added,2026-01-21
11321,646,login,2025-11-28
11322,646,comment_added,2026-08-17
11323,646,login,2026-01-11
11324,646,login,2026-04-04
11325,646,login,2026-06-21
11326,647,comment_added,2024-11-29
11327,647,file_uploaded,2025-02-08
11328,647,task_created,2026-06-10
11329,647,task_created,2025-07-04
11330,647,task_created,2026-03-27
11331,648,file_uploaded,2026-08-24
11332,648,comment_added,2026-05-17
11333,648,comment_added,2026-04-12
11334,648,comment_added,2026-08-29
11335,648,file_uploaded,2026-05-10
11336,649,login,2026-08-29
11337,649,login,2026-05-03
11338,649,report_generated,2026-07-21
11339,649,comment_added,2026-03-19
11340,649,comment_added,2025-11-28
11341,649,file_uploaded,2026-05-22
11342,649,file_uploaded,2026-02-26
11343,649,login,2026-02-19
11344,649,login,2025-11-11
11345,649,comment_added,2026-08-18
11346,649,report_generated,2026-07-07
11347,649,task_created,2026-02-06
11348,649,login,2026-05-27
11349,649,task_created,2025-12-05
11350,649,login,2026-06-02
11351,649,comment_added,2025-12-05
11352,649,report_generated,2025-11-29
11353,649,comment_added,2025-12-03
11354,649,report_generated,2026-07-28
11355,649,report_generated,2026-02-26
11356,649,task_created,2026-06-30
11357,649,report_generated,2026-08-06
11358,649,login,2026-01-01
11359,649,report_generated,2026-01-21
11360,649,login,2025-10-23
11361,649,task_created,2026-04-20
11362,649,task_created,2026-03-31
11363,649,file_uploaded,2026-03-08
11364,649,login,2026-05-15
11365,649,report_generated,2026-06-02
11366,649,comment_added,2026-04-27
11367,649,comment_added,2026-08-23
11368,649,report_generated,2026-02-22
11369,649,report_generated,2026-08-10
11370,649,file_uploaded,2026-05-12
11371,649,task_created,2026-05-31
11372,649,login,2025-11-13
11373,649,comment_added,2025-11-15
11374,649,report_generated,2025-12-26
11375,649,task_created,2025-10-25
11376,649,login,2026-07-20
11377,649,task_created,2026-07-03
11378,649,task_created,2025-12-26
11379,649,file_uploaded,2026-07-06
11380,649,report_generated,2026-08-18
11381,649,task_created,2025-10-17
11382,649,task_created,2026-05-05
11383,649,comment_added,2025-11-03
11384,649,comment_added,2026-04-12
11385,650,file_uploaded,2025-02-13
11386,650,report_generated,2025-08-29
11387,650,file_uploaded,2025-04-22
11388,650,report_generated,2025-07-24
11389,650,file_uploaded,2025-06-19
11390,651,task_created,2026-01-01
11391,651,report_generated,2025-11-16
11392,651,login,2026-03-15
11393,652,report_generated,2026-05-26
11394,652,task_created,2026-06-05
11395,652,login,2026-08-12
11396,652,comment_added,2026-08-31
11397,652,comment_added,2026-06-11
11398,652,report_generated,2026-08-22
11399,652,comment_added,2026-06-07
11400,652,file_uploaded,2026-06-08
11401,652,task_created,2026-06-02
11402,652,report_generated,2026-09-02
11403,652,comment_added,2026-07-08
11404,652,report_generated,2026-05-27
11405,652,file_uploaded,2026-08-18
11406,652,login,2026-06-08
11407,652,file_uploaded,2026-06-01
11408,652,task_created,2026-08-10
11409,652,login,2026-06-22
11410,652,file_uploaded,2026-06-27
11411,652,login,2026-07-16
11412,653,login,2026-02-10
11413,653,comment_added,2026-03-01
11414,653,comment_added,2026-03-31
11415,653,file_uploaded,2026-03-05
11416,653,login,2026-02-19
11417,653,task_created,2026-02-19
11418,653,task_created,2026-03-20
11419,653,file_uploaded,2026-06-22
11420,653,report_generated,2026-02-14
11421,653,task_created,2026-02-19
11422,653,report_generated,2026-02-04
11423,653,report_generated,2026-06-13
11424,653,file_uploaded,2026-01-30
11425,653,file_uploaded,2026-08-04
11426,653,report_generated,2026-05-19
11427,653,report_generated,2026-03-26
11428,653,file_uploaded,2026-04-17
11429,653,login,2026-08-01
11430,653,task_created,2026-04-16
11431,654,task_created,2026-08-29
11432,654,file_uploaded,2026-07-02
11433,654,report_generated,2026-06-04
11434,654,login,2026-06-25
11435,654,comment_added,2026-05-20
11436,654,report_generated,2026-05-18
11437,654,login,2026-06-06
11438,654,file_uploaded,2026-06-22
11439,654,task_created,2026-08-07
11440,654,report_generated,2026-08-08
11441,654,task_created,2026-07-08
11442,654,task_created,2026-06-09
11443,654,comment_added,2026-06-20
11444,654,login,2026-06-29
11445,654,file_uploaded,2026-07-08
11446,654,task_created,2026-07-14
11447,654,report_generated,2026-05-27
11448,654,login,2026-08-11
11449,654,task_created,2026-08-10
11450,654,file_uploaded,2026-08-20
11451,654,task_created,2026-07-31
11452,654,file_uploaded,2026-06-26
11453,654,comment_added,2026-05-07
11454,655,file_uploaded,2026-02-19
11455,655,file_uploaded,2026-07-29
11456,655,file_uploaded,2026-01-29
11457,655,task_created,2025-10-20
11458,655,login,2025-12-22
11459,655,file_uploaded,2026-06-17
11460,655,comment_added,2026-02-28
11461,655,comment_added,2026-03-17
11462,655,comment_added,2025-12-19
11463,655,file_uploaded,2025-12-31
11464,655,login,2026-03-30
11465,655,task_created,2026-07-08
11466,655,login,2026-05-26
11467,655,task_created,2026-06-26
11468,655,login,2026-02-04
11469,655,file_uploaded,2025-08-21
11470,655,comment_added,2025-09-27
11471,655,comment_added,2026-01-05
11472,656,file_uploaded,2026-08-26
11473,656,task_created,2025-11-28
11474,656,task_created,2025-06-01
11475,656,report_generated,2025-12-10
11476,656,report_generated,2025-08-26
11477,657,report_generated,2026-06-02
11478,657,file_uploaded,2026-08-27
11479,657,file_uploaded,2026-08-29
11480,657,task_created,2026-08-05
11481,657,task_created,2026-06-10
11482,657,report_generated,2026-06-07
11483,657,file_uploaded,2026-08-16
11484,657,comment_added,2026-06-28
11485,657,report_generated,2026-08-29
11486,657,report_generated,2026-06-16
11487,657,comment_added,2026-06-28
11488,657,login,2026-06-18
11489,657,report_generated,2026-07-17
11490,657,login,2026-07-02
11491,658,login,2025-07-07
11492,658,task_created,2026-07-20
11493,658,comment_added,2025-05-24
11494,658,file_uploaded,2025-07-31
11495,658,login,2025-11-13
11496,658,task_created,2026-05-16
11497,658,task_created,2026-01-11
11498,658,comment_added,2026-02-11
11499,659,comment_added,2026-04-29
11500,659,task_created,2026-08-17
11501,659,comment_added,2026-01-05
11502,660,report_generated,2026-05-13
11503,660,file_uploaded,2026-06-18
11504,660,login,2026-05-23
11505,660,file_uploaded,2026-03-17
11506,661,login,2026-07-03
11507,661,login,2026-07-14
11508,661,login,2026-06-12
11509,661,login,2026-06-23
11510,661,report_generated,2026-06-20
11511,661,task_created,2026-07-09
11512,661,report_generated,2026-08-23
11513,661,task_created,2026-06-10
11514,661,login,2026-07-01
11515,661,file_uploaded,2026-06-15
11516,661,report_generated,2026-06-06
11517,661,comment_added,2026-08-17
11518,661,login,2026-07-24
11519,661,file_uploaded,2026-06-30
11520,661,login,2026-06-18
11521,661,comment_added,2026-08-30
11522,661,login,2026-07-19
11523,661,task_created,2026-06-07
11524,661,login,2026-06-20
11525,661,task_created,2026-08-28
11526,661,comment_added,2026-06-13
11527,661,comment_added,2026-07-27
11528,661,comment_added,2026-08-14
11529,661,login,2026-08-16
11530,661,login,2026-06-10
11531,661,login,2026-07-05
11532,661,task_created,2026-06-01
11533,661,file_uploaded,2026-07-08
11534,661,task_created,2026-06-14
11535,661,file_uploaded,2026-06-13
11536,661,comment_added,2026-06-12
11537,661,comment_added,2026-07-29
11538,661,login,2026-07-23
11539,661,file_uploaded,2026-06-13
11540,661,report_generated,2026-06-19
11541,661,comment_added,2026-08-26
11542,661,comment_added,2026-06-06
11543,661,login,2026-07-03
11544,661,report_generated,2026-08-13
11545,661,file_uploaded,2026-08-20
11546,661,report_generated,2026-08-06
11547,661,login,2026-07-16
11548,661,login,2026-08-19
11549,661,task_created,2026-06-09
11550,661,report_generated,2026-07-26
11551,661,report_generated,2026-06-28
11552,661,task_created,2026-08-06
11553,661,login,2026-08-29
11554,661,file_uploaded,2026-06-02
11555,661,comment_added,2026-06-21
11556,661,file_uploaded,2026-08-06
11557,661,login,2026-08-05
11558,661,task_created,2026-07-30
11559,661,comment_added,2026-07-29
11560,661,task_created,2026-06-07
11561,661,login,2026-07-29
11562,661,login,2026-07-23
11563,662,login,2026-04-05
11564,663,comment_added,2026-05-21
11565,663,comment_added,2026-01-28
11566,663,task_created,2026-04-30
11567,663,task_created,2026-02-02
11568,663,comment_added,2026-06-22
11569,663,comment_added,2026-08-13
11570,663,file_uploaded,2026-06-11
11571,663,file_uploaded,2026-03-05
11572,663,login,2026-05-05
11573,663,task_created,2026-05-17
11574,663,report_generated,2026-05-04
11575,663,task_created,2026-08-02
11576,663,file_uploaded,2026-01-10
11577,663,file_uploaded,2026-08-12
11578,664,login,2026-07-31
11579,664,task_created,2025-10-21
11580,664,comment_added,2026-03-13
11581,664,comment_added,2025-10-25
11582,664,report_generated,2026-04-23
11583,664,comment_added,2026-06-13
11584,664,login,2025-11-03
11585,664,report_generated,2026-01-12
11586,664,task_created,2026-03-17
11587,664,task_created,2025-12-26
11588,664,task_created,2026-05-08
11589,664,login,2026-01-09
11590,665,comment_added,2026-07-17
11591,665,file_uploaded,2026-06-01
11592,665,file_uploaded,2026-08-13
11593,665,report_generated,2026-08-06
11594,665,report_generated,2026-07-25
11595,665,file_uploaded,2026-07-17
11596,665,file_uploaded,2026-05-30
11597,666,report_generated,2026-06-30
11598,666,file_uploaded,2025-12-19
11599,666,task_created,2026-01-15
11600,666,task_created,2026-05-21
11601,666,report_generated,2025-12-31
11602,666,login,2025-12-14
11603,666,report_generated,2026-06-12
11604,667,task_created,2026-07-26
11605,667,login,2025-12-15
11606,667,file_uploaded,2025-06-02
11607,667,task_created,2025-06-04
11608,667,report_generated,2025-09-09
11609,667,comment_added,2025-06-23
11610,667,report_generated,2026-06-27
11611,667,task_created,2026-08-31
11612,667,task_created,2025-10-22
11613,667,login,2026-05-25
11614,667,comment_added,2026-04-13
11615,667,task_created,2026-08-17
11616,667,task_created,2026-03-22
11617,667,comment_added,2025-10-25
11618,667,report_generated,2026-08-11
11619,667,login,2026-02-12
11620,668,login,2026-02-07
11621,668,report_generated,2025-10-23
11622,668,file_uploaded,2025-12-11
11623,668,login,2026-08-21
11624,668,report_generated,2025-10-25
11625,668,login,2026-02-12
11626,668,login,2026-01-01
11627,668,login,2026-04-24
11628,668,file_uploaded,2026-04-29
11629,668,comment_added,2026-04-22
11630,668,report_generated,2026-05-04
11631,668,task_created,2026-05-12
11632,668,comment_added,2026-02-13
11633,668,task_created,2026-04-04
11634,668,comment_added,2026-03-25
11635,668,login,2025-12-03
11636,668,report_generated,2025-10-19
11637,668,login,2025-10-26
11638,668,file_uploaded,2026-03-08
11639,668,report_generated,2026-05-21
11640,668,file_uploaded,2026-01-05
11641,668,comment_added,2026-07-03
11642,668,login,2026-05-23
11643,668,file_uploaded,2026-03-30
11644,668,comment_added,2026-02-21
11645,668,report_generated,2026-04-08
11646,668,task_created,2025-12-13
11647,668,login,2026-07-24
11648,668,file_uploaded,2026-06-04
11649,668,login,2026-04-04
11650,668,task_created,2025-12-25
11651,668,report_generated,2026-08-17
11652,668,file_uploaded,2026-08-02
11653,668,login,2026-07-04
11654,668,report_generated,2026-04-10
11655,668,task_created,2026-02-27
11656,668,login,2026-04-28
11657,669,file_uploaded,2026-08-31
11658,669,task_created,2026-01-19
11659,669,login,2026-05-13
11660,669,report_generated,2026-01-15
11661,669,file_uploaded,2026-03-27
11662,669,report_generated,2026-05-06
11663,669,file_uploaded,2026-06-02
11664,669,task_created,2026-06-25
11665,669,report_generated,2025-11-16
11666,669,file_uploaded,2025-12-01
11667,669,login,2025-12-20
11668,669,task_created,2026-06-21
11669,669,comment_added,2025-11-29
11670,669,login,2026-06-23
11671,669,file_uploaded,2026-05-02
11672,669,file_uploaded,2026-03-12
11673,669,task_created,2026-07-28
11674,669,login,2026-07-02
11675,669,login,2026-02-16
11676,669,report_generated,2026-07-05
11677,669,task_created,2026-04-04
11678,669,login,2026-07-27
11679,669,file_uploaded,2026-02-01
11680,669,login,2026-03-29
11681,669,comment_added,2026-04-01
11682,670,file_uploaded,2026-06-02
11683,670,file_uploaded,2026-03-20
11684,670,task_created,2026-01-12
11685,670,report_generated,2026-03-16
11686,670,file_uploaded,2026-04-29
11687,670,task_created,2026-07-12
11688,670,task_created,2026-08-05
11689,670,login,2026-05-20
11690,670,file_uploaded,2026-08-04
11691,670,report_generated,2026-07-25
11692,670,login,2026-02-25
11693,670,file_uploaded,2026-08-03
11694,670,task_created,2026-04-02
11695,670,login,2026-08-19
11696,670,report_generated,2026-04-02
11697,670,comment_added,2026-04-03
11698,671,file_uploaded,2026-08-26
11699,671,file_uploaded,2025-12-17
11700,671,task_created,2026-04-07
11701,671,comment_added,2025-10-18
11702,672,task_created,2026-08-18
11703,672,file_uploaded,2026-08-30
11704,672,file_uploaded,2026-08-30
11705,672,login,2026-09-02
11706,672,login,2026-08-27
11707,672,comment_added,2026-08-22
11708,672,file_uploaded,2026-08-30
11709,672,task_created,2026-09-01
11710,672,login,2026-08-19
11711,672,report_generated,2026-08-24
11712,673,task_created,2026-06-15
11713,673,login,2025-09-22
11714,673,login,2025-11-06
11715,673,comment_added,2026-04-29
11716,673,comment_added,2026-07-14
11717,673,task_created,2026-06-12
11718,673,task_created,2026-01-10
11719,673,file_uploaded,2026-03-04
11720,673,login,2026-05-28
11721,673,report_generated,2026-08-19
11722,673,file_uploaded,2026-03-14
11723,673,report_generated,2025-12-18
11724,673,login,2026-06-14
11725,674,task_created,2026-01-23
11726,674,file_uploaded,2026-01-31
11727,675,login,2026-06-02
11728,675,comment_added,2026-06-26
11729,675,file_uploaded,2026-06-15
11730,675,report_generated,2026-02-08
11731,675,task_created,2025-11-13
11732,675,login,2026-05-18
11733,675,task_created,2025-03-26
11734,675,report_generated,2026-08-19
11735,675,task_created,2025-07-26
11736,675,task_created,2026-06-29
11737,675,task_created,2026-04-14
11738,675,task_created,2026-06-07
11739,675,login,2025-08-29
11740,675,task_created,2025-08-25
11741,675,file_uploaded,2025-07-26
11742,675,login,2025-06-11
11743,675,file_uploaded,2025-05-13
11744,676,file_uploaded,2026-04-14
11745,677,comment_added,2026-08-30
11746,677,file_uploaded,2026-08-27
11747,677,file_uploaded,2026-08-27
11748,678,login,2026-03-29
11749,678,report_generated,2026-09-02
11750,678,comment_added,2026-03-27
11751,678,report_generated,2026-07-04
11752,678,report_generated,2026-03-16
11753,678,comment_added,2026-04-24
11754,678,comment_added,2026-05-29
11755,678,task_created,2026-07-06
11756,679,report_generated,2025-05-20
11757,679,login,2025-08-01
11758,679,file_uploaded,2026-07-05
11759,679,login,2026-02-24
11760,679,comment_added,2025-08-18
11761,679,task_created,2026-07-16
11762,680,login,2026-07-19
11763,680,file_uploaded,2026-07-19
11764,680,login,2026-06-27
11765,680,task_created,2026-07-30
11766,680,report_generated,2026-08-15
11767,680,login,2026-08-28
11768,680,file_uploaded,2026-07-03
11769,680,login,2026-06-29
11770,680,file_uploaded,2026-08-22
11771,680,task_created,2026-06-28
11772,680,file_uploaded,2026-07-06
11773,680,file_uploaded,2026-07-20
11774,680,report_generated,2026-07-01
11775,680,login,2026-06-27
11776,680,comment_added,2026-08-02
11777,680,task_created,2026-07-21
11778,680,file_uploaded,2026-07-19
11779,680,task_created,2026-08-23
11780,681,report_generated,2026-04-24
11781,681,comment_added,2026-06-26
11782,681,login,2026-04-09
11783,681,task_created,2026-07-29
11784,681,file_uploaded,2026-05-07
11785,681,task_created,2026-07-25
11786,681,comment_added,2025-12-18
11787,681,comment_added,2026-04-08
11788,682,file_uploaded,2025-10-06
11789,682,report_generated,2026-03-05
11790,682,task_created,2025-10-21
11791,682,comment_added,2026-03-18
11792,682,comment_added,2026-07-30
11793,682,login,2026-03-05
11794,682,task_created,2026-07-26
11795,682,task_created,2026-07-26
11796,682,file_uploaded,2025-11-24
11797,682,file_uploaded,2025-12-09
11798,682,comment_added,2025-12-21
11799,682,task_created,2025-11-03
11800,682,login,2026-07-10
11801,682,task_created,2026-04-06
11802,682,login,2026-03-17
11803,683,comment_added,2026-02-06
11804,683,login,2026-06-20
11805,683,file_uploaded,2025-08-13
11806,683,file_uploaded,2026-06-10
11807,683,report_generated,2026-05-16
11808,683,file_uploaded,2025-09-29
11809,683,comment_added,2025-09-24
11810,683,report_generated,2026-02-12
11811,683,comment_added,2025-11-03
11812,683,report_generated,2026-08-20
11813,683,login,2026-04-24
11814,683,login,2026-07-14
11815,683,report_generated,2026-06-26
11816,683,file_uploaded,2025-04-09
11817,683,report_generated,2026-08-27
11818,683,login,2026-06-03
11819,683,login,2025-09-27
11820,683,login,2025-04-17
11821,683,comment_added,2025-09-29
11822,683,task_created,2025-05-24
11823,683,login,2025-10-14
11824,683,report_generated,2026-04-22
11825,683,comment_added,2025-12-06
11826,683,report_generated,2025-05-10
11827,683,comment_added,2025-12-28
11828,683,comment_added,2025-05-12
11829,683,task_created,2025-11-23
11830,683,report_generated,2025-09-14
11831,683,task_created,2025-10-21
11832,684,task_created,2025-12-16
11833,684,task_created,2025-09-05
11834,684,report_generated,2026-01-05
11835,684,login,2025-10-06
11836,684,report_generated,2025-11-19
11837,684,report_generated,2026-08-01
11838,684,login,2026-02-25
11839,684,comment_added,2025-10-30
11840,684,report_generated,2025-12-26
11841,684,report_generated,2026-01-25
11842,684,login,2026-08-17
11843,684,file_uploaded,2025-12-26
11844,684,comment_added,2026-06-26
11845,685,comment_added,2026-07-31
11846,685,task_created,2026-05-23
11847,685,task_created,2026-08-18
11848,685,task_created,2026-05-13
11849,685,report_generated,2026-04-22
11850,686,file_uploaded,2025-05-28
11851,686,comment_added,2025-03-04
11852,686,task_created,2025-11-28
11853,686,comment_added,2024-09-25
11854,686,report_generated,2024-10-15
11855,686,comment_added,2026-04-18
11856,686,task_created,2026-07-10
11857,686,task_created,2025-01-21
11858,686,report_generated,2025-06-20
11859,686,task_created,2024-12-19
11860,686,login,2026-05-04
11861,686,report_generated,2025-12-16
11862,686,file_uploaded,2026-05-23
11863,686,comment_added,2025-08-04
11864,686,comment_added,2026-05-26
11865,686,login,2025-02-02
11866,686,task_created,2025-01-16
11867,686,file_uploaded,2025-05-24
11868,686,task_created,2025-11-03
11869,686,file_uploaded,2024-12-04
11870,686,report_generated,2026-01-01
11871,686,report_generated,2026-05-13
11872,686,task_created,2025-06-29
11873,686,login,2024-11-24
11874,686,task_created,2025-10-16
11875,686,report_generated,2026-05-20
11876,686,login,2026-07-06
11877,686,task_created,2026-04-20
11878,686,report_generated,2025-12-20
11879,686,login,2026-06-17
11880,686,task_created,2026-05-11
11881,686,file_uploaded,2025-03-22
11882,686,login,2025-12-19
11883,686,login,2025-05-10
11884,686,report_generated,2026-01-24
11885,686,file_uploaded,2025-05-13
11886,686,file_uploaded,2025-01-27
11887,686,file_uploaded,2025-06-25
11888,686,task_created,2025-08-10
11889,686,comment_added,2026-08-02
11890,686,file_uploaded,2026-06-24
11891,686,file_uploaded,2025-06-02
11892,686,task_created,2025-01-01
11893,686,comment_added,2024-10-14
11894,686,login,2025-11-27
11895,686,task_created,2025-12-21
11896,686,login,2024-10-15
11897,686,comment_added,2026-04-25
11898,686,comment_added,2025-02-27
11899,686,report_generated,2025-06-20
11900,686,report_generated,2025-02-05
11901,686,task_created,2024-11-19
11902,686,login,2025-03-07
11903,687,report_generated,2024-11-14
11904,687,task_created,2026-08-19
11905,687,report_generated,2025-08-16
11906,687,report_generated,2024-09-21
11907,687,report_generated,2024-12-16
11908,687,task_created,2025-04-13
11909,687,comment_added,2024-12-22
11910,687,login,2026-06-28
11911,687,task_created,2025-07-14
11912,687,login,2026-07-25
11913,687,file_uploaded,2026-02-22
11914,687,comment_added,2026-01-20
11915,687,task_created,2025-12-27
11916,687,file_uploaded,2025-06-05
11917,687,task_created,2026-05-23
11918,687,report_generated,2025-09-29
11919,687,task_created,2025-01-23
11920,687,comment_added,2024-12-15
11921,687,task_created,2026-03-23
11922,687,report_generated,2025-05-29
11923,688,comment_added,2026-08-18
11924,688,login,2026-08-24
11925,688,task_created,2026-08-11
11926,688,login,2026-08-21
11927,688,comment_added,2026-07-24
11928,688,file_uploaded,2026-08-04
11929,689,file_uploaded,2025-12-15
11930,689,file_uploaded,2026-08-03
11931,689,task_created,2026-03-05
11932,689,task_created,2026-03-24
11933,689,report_generated,2026-07-02
11934,689,report_generated,2026-01-11
11935,689,task_created,2025-12-23
11936,689,file_uploaded,2026-05-17
11937,689,report_generated,2026-08-28
11938,689,report_generated,2026-07-03
11939,689,comment_added,2025-12-23
11940,689,comment_added,2026-05-13
11941,689,comment_added,2026-05-26
11942,689,task_created,2026-08-22
11943,689,task_created,2026-08-28
11944,689,file_uploaded,2026-05-07
11945,689,task_created,2026-07-26
11946,689,task_created,2026-06-19
11947,689,comment_added,2025-12-03
11948,689,file_uploaded,2026-04-09
11949,689,task_created,2026-07-28
11950,689,report_generated,2026-02-18
11951,689,task_created,2026-04-29
11952,689,report_generated,2026-05-06
11953,689,comment_added,2026-01-04
11954,689,task_created,2026-06-12
11955,689,task_created,2026-02-13
11956,689,report_generated,2026-02-25
11957,689,login,2025-11-28
11958,689,task_created,2026-08-24
11959,689,file_uploaded,2026-05-23
11960,689,report_generated,2026-02-18
11961,690,task_created,2026-05-24
11962,690,file_uploaded,2026-07-17
11963,690,comment_added,2026-01-12
11964,690,task_created,2026-02-13
11965,690,login,2025-10-14
11966,690,task_created,2026-01-02
11967,690,report_generated,2026-02-10
11968,690,report_generated,2025-11-21
11969,690,comment_added,2026-07-26
11970,690,comment_added,2026-01-05
11971,690,login,2025-10-13
11972,690,file_uploaded,2026-08-14
11973,690,task_created,2026-04-27
11974,690,login,2026-05-23
11975,690,file_uploaded,2025-12-15
11976,690,login,2026-04-30
11977,690,report_generated,2026-02-19
11978,690,comment_added,2025-11-03
11979,691,file_uploaded,2025-10-24
11980,691,task_created,2025-07-31
11981,691,file_uploaded,2025-05-27
11982,692,login,2026-04-20
11983,692,task_created,2026-02-11
11984,692,login,2026-07-14
11985,692,login,2026-02-19
11986,693,task_created,2026-06-19
11987,693,report_generated,2026-01-01
11988,693,comment_added,2025-12-09
11989,693,task_created,2026-07-12
11990,693,task_created,2025-11-05
11991,693,file_uploaded,2026-01-28
11992,693,login,2025-10-15
11993,693,task_created,2026-06-28
11994,693,login,2026-03-12
11995,693,login,2026-08-19
11996,693,login,2026-03-31
11997,693,task_created,2026-05-26
11998,693,file_uploaded,2026-04-22
11999,693,login,2026-08-01
12000,693,file_uploaded,2026-02-09
12001,693,file_uploaded,2026-01-19
12002,693,file_uploaded,2025-10-24
12003,693,file_uploaded,2025-09-26
12004,693,task_created,2026-04-09
12005,693,report_generated,2026-03-17
12006,693,comment_added,2025-12-18
12007,693,report_generated,2026-08-29
12008,693,login,2025-09-03
12009,693,report_generated,2026-06-18
12010,693,file_uploaded,2025-12-23
12011,693,task_created,2025-11-25
12012,693,file_uploaded,2026-01-14
12013,693,file_uploaded,2025-10-14
12014,694,task_created,2026-02-18
12015,694,login,2025-07-26
12016,694,task_created,2025-07-08
12017,694,login,2026-02-03
12018,694,comment_added,2024-12-22
12019,694,report_generated,2025-09-01
12020,694,file_uploaded,2025-03-15
12021,694,task_created,2025-10-12
12022,694,login,2025-07-02
12023,694,report_generated,2026-01-12
12024,694,report_generated,2025-09-18
12025,694,task_created,2025-04-08
12026,694,task_created,2026-03-25
12027,694,file_uploaded,2026-03-30
12028,695,file_uploaded,2026-06-28
12029,695,report_generated,2026-04-19
12030,695,file_uploaded,2026-03-27
12031,695,login,2026-08-15
12032,695,task_created,2026-02-27
12033,695,comment_added,2025-12-01
12034,695,task_created,2025-12-22
12035,695,login,2026-06-10
12036,695,file_uploaded,2025-12-15
12037,695,file_uploaded,2025-08-30
12038,695,report_generated,2026-01-09
12039,695,comment_added,2025-09-15
12040,695,file_uploaded,2026-05-03
12041,695,login,2025-08-05
12042,696,comment_added,2026-08-28
12043,696,task_created,2025-10-19
12044,696,task_created,2026-02-09
12045,696,task_created,2025-05-21
12046,696,comment_added,2026-01-27
12047,696,file_uploaded,2025-11-19
12048,696,report_generated,2026-02-18
12049,696,login,2026-01-07
12050,696,task_created,2026-08-30
12051,696,report_generated,2025-11-19
12052,696,file_uploaded,2026-03-28
12053,696,task_created,2026-03-18
12054,696,comment_added,2026-05-12
12055,696,file_uploaded,2025-12-26
12056,696,task_created,2025-04-20
12057,696,report_generated,2026-04-11
12058,697,report_generated,2026-08-25
12059,697,file_uploaded,2026-06-06
12060,697,file_uploaded,2026-05-15
12061,697,comment_added,2026-08-31
12062,697,report_generated,2026-04-20
12063,697,task_created,2026-08-07
12064,697,comment_added,2026-05-30
12065,697,report_generated,2026-07-30
12066,697,login,2026-04-26
12067,698,comment_added,2025-12-21
12068,698,task_created,2026-06-11
12069,698,report_generated,2026-09-02
12070,698,file_uploaded,2026-05-29
12071,698,task_created,2026-05-06
12072,698,file_uploaded,2026-02-04
12073,698,task_created,2026-05-11
12074,698,comment_added,2026-06-02
12075,698,login,2025-12-28
12076,698,file_uploaded,2026-04-11
12077,698,report_generated,2026-01-28
12078,698,login,2026-07-26
12079,698,file_uploaded,2026-05-25
12080,698,login,2026-07-18
12081,698,task_created,2026-05-19
12082,698,comment_added,2026-08-10
12083,698,report_generated,2026-05-03
12084,698,file_uploaded,2026-04-07
12085,698,file_uploaded,2026-01-15
12086,699,login,2026-01-11
12087,699,file_uploaded,2026-07-01
12088,699,file_uploaded,2025-12-17
12089,699,file_uploaded,2025-09-11
12090,699,task_created,2026-04-15
12091,699,task_created,2026-01-24
12092,699,comment_added,2026-02-09
12093,699,report_generated,2025-03-01
12094,699,login,2025-10-23
12095,699,report_generated,2026-06-07
12096,699,comment_added,2026-06-05
12097,699,login,2026-07-30
12098,700,task_created,2026-04-11
12099,700,file_uploaded,2026-07-20
12100,700,comment_added,2026-05-08
12101,700,login,2026-04-24
12102,700,report_generated,2026-08-06
12103,701,login,2026-07-07
12104,701,comment_added,2026-08-07
12105,701,login,2026-07-20
12106,701,task_created,2026-06-26
12107,701,file_uploaded,2026-07-15
12108,701,login,2026-07-31
12109,701,login,2026-07-08
12110,701,task_created,2026-06-10
12111,701,report_generated,2026-08-04
12112,701,comment_added,2026-07-30
12113,701,task_created,2026-08-21
12114,701,login,2026-06-06
12115,701,file_uploaded,2026-07-23
12116,702,task_created,2026-08-18
12117,702,file_uploaded,2026-05-03
12118,702,login,2026-08-26
12119,702,task_created,2026-06-01
12120,702,file_uploaded,2026-06-13
12121,702,file_uploaded,2026-08-11
12122,702,login,2026-07-08
12123,702,comment_added,2026-05-02
12124,702,comment_added,2026-08-21
12125,702,report_generated,2026-08-16
12126,702,comment_added,2026-06-22
12127,702,comment_added,2026-07-21
12128,702,file_uploaded,2026-05-09
12129,702,task_created,2026-08-26
12130,702,task_created,2026-08-12
12131,702,task_created,2026-07-14
12132,702,file_uploaded,2026-08-29
12133,702,report_generated,2026-05-04
12134,702,login,2026-07-19
12135,702,comment_added,2026-07-14
12136,702,task_created,2026-06-02
12137,702,file_uploaded,2026-05-28
12138,702,report_generated,2026-05-13
12139,702,login,2026-08-14
12140,702,file_uploaded,2026-08-08
12141,702,file_uploaded,2026-05-05
12142,702,task_created,2026-08-06
12143,702,login,2026-06-14
12144,702,file_uploaded,2026-05-15
12145,702,comment_added,2026-06-08
12146,702,file_uploaded,2026-05-01
12147,702,comment_added,2026-06-16
12148,702,comment_added,2026-06-12
12149,702,comment_added,2026-05-18
12150,702,file_uploaded,2026-06-07
12151,703,comment_added,2025-04-17
12152,703,file_uploaded,2025-05-22
12153,703,task_created,2025-11-11
12154,703,file_uploaded,2025-08-11
12155,703,file_uploaded,2025-03-18
12156,703,comment_added,2024-12-22
12157,703,report_generated,2026-02-22
12158,703,report_generated,2026-09-02
12159,703,file_uploaded,2025-06-09
12160,703,report_generated,2026-08-09
12161,703,login,2025-05-26
12162,703,comment_added,2025-07-15
12163,703,task_created,2026-06-17
12164,703,task_created,2025-03-15
12165,703,report_generated,2025-11-15
12166,703,login,2026-08-23
12167,703,report_generated,2025-04-10
12168,703,comment_added,2025-12-18
12169,703,file_uploaded,2026-09-02
12170,703,login,2026-03-21
12171,703,comment_added,2026-01-09
12172,703,login,2025-06-17
12173,703,comment_added,2025-11-29
12174,703,task_created,2026-03-10
12175,703,report_generated,2024-12-18
12176,703,comment_added,2025-09-06
12177,703,task_created,2026-06-12
12178,703,task_created,2025-09-20
12179,703,comment_added,2026-07-13
12180,704,report_generated,2026-08-27
12181,704,task_created,2026-08-05
12182,704,task_created,2026-03-03
12183,704,login,2026-08-14
12184,704,comment_added,2026-06-17
12185,704,file_uploaded,2026-03-18
12186,704,comment_added,2026-06-18
12187,704,file_uploaded,2026-02-19
12188,704,file_uploaded,2026-07-30
12189,704,report_generated,2026-08-01
12190,704,task_created,2026-08-06
12191,704,login,2026-08-10
12192,704,comment_added,2026-05-16
12193,705,login,2025-05-28
12194,705,report_generated,2026-04-28
12195,705,comment_added,2025-08-28
12196,705,report_generated,2025-07-09
12197,705,task_created,2025-04-06
12198,706,login,2026-08-28
12199,706,file_uploaded,2026-08-17
12200,706,comment_added,2026-08-15
12201,706,file_uploaded,2026-08-18
12202,706,login,2026-08-23
12203,706,login,2026-08-28
12204,706,login,2026-08-20
12205,706,comment_added,2026-08-30
12206,707,comment_added,2024-10-26
12207,707,login,2026-07-11
12208,707,task_created,2026-01-02
12209,707,task_created,2025-11-09
12210,707,task_created,2026-03-19
12211,707,file_uploaded,2026-06-01
12212,707,task_created,2026-04-10
12213,707,report_generated,2026-07-22
12214,707,comment_added,2025-07-27
12215,707,login,2025-08-24
12216,707,login,2026-08-01
12217,708,task_created,2026-08-09
12218,708,comment_added,2026-08-13
12219,708,comment_added,2026-08-22
12220,708,comment_added,2026-08-01
12221,708,file_uploaded,2026-07-22
12222,708,report_generated,2026-08-20
12223,708,login,2026-07-16
12224,708,comment_added,2026-08-06
12225,708,file_uploaded,2026-07-11
12226,708,login,2026-08-17
12227,708,comment_added,2026-08-26
12228,708,login,2026-08-04
12229,708,file_uploaded,2026-07-21
12230,708,file_uploaded,2026-08-05
12231,708,login,2026-07-19
12232,708,login,2026-08-15
12233,708,task_created,2026-08-13
12234,708,login,2026-09-02
12235,708,comment_added,2026-07-26
12236,708,file_uploaded,2026-07-18
12237,708,task_created,2026-07-14
12238,708,task_created,2026-08-06
12239,708,report_generated,2026-08-23
12240,708,report_generated,2026-07-28
12241,708,report_generated,2026-07-24
12242,708,comment_added,2026-08-31
12243,708,task_created,2026-08-04
12244,708,report_generated,2026-08-21
12245,708,comment_added,2026-08-01
12246,708,file_uploaded,2026-08-23
12247,708,login,2026-07-11
12248,708,login,2026-07-22
12249,709,task_created,2026-02-28
12250,709,task_created,2026-03-01
12251,709,report_generated,2026-09-01
12252,709,file_uploaded,2026-01-18
12253,709,login,2026-08-01
12254,709,login,2026-07-26
12255,710,task_created,2026-08-30
12256,710,task_created,2026-09-01
12257,710,report_generated,2026-06-29
12258,710,login,2026-06-02
12259,710,comment_added,2026-05-25
12260,710,report_generated,2026-08-26
12261,711,file_uploaded,2026-08-12
12262,712,login,2025-11-22
12263,712,comment_added,2025-09-03
12264,712,file_uploaded,2025-11-07
12265,712,task_created,2025-04-29
12266,712,report_generated,2026-08-12
12267,712,file_uploaded,2025-08-31
12268,712,task_created,2025-10-08
12269,712,report_generated,2026-07-05
12270,712,report_generated,2025-05-20
12271,712,task_created,2025-10-27
12272,712,file_uploaded,2026-04-21
12273,712,comment_added,2025-09-06
12274,712,login,2026-05-19
12275,712,comment_added,2026-04-22
12276,712,file_uploaded,2026-06-20
12277,712,report_generated,2026-06-07
12278,712,report_generated,2026-06-01
12279,712,login,2026-04-11
12280,712,file_uploaded,2025-08-31
12281,712,report_generated,2026-06-26
12282,712,comment_added,2026-07-03
12283,712,task_created,2026-02-02
12284,712,report_generated,2025-06-28
12285,712,comment_added,2026-07-20
12286,712,file_uploaded,2025-12-16
12287,712,comment_added,2025-09-03
12288,712,report_generated,2025-11-04
12289,712,file_uploaded,2026-08-22
12290,712,task_created,2025-11-25
12291,712,task_created,2025-08-08
12292,712,file_uploaded,2025-08-25
12293,712,file_uploaded,2025-05-18
12294,712,file_uploaded,2025-11-21
12295,712,comment_added,2026-03-04
12296,712,file_uploaded,2026-01-24
12297,712,comment_added,2025-09-21
12298,712,task_created,2025-06-05
12299,712,comment_added,2025-11-05
12300,712,comment_added,2025-10-04
12301,712,file_uploaded,2026-06-21
12302,712,task_created,2026-08-08
12303,712,login,2025-07-07
12304,712,report_generated,2026-08-29
12305,712,comment_added,2025-08-02
12306,712,file_uploaded,2026-01-22
12307,712,task_created,2025-08-01
12308,712,comment_added,2025-11-25
12309,712,task_created,2026-03-12
12310,712,file_uploaded,2025-05-04
12311,712,file_uploaded,2025-11-28
12312,712,file_uploaded,2025-06-05
12313,712,comment_added,2026-08-27
12314,712,file_uploaded,2026-02-21
12315,713,task_created,2026-07-05
12316,713,file_uploaded,2026-07-27
12317,713,comment_added,2026-08-30
12318,713,task_created,2026-08-28
12319,713,comment_added,2026-08-27
12320,714,task_created,2026-06-27
12321,714,report_generated,2025-07-21
12322,714,file_uploaded,2026-07-02
12323,714,comment_added,2026-01-26
12324,714,file_uploaded,2026-05-24
12325,714,file_uploaded,2026-05-04
12326,714,task_created,2026-08-30
12327,714,file_uploaded,2025-12-29
12328,715,report_generated,2026-06-10
12329,715,task_created,2026-06-24
12330,715,comment_added,2026-07-11
12331,715,login,2026-07-01
12332,715,report_generated,2026-08-14
12333,715,task_created,2026-08-25
12334,715,report_generated,2026-06-21
12335,715,comment_added,2026-07-04
12336,715,task_created,2026-08-15
12337,715,login,2026-08-24
12338,715,task_created,2026-06-28
12339,715,login,2026-07-30
12340,715,login,2026-06-12
12341,715,report_generated,2026-06-17
12342,715,login,2026-07-17
12343,715,file_uploaded,2026-08-31
12344,715,task_created,2026-07-30
12345,715,login,2026-08-26
12346,715,task_created,2026-07-18
12347,716,report_generated,2025-01-02
12348,716,login,2026-06-29
12349,716,report_generated,2025-07-09
12350,716,login,2025-03-30
12351,716,comment_added,2025-06-26
12352,716,file_uploaded,2026-07-10
12353,716,task_created,2025-10-24
12354,716,file_uploaded,2026-06-08
12355,716,login,2025-04-13
12356,716,comment_added,2026-07-27
12357,716,file_uploaded,2026-06-05
12358,716,file_uploaded,2025-10-30
12359,716,task_created,2025-09-29
12360,716,report_generated,2025-04-16
12361,716,report_generated,2024-12-10
12362,716,task_created,2026-08-26
12363,716,comment_added,2025-01-24
12364,716,task_created,2025-06-04
12365,716,task_created,2025-11-08
12366,716,comment_added,2024-12-30
12367,716,file_uploaded,2026-04-09
12368,716,comment_added,2026-02-10
12369,716,comment_added,2025-03-13
12370,716,comment_added,2025-08-23
12371,716,file_uploaded,2026-08-26
12372,716,comment_added,2025-04-06
12373,716,login,2026-06-10
12374,716,file_uploaded,2025-12-12
12375,716,task_created,2026-05-29
12376,716,login,2024-12-03
12377,716,report_generated,2026-03-29
12378,717,login,2026-06-19
12379,717,comment_added,2026-08-10
12380,717,file_uploaded,2026-07-31
12381,717,comment_added,2026-05-13
12382,717,comment_added,2026-08-06
12383,717,file_uploaded,2026-07-12
12384,717,report_generated,2026-05-27
12385,717,report_generated,2026-04-19
12386,717,report_generated,2026-06-20
12387,717,report_generated,2026-08-21
12388,717,task_created,2026-05-18
12389,717,task_created,2026-07-08
12390,717,task_created,2026-05-06
12391,717,comment_added,2026-08-19
12392,717,file_uploaded,2026-07-07
12393,717,login,2026-05-12
12394,717,file_uploaded,2026-05-01
12395,718,file_uploaded,2026-02-18
12396,718,task_created,2025-04-24
12397,719,file_uploaded,2026-02-17
12398,719,login,2026-04-29
12399,719,file_uploaded,2026-03-28
12400,719,comment_added,2026-02-21
12401,719,task_created,2026-08-13
12402,719,task_created,2026-02-10
12403,719,report_generated,2026-07-26
12404,719,comment_added,2026-08-31
12405,719,comment_added,2026-08-08
12406,719,login,2026-07-01
12407,719,task_created,2026-06-30
12408,719,file_uploaded,2026-06-11
12409,720,task_created,2025-06-06
12410,720,login,2026-03-05
12411,720,report_generated,2025-06-02
12412,720,report_generated,2025-05-27
12413,720,report_generated,2025-10-03
12414,720,report_generated,2026-02-22
12415,720,comment_added,2026-06-06
12416,720,report_generated,2024-11-20
12417,720,file_uploaded,2026-04-09
12418,720,file_uploaded,2024-12-16
12419,720,file_uploaded,2026-05-21
12420,720,task_created,2025-03-31
12421,720,login,2025-10-08
12422,720,file_uploaded,2024-11-25
12423,720,report_generated,2026-01-17
12424,720,comment_added,2025-02-06
12425,720,file_uploaded,2025-02-01
12426,720,login,2026-08-26
12427,720,report_generated,2026-06-13
12428,720,file_uploaded,2025-02-19
12429,720,task_created,2025-07-22
12430,720,comment_added,2026-05-25
12431,720,login,2025-11-10
12432,720,report_generated,2025-08-21
12433,720,task_created,2025-12-17
12434,720,login,2025-08-08
12435,720,login,2026-08-01
12436,720,report_generated,2026-06-14
12437,720,login,2026-04-25
12438,721,report_generated,2025-12-13
12439,721,login,2026-07-06
12440,721,report_generated,2025-04-02
12441,721,report_generated,2026-04-02
12442,721,comment_added,2025-09-29
12443,721,report_generated,2026-01-31
12444,721,comment_added,2025-09-06
12445,721,file_uploaded,2025-04-24
12446,721,file_uploaded,2025-02-12
12447,721,login,2026-04-24
12448,721,report_generated,2025-02-15
12449,721,comment_added,2025-01-06
12450,721,login,2025-09-03
12451,721,report_generated,2025-11-09
12452,721,login,2025-11-10
12453,721,report_generated,2026-07-01
12454,721,task_created,2025-01-13
12455,721,task_created,2026-07-08
12456,721,login,2025-06-26
12457,721,login,2026-07-01
12458,721,comment_added,2025-07-28
12459,721,file_uploaded,2026-01-21
12460,721,login,2025-06-08
12461,721,comment_added,2025-08-27
12462,721,comment_added,2026-01-10
12463,721,file_uploaded,2026-07-16
12464,721,login,2025-10-07
12465,721,comment_added,2026-03-26
12466,721,login,2026-07-02
12467,721,file_uploaded,2025-05-30
12468,721,task_created,2025-11-20
12469,721,login,2025-12-07
12470,721,report_generated,2026-01-21
12471,721,comment_added,2026-03-18
12472,721,task_created,2025-07-25
12473,721,report_generated,2025-08-25
12474,721,task_created,2026-02-26
12475,722,login,2026-07-21
12476,722,comment_added,2026-07-21
12477,722,report_generated,2026-08-07
12478,722,login,2026-07-25
12479,722,comment_added,2026-08-10
12480,722,file_uploaded,2026-07-12
12481,722,login,2026-08-09
12482,722,comment_added,2026-08-10
12483,722,file_uploaded,2026-08-13
12484,722,comment_added,2026-07-11
12485,723,login,2026-06-26
12486,723,login,2026-08-30
12487,723,comment_added,2026-08-20
12488,723,comment_added,2026-06-16
12489,723,report_generated,2026-09-01
12490,723,login,2026-07-03
12491,723,task_created,2026-06-16
12492,723,task_created,2026-08-31
12493,723,file_uploaded,2026-07-24
12494,723,login,2026-06-17
12495,723,comment_added,2026-07-17
12496,723,comment_added,2026-07-10
12497,723,comment_added,2026-07-18
12498,723,report_generated,2026-06-11
12499,723,file_uploaded,2026-06-25
12500,723,task_created,2026-07-05
12501,723,login,2026-08-28
12502,723,comment_added,2026-06-19
12503,723,file_uploaded,2026-08-27
12504,723,report_generated,2026-06-09
12505,723,task_created,2026-08-02
12506,723,login,2026-06-23
12507,723,task_created,2026-07-15
12508,723,file_uploaded,2026-08-20
12509,723,login,2026-08-30
12510,723,file_uploaded,2026-08-04
12511,723,report_generated,2026-07-09
12512,723,report_generated,2026-07-10
12513,723,login,2026-08-05
12514,723,task_created,2026-08-12
12515,723,task_created,2026-08-25
12516,723,file_uploaded,2026-06-15
12517,723,report_generated,2026-06-13
12518,723,login,2026-07-24
12519,723,comment_added,2026-08-23
12520,723,task_created,2026-07-18
12521,723,report_generated,2026-08-17
12522,723,file_uploaded,2026-07-28
12523,723,file_uploaded,2026-07-24
12524,723,file_uploaded,2026-06-21
12525,723,task_created,2026-06-28
12526,723,comment_added,2026-07-16
12527,723,login,2026-07-23
12528,723,task_created,2026-07-21
12529,723,task_created,2026-06-06
12530,723,login,2026-07-24
12531,723,report_generated,2026-08-12
12532,723,task_created,2026-06-07
12533,723,file_uploaded,2026-07-22
12534,723,file_uploaded,2026-08-15
12535,723,task_created,2026-06-05
12536,723,comment_added,2026-07-24
12537,723,login,2026-07-26
12538,723,login,2026-07-17
12539,723,task_created,2026-07-25
12540,724,file_uploaded,2025-03-07
12541,724,task_created,2026-03-05
12542,724,login,2026-04-13
12543,724,login,2026-02-07
12544,724,comment_added,2025-06-05
12545,724,file_uploaded,2025-04-23
12546,724,login,2025-10-23
12547,724,comment_added,2026-08-05
12548,724,login,2025-05-27
12549,724,comment_added,2025-09-02
12550,724,comment_added,2025-03-09
12551,724,task_created,2025-05-25
12552,724,task_created,2025-03-25
12553,724,task_created,2025-02-22
12554,724,task_created,2026-02-01
12555,724,comment_added,2025-02-16
12556,724,report_generated,2025-10-19
12557,725,task_created,2025-09-04
12558,725,report_generated,2026-07-11
12559,725,comment_added,2026-07-18
12560,725,task_created,2026-04-06
12561,726,comment_added,2026-03-24
12562,727,file_uploaded,2026-03-21
12563,727,login,2026-01-06
12564,727,login,2026-07-24
12565,727,file_uploaded,2026-02-22
12566,727,file_uploaded,2026-06-12
12567,727,report_generated,2026-05-16
12568,727,report_generated,2026-04-26
12569,727,login,2026-02-24
12570,727,report_generated,2026-05-28
12571,727,report_generated,2026-05-09
12572,727,task_created,2026-06-02
12573,727,login,2026-01-31
12574,727,comment_added,2025-12-24
12575,727,comment_added,2026-02-15
12576,727,report_generated,2026-07-03
12577,727,comment_added,2026-06-13
12578,727,report_generated,2026-04-03
12579,727,report_generated,2026-05-09
12580,727,file_uploaded,2026-07-07
12581,727,task_created,2026-03-06
12582,727,task_created,2026-06-23
12583,727,file_uploaded,2026-02-17
12584,727,login,2026-08-26
12585,727,file_uploaded,2026-05-26
12586,727,login,2026-06-28
12587,727,file_uploaded,2026-04-15
12588,727,file_uploaded,2026-02-06
12589,727,report_generated,2026-02-25
12590,727,login,2026-07-20
12591,727,login,2026-08-02
12592,727,file_uploaded,2026-05-16
12593,727,file_uploaded,2026-03-04
12594,727,login,2026-07-11
12595,727,task_created,2026-02-21
12596,727,login,2026-06-14
12597,727,comment_added,2026-06-21
12598,727,login,2026-06-20
12599,727,report_generated,2026-01-21
12600,727,login,2026-03-27
12601,727,file_uploaded,2026-01-19
12602,728,login,2025-12-04
12603,728,file_uploaded,2026-03-13
12604,728,report_generated,2025-09-26
12605,728,login,2026-03-13
12606,728,comment_added,2026-02-02
12607,729,comment_added,2026-02-04
12608,729,report_generated,2025-07-25
12609,729,task_created,2025-08-29
12610,729,report_generated,2025-11-01
12611,729,task_created,2025-08-01
12612,729,comment_added,2025-10-27
12613,729,report_generated,2025-12-08
12614,729,comment_added,2026-02-05
12615,729,login,2025-11-06
12616,729,file_uploaded,2026-06-22
12617,729,report_generated,2025-11-06
12618,729,login,2025-10-11
12619,729,report_generated,2026-06-07
12620,729,file_uploaded,2026-06-14
12621,730,login,2026-07-11
12622,730,file_uploaded,2026-02-26
12623,730,comment_added,2025-11-18
12624,730,comment_added,2025-10-26
12625,730,comment_added,2026-08-08
12626,730,file_uploaded,2026-06-15
12627,730,report_generated,2026-04-26
12628,730,comment_added,2026-04-11
12629,730,file_uploaded,2026-01-03
12630,730,file_uploaded,2026-03-04
12631,730,comment_added,2025-11-18
12632,730,task_created,2026-01-14
12633,730,comment_added,2026-02-28
12634,730,report_generated,2026-05-27
12635,730,comment_added,2026-08-03
12636,731,file_uploaded,2026-09-01
12637,731,login,2026-09-02
12638,731,file_uploaded,2026-08-30
12639,731,task_created,2026-08-25
12640,731,file_uploaded,2026-08-28
12641,731,login,2026-09-01
12642,731,report_generated,2026-09-02
12643,731,login,2026-08-28
12644,731,comment_added,2026-08-26
12645,731,task_created,2026-08-27
12646,732,comment_added,2025-08-17
12647,732,file_uploaded,2026-02-04
12648,732,task_created,2026-04-11
12649,732,task_created,2025-11-23
12650,732,comment_added,2025-10-16
12651,732,file_uploaded,2026-07-27
12652,732,task_created,2025-11-20
12653,732,comment_added,2025-11-19
12654,732,report_generated,2026-02-27
12655,732,login,2025-12-14
12656,732,comment_added,2025-11-07
12657,732,report_generated,2025-10-11
12658,732,task_created,2025-12-04
12659,732,file_uploaded,2026-02-22
12660,732,comment_added,2026-02-12
12661,732,task_created,2026-06-03
12662,732,task_created,2025-12-14
12663,732,file_uploaded,2026-03-16
12664,732,comment_added,2025-12-03
12665,732,task_created,2026-08-02
12666,732,comment_added,2025-11-26
12667,732,task_created,2026-01-24
12668,732,task_created,2025-08-27
12669,732,task_created,2025-12-04
12670,732,comment_added,2025-08-15
12671,732,report_generated,2025-09-21
12672,732,login,2026-07-22
12673,732,file_uploaded,2025-09-06
12674,732,task_created,2026-06-15
12675,732,task_created,2025-11-28
12676,732,report_generated,2026-04-25
12677,732,task_created,2026-01-01
12678,732,report_generated,2025-11-20
12679,732,login,2026-04-14
12680,732,comment_added,2026-06-09
12681,732,task_created,2026-04-29
12682,732,login,2026-06-11
12683,732,file_uploaded,2026-07-14
12684,732,report_generated,2026-01-20
12685,732,report_generated,2025-09-16
12686,732,report_generated,2025-12-19
12687,732,file_uploaded,2025-10-07
12688,732,file_uploaded,2025-09-02
12689,732,file_uploaded,2026-01-16
12690,732,comment_added,2026-05-22
12691,732,login,2026-06-18
12692,732,comment_added,2025-11-15
12693,732,login,2025-11-25
12694,733,login,2024-10-06
12695,733,report_generated,2025-10-13
12696,733,task_created,2025-05-15
12697,733,task_created,2026-07-27
12698,733,file_uploaded,2025-03-13
12699,733,task_created,2026-06-08
12700,733,file_uploaded,2025-01-15
12701,733,file_uploaded,2025-12-10
12702,733,task_created,2025-12-28
12703,733,login,2025-04-02
12704,733,comment_added,2025-11-04
12705,733,login,2026-08-23
12706,733,file_uploaded,2025-10-18
12707,733,file_uploaded,2025-07-08
12708,733,file_uploaded,2024-10-04
12709,733,task_created,2024-09-09
12710,733,report_generated,2026-03-31
12711,733,task_created,2024-10-29
12712,734,login,2026-04-16
12713,734,comment_added,2026-04-05
12714,734,task_created,2026-03-31
12715,734,comment_added,2026-06-18
12716,734,report_generated,2026-08-01
12717,734,report_generated,2026-02-13
12718,734,login,2026-01-31
12719,734,file_uploaded,2026-06-22
12720,734,report_generated,2026-07-31
12721,734,login,2026-07-15
12722,734,file_uploaded,2026-02-12
12723,734,login,2026-03-20
12724,734,file_uploaded,2026-07-01
12725,734,report_generated,2026-05-11
12726,735,task_created,2026-08-08
12727,735,file_uploaded,2026-06-29
12728,735,task_created,2026-06-25
12729,735,comment_added,2026-05-31
12730,735,file_uploaded,2025-11-23
12731,735,login,2026-02-11
12732,735,task_created,2025-12-12
12733,735,task_created,2026-06-17
12734,736,report_generated,2026-06-26
12735,736,report_generated,2026-03-11
12736,736,login,2026-03-19
12737,736,comment_added,2025-11-07
12738,736,report_generated,2026-04-25
12739,736,comment_added,2025-12-10
12740,736,comment_added,2026-06-03
12741,736,login,2025-08-23
12742,736,task_created,2026-07-11
12743,736,file_uploaded,2026-08-29
12744,736,comment_added,2026-09-02
12745,736,comment_added,2025-11-02
12746,737,report_generated,2025-01-10
12747,737,comment_added,2026-06-28
12748,737,login,2026-01-03
12749,737,comment_added,2026-06-18
12750,737,report_generated,2025-09-10
12751,737,report_generated,2024-11-06
12752,737,task_created,2026-06-26
12753,737,file_uploaded,2025-03-18
12754,737,report_generated,2026-01-12
12755,737,task_created,2025-06-01
12756,737,task_created,2025-03-06
12757,737,report_generated,2026-06-19
12758,737,login,2025-11-17
12759,737,login,2025-03-05
12760,737,comment_added,2025-04-01
12761,737,comment_added,2026-06-14
12762,737,login,2026-08-20
12763,737,login,2026-08-30
12764,737,comment_added,2025-09-25
12765,737,comment_added,2025-08-14
12766,737,task_created,2025-10-05
12767,737,login,2025-07-07
12768,737,login,2024-10-27
12769,737,file_uploaded,2025-04-27
12770,737,task_created,2026-01-13
12771,737,task_created,2025-03-12
12772,737,comment_added,2026-06-20
12773,737,file_uploaded,2025-08-30
12774,737,task_created,2025-08-26
12775,737,task_created,2026-08-06
12776,737,file_uploaded,2025-10-07
12777,737,comment_added,2026-02-07
12778,737,login,2026-03-10
12779,737,comment_added,2026-04-01
12780,737,task_created,2026-04-14
12781,737,task_created,2025-03-03
12782,737,comment_added,2026-01-27
12783,737,comment_added,2026-08-12
12784,737,file_uploaded,2026-08-18
12785,738,report_generated,2026-07-28
12786,738,report_generated,2026-08-28
12787,738,file_uploaded,2026-07-29
12788,738,login,2026-08-27
12789,738,login,2026-08-18
12790,738,report_generated,2026-08-06
12791,738,report_generated,2026-08-30
12792,738,report_generated,2026-08-19
12793,738,comment_added,2026-08-23
12794,738,comment_added,2026-09-01
12795,738,file_uploaded,2026-08-11
12796,738,report_generated,2026-07-26
12797,738,file_uploaded,2026-08-26
12798,738,comment_added,2026-08-22
12799,738,comment_added,2026-08-11
12800,739,file_uploaded,2026-05-19
12801,739,comment_added,2025-07-25
12802,739,login,2025-08-19
12803,739,comment_added,2026-06-30
12804,739,file_uploaded,2026-07-01
12805,739,task_created,2025-07-05
12806,739,login,2025-11-06
12807,739,comment_added,2025-05-13
12808,739,comment_added,2025-05-18
12809,739,task_created,2026-07-12
12810,739,login,2025-11-17
12811,739,file_uploaded,2025-10-31
12812,739,login,2025-06-24
12813,739,file_uploaded,2025-06-07
12814,739,report_generated,2025-09-30
12815,739,report_generated,2026-07-23
12816,739,file_uploaded,2026-04-28
12817,739,comment_added,2026-04-03
12818,739,report_generated,2025-11-12
12819,739,file_uploaded,2025-10-04
12820,739,comment_added,2026-03-24
12821,739,file_uploaded,2026-08-15
12822,739,report_generated,2025-09-30
12823,739,report_generated,2026-05-07
12824,739,file_uploaded,2026-07-16
12825,739,login,2025-10-15
12826,739,task_created,2026-08-25
12827,739,file_uploaded,2025-08-26
12828,739,report_generated,2025-11-24
12829,739,login,2025-04-20
12830,739,file_uploaded,2025-05-14
12831,739,file_uploaded,2026-01-11
12832,740,comment_added,2026-03-11
12833,740,comment_added,2026-05-29
12834,740,report_generated,2025-08-13
12835,740,report_generated,2025-05-28
12836,740,file_uploaded,2025-06-12
12837,740,report_generated,2026-04-26
12838,741,report_generated,2025-10-16
12839,741,task_created,2025-05-17
12840,741,report_generated,2025-07-26
12841,741,report_generated,2025-12-03
12842,741,comment_added,2025-04-08
12843,741,report_generated,2026-05-26
12844,741,task_created,2025-02-02
12845,741,task_created,2025-08-22
12846,741,file_uploaded,2026-07-23
12847,742,file_uploaded,2026-06-23
12848,742,comment_added,2025-10-01
12849,742,report_generated,2026-01-20
12850,742,login,2026-05-21
12851,743,login,2026-07-02
12852,743,login,2026-02-10
12853,743,file_uploaded,2025-10-27
12854,743,login,2025-10-01
12855,743,report_generated,2026-05-08
12856,743,report_generated,2026-08-12
12857,743,task_created,2025-09-10
12858,743,file_uploaded,2026-03-13
12859,743,task_created,2025-07-25
12860,743,report_generated,2025-07-17
12861,743,login,2026-07-03
12862,743,comment_added,2026-03-27
12863,743,comment_added,2026-07-05
12864,743,login,2025-10-16
12865,743,report_generated,2026-05-01
12866,743,login,2026-07-11
12867,743,report_generated,2025-10-10
12868,743,comment_added,2026-06-01
12869,743,comment_added,2025-06-30
12870,743,file_uploaded,2026-07-23
12871,744,login,2026-08-19
12872,744,comment_added,2026-08-31
12873,744,comment_added,2026-08-09
12874,744,comment_added,2026-08-10
12875,744,task_created,2026-08-10
12876,744,report_generated,2026-09-01
12877,744,task_created,2026-07-31
12878,744,report_generated,2026-08-14
12879,745,task_created,2025-11-11
12880,745,file_uploaded,2026-03-20
12881,745,report_generated,2026-07-25
12882,745,login,2026-06-12
12883,745,report_generated,2026-02-15
12884,745,file_uploaded,2025-10-07
12885,745,report_generated,2025-12-29
12886,745,file_uploaded,2026-03-28
12887,745,comment_added,2026-02-16
12888,745,comment_added,2025-09-23
12889,745,file_uploaded,2026-02-27
12890,745,task_created,2026-08-09
12891,745,report_generated,2026-07-06
12892,745,login,2026-08-28
12893,745,comment_added,2026-03-07
12894,745,comment_added,2026-08-03
12895,745,task_created,2025-10-09
12896,745,file_uploaded,2026-08-18
12897,745,task_created,2025-09-16
12898,745,report_generated,2026-07-28
12899,745,task_created,2026-02-01
12900,745,login,2026-08-15
12901,745,login,2026-01-13
12902,746,comment_added,2026-08-03
12903,746,report_generated,2026-07-06
12904,746,report_generated,2026-08-24
12905,746,file_uploaded,2026-06-21
12906,746,report_generated,2026-07-13
12907,746,login,2026-07-08
12908,746,login,2026-07-18
12909,747,file_uploaded,2026-07-06
12910,747,file_uploaded,2026-08-01
12911,747,report_generated,2026-06-12
12912,747,file_uploaded,2026-06-28
12913,748,report_generated,2026-07-22
12914,748,login,2026-04-16
12915,748,login,2026-02-17
12916,748,report_generated,2026-06-16
12917,748,task_created,2025-09-16
12918,748,comment_added,2025-04-10
12919,748,comment_added,2025-08-17
12920,748,comment_added,2026-02-28
12921,748,comment_added,2026-05-17
12922,748,login,2026-01-15
12923,748,task_created,2026-06-11
12924,748,task_created,2025-12-13
12925,748,file_uploaded,2025-09-26
12926,748,report_generated,2025-05-08
12927,748,comment_added,2026-04-27
12928,748,task_created,2026-01-18
12929,748,file_uploaded,2026-07-21
12930,748,report_generated,2026-08-12
12931,748,login,2025-11-07
12932,748,task_created,2026-07-05
12933,748,file_uploaded,2025-04-09
12934,748,task_created,2026-05-24
12935,748,login,2025-11-11
12936,749,login,2025-12-21
12937,749,login,2026-06-01
12938,749,comment_added,2026-03-30
12939,749,task_created,2026-05-02
12940,749,task_created,2025-10-03
12941,749,report_generated,2025-12-31
12942,749,comment_added,2025-11-19
12943,749,file_uploaded,2025-10-21
12944,749,comment_added,2026-06-20
12945,749,file_uploaded,2024-12-29
12946,749,task_created,2025-05-11
12947,749,file_uploaded,2025-04-21
12948,749,task_created,2025-05-02
12949,749,login,2026-04-05
12950,749,comment_added,2026-03-12
12951,750,comment_added,2026-08-24
12952,750,task_created,2026-04-24
12953,750,task_created,2026-05-31
12954,750,comment_added,2026-08-16
12955,750,login,2026-05-02
12956,750,report_generated,2026-08-05
12957,750,comment_added,2026-06-26
12958,750,login,2026-08-10
12959,750,file_uploaded,2026-06-28
12960,750,comment_added,2026-08-10
12961,750,report_generated,2026-07-09
12962,750,file_uploaded,2026-05-06
12963,750,file_uploaded,2026-08-03
12964,750,report_generated,2026-07-07
12965,750,comment_added,2026-06-08
12966,750,login,2026-08-30
12967,750,file_uploaded,2026-04-28
12968,750,file_uploaded,2026-06-10
12969,750,login,2026-08-27
12970,750,comment_added,2026-07-17
12971,750,report_generated,2026-05-04
12972,750,comment_added,2026-08-22
12973,750,comment_added,2026-05-02
12974,750,report_generated,2026-07-04
12975,750,comment_added,2026-08-26
12976,750,task_created,2026-07-26
12977,750,comment_added,2026-07-30
12978,751,comment_added,2026-07-24
12979,751,comment_added,2026-07-27
12980,751,file_uploaded,2026-08-12
12981,751,task_created,2026-08-06
12982,751,login,2026-08-13
12983,751,login,2026-07-20
12984,751,file_uploaded,2026-08-23
12985,751,login,2026-08-05
12986,751,task_created,2026-07-20
12987,751,file_uploaded,2026-08-17
12988,751,login,2026-08-23
12989,751,login,2026-07-22
12990,751,comment_added,2026-08-20
12991,752,report_generated,2025-10-04
12992,752,comment_added,2025-11-04
12993,752,login,2026-06-26
12994,752,comment_added,2025-12-08
12995,752,comment_added,2026-08-17
12996,752,file_uploaded,2026-06-14
12997,752,login,2026-08-21
12998,752,task_created,2026-06-08
12999,752,file_uploaded,2025-10-03
13000,752,file_uploaded,2025-09-23
13001,752,comment_added,2026-04-06
13002,752,login,2025-10-08
13003,753,file_uploaded,2025-02-14
13004,753,task_created,2026-08-20
13005,753,file_uploaded,2025-08-09
13006,753,comment_added,2025-05-27
13007,753,task_created,2026-07-19
13008,753,comment_added,2026-01-28
13009,753,task_created,2025-08-21
13010,753,comment_added,2025-10-05
13011,753,report_generated,2026-03-20
13012,753,login,2026-04-07
13013,753,report_generated,2025-09-02
13014,754,file_uploaded,2025-08-21
13015,754,report_generated,2026-04-07
13016,754,comment_added,2026-03-22
13017,754,file_uploaded,2026-06-09
13018,754,task_created,2026-04-21
13019,754,report_generated,2025-11-04
13020,754,file_uploaded,2026-01-27
13021,755,file_uploaded,2024-10-16
13022,755,task_created,2025-12-29
13023,755,task_created,2025-01-14
13024,755,task_created,2026-08-07
13025,755,report_generated,2025-01-13
13026,755,report_generated,2025-09-05
13027,755,login,2026-07-12
13028,755,report_generated,2026-08-31
13029,755,login,2025-12-27
13030,755,task_created,2025-10-04
13031,755,login,2026-07-24
13032,755,file_uploaded,2026-03-24
13033,755,comment_added,2026-06-27
13034,755,task_created,2026-08-25
13035,755,report_generated,2026-03-15
13036,755,report_generated,2025-07-16
13037,755,report_generated,2024-11-17
13038,755,comment_added,2025-10-14
13039,755,task_created,2026-04-06
13040,755,login,2025-01-18
13041,755,login,2025-08-17
13042,755,file_uploaded,2025-08-14
13043,755,login,2024-11-24
13044,755,task_created,2025-03-08
13045,755,report_generated,2026-07-28
13046,755,task_created,2024-11-22
13047,755,comment_added,2025-11-17
13048,755,login,2025-12-31
13049,756,file_uploaded,2026-04-20
13050,756,comment_added,2026-08-24
13051,756,login,2026-06-30
13052,756,login,2026-08-05
13053,756,file_uploaded,2026-06-25
13054,756,comment_added,2026-05-22
13055,756,comment_added,2026-05-21
13056,756,task_created,2026-02-09
13057,756,report_generated,2026-03-27
13058,756,report_generated,2026-08-20
13059,756,file_uploaded,2026-04-28
13060,756,report_generated,2026-06-07
13061,756,file_uploaded,2026-04-04
13062,756,comment_added,2026-05-28
13063,756,report_generated,2026-08-22
13064,756,task_created,2026-02-02
13065,756,file_uploaded,2026-08-24
13066,756,file_uploaded,2026-07-31
13067,757,login,2026-04-11
13068,757,file_uploaded,2025-12-13
13069,757,task_created,2026-03-01
13070,757,file_uploaded,2026-04-22
13071,757,file_uploaded,2026-03-01
13072,758,task_created,2026-03-29
13073,758,report_generated,2025-02-25
13074,758,file_uploaded,2026-06-15
13075,758,file_uploaded,2025-11-05
13076,759,comment_added,2025-07-04
13077,759,file_uploaded,2025-06-20
13078,759,login,2025-09-17
13079,759,file_uploaded,2026-06-26
13080,759,task_created,2026-08-16
13081,760,login,2026-08-29
13082,760,comment_added,2026-07-23
13083,760,report_generated,2026-07-20
13084,760,report_generated,2026-08-19
13085,760,report_generated,2026-08-29
13086,760,task_created,2026-08-25
13087,760,task_created,2026-07-29
13088,760,report_generated,2026-07-26
13089,760,file_uploaded,2026-07-20
13090,760,report_generated,2026-08-31
13091,760,comment_added,2026-07-19
13092,760,report_generated,2026-08-06
13093,760,task_created,2026-08-18
13094,760,file_uploaded,2026-08-21
13095,760,login,2026-08-08
13096,761,task_created,2026-08-22
13097,761,report_generated,2026-08-17
13098,761,file_uploaded,2026-09-02
13099,761,report_generated,2026-08-23
13100,761,task_created,2026-08-20
13101,761,login,2026-08-31
13102,761,comment_added,2026-08-19
13103,761,comment_added,2026-08-19
13104,761,login,2026-08-17
13105,761,file_uploaded,2026-08-28
13106,761,comment_added,2026-08-16
13107,762,file_uploaded,2025-08-10
13108,762,file_uploaded,2025-07-15
13109,762,report_generated,2025-06-14
13110,762,task_created,2025-06-19
13111,762,login,2025-09-05
13112,762,login,2026-03-02
13113,762,comment_added,2026-01-06
13114,762,login,2026-03-22
13115,762,report_generated,2026-05-09
13116,762,task_created,2025-08-02
13117,762,report_generated,2026-07-21
13118,762,report_generated,2026-08-15
13119,762,file_uploaded,2026-05-20
13120,763,login,2026-01-06
13121,763,comment_added,2026-06-19
13122,763,comment_added,2025-10-31
13123,763,file_uploaded,2025-10-05
13124,763,file_uploaded,2026-08-12
13125,763,login,2025-11-17
13126,763,task_created,2026-07-04
13127,763,task_created,2026-04-21
13128,763,file_uploaded,2026-03-24
13129,763,task_created,2025-11-17
13130,763,login,2025-10-04
13131,763,task_created,2026-08-12
13132,763,report_generated,2026-01-26
13133,763,login,2026-07-11
13134,763,comment_added,2026-04-13
13135,763,task_created,2026-01-05
13136,763,comment_added,2025-08-21
13137,764,file_uploaded,2025-09-10
13138,764,file_uploaded,2025-12-16
13139,764,login,2026-01-27
13140,764,file_uploaded,2026-04-09
13141,764,file_uploaded,2026-01-04
13142,764,login,2026-01-14
13143,764,task_created,2025-06-06
13144,764,file_uploaded,2025-11-13
13145,764,report_generated,2025-10-07
13146,764,login,2025-09-03
13147,764,task_created,2025-08-13
13148,764,task_created,2025-08-13
13149,764,comment_added,2025-10-21
13150,764,comment_added,2026-04-03
13151,764,login,2025-06-26
13152,764,file_uploaded,2025-09-20
13153,764,comment_added,2026-01-08
13154,764,file_uploaded,2025-09-27
13155,764,report_generated,2026-02-10
13156,764,login,2026-04-18
13157,764,file_uploaded,2025-07-24
13158,764,file_uploaded,2026-08-22
13159,764,login,2026-04-16
13160,764,task_created,2025-11-20
13161,764,report_generated,2026-04-27
13162,764,file_uploaded,2025-10-25
13163,764,report_generated,2025-08-06
13164,764,login,2025-11-03
13165,764,task_created,2026-04-17
13166,764,task_created,2025-09-22
13167,764,report_generated,2026-07-08
13168,764,file_uploaded,2025-07-08
13169,764,file_uploaded,2025-11-08
13170,764,file_uploaded,2025-12-07
13171,764,report_generated,2026-08-31
13172,764,file_uploaded,2025-08-16
13173,764,login,2026-07-27
13174,764,comment_added,2025-08-01
13175,764,task_created,2025-12-19
13176,764,task_created,2026-02-11
13177,764,task_created,2025-12-17
13178,764,comment_added,2025-07-10
13179,764,report_generated,2026-04-01
13180,764,file_uploaded,2026-06-17
13181,764,report_generated,2026-04-15
13182,764,comment_added,2025-12-05
13183,764,task_created,2026-06-29
13184,764,task_created,2026-04-29
13185,764,file_uploaded,2026-02-09
13186,764,report_generated,2025-12-15
13187,764,login,2026-07-26
13188,765,comment_added,2026-02-05
13189,765,login,2025-09-29
13190,765,comment_added,2025-12-25
13191,765,login,2026-02-18
13192,765,report_generated,2025-12-06
13193,765,login,2026-02-28
13194,765,report_generated,2025-12-21
13195,765,report_generated,2026-01-31
13196,765,file_uploaded,2026-06-14
13197,765,task_created,2026-05-10
13198,765,comment_added,2025-12-07
13199,765,task_created,2026-06-07
13200,765,login,2026-06-26
13201,765,file_uploaded,2026-02-06
13202,765,task_created,2026-01-07
13203,765,report_generated,2025-10-09
13204,765,report_generated,2026-03-09
13205,765,login,2026-03-18
13206,765,file_uploaded,2026-03-16
13207,765,comment_added,2026-02-02
13208,765,task_created,2025-12-16
13209,765,login,2026-03-08
13210,765,report_generated,2025-11-03
13211,765,comment_added,2026-08-28
13212,765,comment_added,2026-04-28
13213,765,file_uploaded,2026-05-28
13214,765,report_generated,2026-07-04
13215,765,login,2025-12-24
13216,765,login,2025-11-13
13217,765,login,2026-02-01
13218,766,report_generated,2026-05-21
13219,766,task_created,2025-12-20
13220,766,file_uploaded,2026-03-09
13221,766,file_uploaded,2026-06-25
13222,766,login,2026-03-01
13223,766,task_created,2026-04-16
13224,766,comment_added,2025-08-22
13225,766,comment_added,2026-02-03
13226,766,login,2025-08-22
13227,766,comment_added,2025-09-16
13228,766,task_created,2026-03-29
13229,766,report_generated,2025-09-08
13230,766,comment_added,2025-11-09
13231,766,report_generated,2025-09-08
13232,766,login,2025-09-12
13233,766,task_created,2025-12-02
13234,766,file_uploaded,2026-03-05
13235,766,file_uploaded,2026-04-26
13236,766,login,2025-10-22
13237,766,file_uploaded,2025-08-03
13238,766,login,2026-05-03
13239,766,file_uploaded,2026-05-03
13240,766,login,2025-09-14
13241,766,file_uploaded,2026-06-06
13242,767,file_uploaded,2026-08-08
13243,767,task_created,2026-08-06
13244,767,file_uploaded,2026-08-10
13245,767,file_uploaded,2026-07-05
13246,767,task_created,2026-06-29
13247,767,comment_added,2026-08-22
13248,767,task_created,2026-07-24
13249,767,report_generated,2026-07-08
13250,767,task_created,2026-08-01
13251,767,login,2026-07-24
13252,767,login,2026-08-19
13253,767,task_created,2026-07-05
13254,767,login,2026-07-23
13255,767,comment_added,2026-07-22
13256,767,report_generated,2026-08-23
13257,767,login,2026-08-10
13258,767,task_created,2026-08-09
13259,767,report_generated,2026-07-20
13260,768,login,2025-01-27
13261,768,task_created,2025-08-14
13262,768,file_uploaded,2024-11-18
13263,768,file_uploaded,2025-12-14
13264,768,login,2024-11-28
13265,768,login,2025-09-09
13266,768,report_generated,2025-07-11
13267,768,comment_added,2026-06-16
13268,768,login,2025-03-16
13269,768,file_uploaded,2025-01-27
13270,768,task_created,2025-12-30
13271,768,comment_added,2025-05-20
13272,769,task_created,2025-08-30
13273,769,task_created,2025-08-24
13274,769,login,2026-01-17
13275,769,report_generated,2025-05-10
13276,769,comment_added,2025-12-01
13277,769,task_created,2025-08-19
13278,769,login,2025-10-05
13279,770,file_uploaded,2026-05-30
13280,770,login,2026-01-31
13281,770,comment_added,2026-01-08
13282,770,login,2025-12-14
13283,770,task_created,2026-01-18
13284,771,comment_added,2025-06-23
13285,771,task_created,2025-08-14
13286,771,comment_added,2025-05-20
13287,771,task_created,2025-01-15
13288,771,task_created,2025-05-25
13289,771,task_created,2025-10-11
13290,772,file_uploaded,2026-08-31
13291,772,task_created,2025-07-17
13292,772,task_created,2025-08-29
13293,773,report_generated,2026-07-04
13294,773,file_uploaded,2026-02-19
13295,773,report_generated,2026-08-14
13296,774,task_created,2026-07-20
13297,774,report_generated,2026-07-05
13298,774,comment_added,2026-07-01
13299,774,report_generated,2026-07-29
13300,774,comment_added,2026-07-16
13301,774,file_uploaded,2026-08-03
13302,774,task_created,2026-06-08
13303,774,comment_added,2026-07-11
13304,774,file_uploaded,2026-08-12
13305,774,task_created,2026-08-01
13306,774,task_created,2026-07-12
13307,774,comment_added,2026-06-14
13308,774,task_created,2026-07-23
13309,775,file_uploaded,2026-02-16
13310,775,file_uploaded,2026-05-29
13311,775,task_created,2026-05-24
13312,775,comment_added,2025-11-26
13313,775,report_generated,2026-04-15
13314,775,comment_added,2025-10-06
13315,775,task_created,2026-03-06
13316,775,file_uploaded,2026-01-06
13317,775,login,2026-08-08
13318,775,task_created,2025-12-26
13319,775,file_uploaded,2026-01-20
13320,775,report_generated,2026-01-13
13321,775,login,2026-04-22
13322,775,file_uploaded,2025-11-21
13323,775,file_uploaded,2026-08-03
13324,775,report_generated,2025-09-26
13325,776,comment_added,2026-04-01
13326,776,comment_added,2025-12-27
13327,776,file_uploaded,2026-06-27
13328,776,login,2026-04-28
13329,777,file_uploaded,2025-10-08
13330,777,task_created,2026-01-22
13331,777,file_uploaded,2025-09-21
13332,777,report_generated,2026-08-27
13333,777,report_generated,2025-06-21
13334,777,report_generated,2026-04-06
13335,777,file_uploaded,2026-02-16
13336,777,task_created,2025-11-30
13337,777,task_created,2025-12-21
13338,777,comment_added,2026-08-06
13339,777,task_created,2026-03-02
13340,777,comment_added,2026-08-22
13341,777,task_created,2025-12-22
13342,777,report_generated,2025-06-15
13343,778,file_uploaded,2025-09-13
13344,778,comment_added,2026-07-08
13345,778,report_generated,2025-07-22
13346,778,report_generated,2025-06-03
13347,778,login,2026-06-19
13348,778,file_uploaded,2025-07-28
13349,778,task_created,2026-04-22
13350,778,task_created,2026-09-01
13351,778,report_generated,2026-01-15
13352,778,report_generated,2025-09-23
13353,778,comment_added,2026-04-14
13354,778,comment_added,2026-01-20
13355,778,task_created,2026-05-03
13356,779,comment_added,2026-08-17
13357,779,file_uploaded,2024-10-28
13358,779,file_uploaded,2025-01-13
13359,779,task_created,2026-04-06
13360,779,comment_added,2025-08-01
13361,779,comment_added,2026-01-26
13362,779,task_created,2026-07-18
13363,780,login,2026-08-16
13364,780,login,2026-06-10
13365,780,task_created,2026-05-10
13366,780,login,2026-07-24
13367,780,file_uploaded,2025-12-31
13368,780,task_created,2026-07-31
13369,780,login,2026-07-04
13370,780,task_created,2025-11-24
13371,780,file_uploaded,2025-11-21
13372,780,file_uploaded,2026-02-24
13373,780,file_uploaded,2026-01-15
13374,780,file_uploaded,2025-12-10
13375,780,login,2026-02-03
13376,780,report_generated,2025-12-28
13377,780,comment_added,2026-08-11
13378,780,file_uploaded,2026-06-14
13379,780,login,2026-08-20
13380,780,task_created,2026-08-21
13381,780,report_generated,2026-05-26
13382,780,task_created,2026-08-30
13383,780,task_created,2026-01-09
13384,780,report_generated,2026-01-11
13385,781,task_created,2026-03-20
13386,781,report_generated,2026-06-28
13387,781,file_uploaded,2026-04-12
13388,781,report_generated,2025-12-01
13389,782,task_created,2025-12-11
13390,782,file_uploaded,2025-08-17
13391,782,report_generated,2025-12-30
13392,782,task_created,2026-04-21
13393,783,task_created,2026-08-24
13394,783,login,2026-03-14
13395,783,task_created,2026-01-02
13396,783,comment_added,2026-05-30
13397,783,comment_added,2026-07-26
13398,783,report_generated,2026-03-30
13399,783,task_created,2025-05-17
13400,783,comment_added,2025-11-30
13401,783,comment_added,2025-09-23
13402,783,login,2026-07-19
13403,783,login,2026-04-18
13404,783,file_uploaded,2025-08-12
13405,783,file_uploaded,2026-05-06
13406,783,report_generated,2026-05-14
13407,783,file_uploaded,2026-02-26
13408,783,comment_added,2025-06-26
13409,783,file_uploaded,2025-12-07
13410,783,login,2026-04-21
13411,783,comment_added,2025-12-08
13412,783,task_created,2025-09-03
13413,783,task_created,2025-10-27
13414,783,login,2026-03-15
13415,783,login,2025-05-28
13416,783,login,2025-11-27
13417,783,report_generated,2025-08-06
13418,783,comment_added,2026-06-18
13419,783,login,2025-05-26
13420,783,task_created,2025-12-03
13421,783,comment_added,2026-02-26
13422,783,comment_added,2025-09-28
13423,783,login,2025-05-29
13424,783,task_created,2025-08-19
13425,783,report_generated,2025-09-07
13426,783,task_created,2025-09-28
13427,783,file_uploaded,2026-01-10
13428,783,file_uploaded,2026-07-12
13429,783,task_created,2026-04-13
13430,783,report_generated,2026-04-28
13431,783,login,2026-02-09
13432,783,login,2025-10-03
13433,783,comment_added,2026-07-08
13434,783,report_generated,2026-02-15
13435,783,login,2025-06-26
13436,783,file_uploaded,2025-06-17
13437,783,comment_added,2026-01-19
13438,783,login,2025-08-30
13439,783,report_generated,2025-06-18
13440,783,comment_added,2026-08-20
13441,783,login,2025-06-27
13442,783,login,2025-12-03
13443,783,comment_added,2025-10-03
13444,783,comment_added,2026-04-12
13445,783,login,2026-04-16
13446,783,login,2026-06-11
13447,784,report_generated,2025-01-10
13448,784,login,2025-05-07
13449,784,comment_added,2025-04-26
13450,784,file_uploaded,2026-06-21
13451,785,login,2026-03-27
13452,785,comment_added,2026-03-13
13453,785,login,2025-02-26
13454,785,task_created,2025-03-05
13455,785,task_created,2025-11-18
13456,785,task_created,2025-05-28
13457,785,comment_added,2025-10-15
13458,785,report_generated,2025-12-27
13459,785,report_generated,2026-08-13
13460,785,login,2025-07-02
13461,785,report_generated,2025-08-26
13462,785,login,2025-08-14
13463,785,login,2026-04-04
13464,785,comment_added,2026-05-28
13465,785,file_uploaded,2025-05-02
13466,785,task_created,2025-05-06
13467,785,file_uploaded,2026-08-03
13468,785,login,2025-03-25
13469,785,file_uploaded,2025-12-21
13470,785,login,2025-05-05
13471,785,login,2026-06-15
13472,785,task_created,2025-08-20
13473,785,comment_added,2025-05-04
13474,785,login,2025-12-06
13475,785,report_generated,2025-06-11
13476,785,login,2026-05-14
13477,786,comment_added,2025-07-05
13478,786,login,2026-01-23
13479,786,login,2025-09-09
13480,786,task_created,2025-06-14
13481,786,comment_added,2026-06-18
13482,786,report_generated,2025-12-05
13483,786,task_created,2025-09-23
13484,786,file_uploaded,2026-07-23
13485,786,login,2026-08-05
13486,786,comment_added,2026-05-14
13487,786,file_uploaded,2025-08-01
13488,786,comment_added,2025-12-13
13489,786,file_uploaded,2025-10-19
13490,786,report_generated,2025-10-25
13491,786,file_uploaded,2026-06-28
13492,786,comment_added,2025-07-19
13493,786,task_created,2025-05-20
13494,786,login,2026-01-22
13495,786,file_uploaded,2025-05-03
13496,786,comment_added,2025-09-15
13497,786,login,2026-08-23
13498,786,file_uploaded,2026-03-16
13499,786,comment_added,2025-06-15
13500,786,task_created,2025-09-07
13501,786,task_created,2025-08-19
13502,786,report_generated,2025-06-13
13503,786,login,2025-09-06
13504,786,task_created,2025-05-22
13505,786,report_generated,2025-05-26
13506,786,report_generated,2025-08-03
13507,786,file_uploaded,2025-05-10
13508,786,file_uploaded,2026-02-13
13509,786,task_created,2026-08-21
13510,786,login,2025-10-29
13511,786,comment_added,2025-11-08
13512,786,report_generated,2025-08-21
13513,786,task_created,2025-10-03
13514,786,task_created,2025-09-26
13515,786,file_uploaded,2026-05-06
13516,786,report_generated,2026-04-27
13517,786,login,2026-07-15
13518,786,task_created,2025-04-15
13519,786,report_generated,2026-03-04
13520,786,file_uploaded,2025-09-05
13521,786,login,2026-04-17
13522,786,file_uploaded,2026-08-05
13523,786,comment_added,2026-02-06
13524,786,comment_added,2026-02-13
13525,786,comment_added,2025-09-02
13526,786,report_generated,2026-01-08
13527,786,file_uploaded,2025-11-18
13528,786,report_generated,2026-02-17
13529,787,comment_added,2026-02-22
13530,787,task_created,2026-04-10
13531,787,login,2025-07-07
13532,787,login,2025-12-14
13533,787,report_generated,2026-04-06
13534,787,file_uploaded,2026-01-15
13535,787,file_uploaded,2025-12-03
13536,787,report_generated,2025-09-22
13537,787,comment_added,2025-12-11
13538,787,task_created,2025-11-06
13539,787,task_created,2026-08-18
13540,787,login,2026-01-23
13541,787,task_created,2026-01-27
13542,787,file_uploaded,2025-12-24
13543,787,report_generated,2025-08-15
13544,787,report_generated,2026-01-01
13545,787,report_generated,2025-06-21
13546,787,login,2025-12-20
13547,787,login,2026-02-06
13548,787,login,2026-05-13
13549,787,report_generated,2025-07-20
13550,787,report_generated,2026-08-21
13551,787,task_created,2025-08-03
13552,787,file_uploaded,2025-06-10
13553,787,file_uploaded,2026-02-23
13554,787,task_created,2026-08-22
13555,787,login,2025-10-19
13556,788,comment_added,2026-06-10
13557,788,login,2025-12-16
13558,788,login,2026-07-25
13559,788,file_uploaded,2025-05-04
13560,789,comment_added,2026-07-31
13561,789,report_generated,2026-05-03
13562,789,file_uploaded,2026-05-13
13563,789,comment_added,2026-05-22
13564,789,login,2026-05-24
13565,789,file_uploaded,2026-08-16
13566,789,task_created,2026-05-31
13567,789,login,2026-08-24
13568,789,report_generated,2026-05-19
13569,789,task_created,2026-05-29
13570,789,task_created,2026-06-15
13571,789,task_created,2026-05-25
13572,789,comment_added,2026-06-01
13573,789,report_generated,2026-05-27
13574,789,comment_added,2026-04-21
13575,789,file_uploaded,2026-06-28
13576,789,task_created,2026-07-10
13577,789,task_created,2026-08-30
13578,789,comment_added,2026-07-18
13579,789,login,2026-07-03
13580,789,report_generated,2026-04-18
13581,789,login,2026-05-11
13582,789,file_uploaded,2026-06-25
13583,789,task_created,2026-05-17
13584,789,login,2026-07-22
13585,790,task_created,2025-04-06
13586,790,login,2025-11-29
13587,790,task_created,2025-10-26
13588,790,file_uploaded,2025-10-31
13589,790,task_created,2025-05-07
13590,790,comment_added,2026-06-05
13591,790,login,2025-04-22
13592,790,report_generated,2026-03-01
13593,791,report_generated,2026-04-27
13594,791,comment_added,2026-07-31
13595,791,comment_added,2026-04-07
13596,791,comment_added,2026-07-24
13597,791,login,2026-05-28
13598,791,comment_added,2026-04-29
13599,791,login,2026-04-01
13600,791,report_generated,2026-04-03
13601,791,comment_added,2026-04-23
13602,791,report_generated,2026-06-09
13603,791,report_generated,2026-05-29
13604,792,comment_added,2025-12-23
13605,792,task_created,2026-05-03
13606,792,login,2026-08-02
13607,792,report_generated,2026-03-28
13608,792,comment_added,2026-07-12
13609,792,file_uploaded,2026-06-11
13610,792,task_created,2026-04-10
13611,792,login,2026-08-22
13612,792,login,2026-02-11
13613,792,comment_added,2026-08-02
13614,792,login,2026-03-08
13615,792,task_created,2026-05-30
13616,792,file_uploaded,2026-05-09
13617,792,login,2026-08-27
13618,792,file_uploaded,2026-03-10
13619,792,comment_added,2026-08-26
13620,792,task_created,2026-01-12
13621,792,task_created,2026-01-02
13622,792,report_generated,2026-06-29
13623,792,file_uploaded,2026-03-16
13624,792,report_generated,2025-11-21
13625,792,comment_added,2026-05-02
13626,792,report_generated,2026-04-28
13627,792,report_generated,2026-07-24
13628,792,report_generated,2026-09-02
13629,792,comment_added,2025-11-24
13630,792,task_created,2026-04-05
13631,792,file_uploaded,2025-11-14
13632,792,comment_added,2026-06-22
13633,792,report_generated,2025-12-09
13634,792,task_created,2026-05-16
13635,792,comment_added,2026-08-07
13636,792,file_uploaded,2026-08-19
13637,793,file_uploaded,2026-07-31
13638,793,login,2026-08-04
13639,793,report_generated,2026-08-24
13640,793,file_uploaded,2026-08-26
13641,793,task_created,2026-08-15
13642,793,report_generated,2026-08-28
13643,793,file_uploaded,2026-08-23
13644,793,login,2026-08-02
13645,793,report_generated,2026-08-25
13646,793,file_uploaded,2026-08-09
13647,793,login,2026-08-26
13648,793,file_uploaded,2026-08-14
13649,793,report_generated,2026-08-04
13650,793,task_created,2026-08-03
13651,794,task_created,2026-06-16
13652,794,login,2026-08-26
13653,794,report_generated,2026-07-26
13654,794,file_uploaded,2026-05-05
13655,794,comment_added,2026-06-27
13656,794,task_created,2026-08-21
13657,794,comment_added,2026-08-27
13658,794,report_generated,2026-06-26
13659,794,report_generated,2026-05-24
13660,794,file_uploaded,2026-07-12
13661,794,report_generated,2026-05-02
13662,794,comment_added,2026-03-19
13663,794,task_created,2026-05-28
13664,794,task_created,2026-05-17
13665,794,task_created,2026-05-20
13666,794,report_generated,2026-05-10
13667,795,login,2026-02-04
13668,795,login,2026-06-14
13669,795,login,2025-10-05
13670,795,task_created,2026-01-05
13671,795,login,2025-10-22
13672,795,report_generated,2026-05-21
13673,795,task_created,2025-11-09
13674,795,file_uploaded,2026-08-08
13675,795,login,2026-03-21
13676,795,comment_added,2025-11-01
13677,795,report_generated,2025-11-07
13678,795,report_generated,2026-01-07
13679,795,comment_added,2026-07-25
13680,795,file_uploaded,2025-06-01
13681,796,file_uploaded,2025-08-30
13682,796,login,2026-03-27
13683,796,report_generated,2025-08-18
13684,796,report_generated,2025-08-20
13685,797,login,2026-01-04
13686,797,task_created,2025-05-30
13687,797,task_created,2025-05-12
13688,797,report_generated,2026-06-25
13689,797,comment_added,2026-08-20
13690,797,report_generated,2025-07-23
13691,797,task_created,2025-04-01
13692,797,report_generated,2024-12-21
13693,797,comment_added,2026-07-15
13694,797,comment_added,2025-02-17
13695,797,task_created,2025-10-29
13696,797,report_generated,2024-11-14
13697,797,task_created,2024-10-18
13698,797,file_uploaded,2026-06-09
13699,797,task_created,2025-11-03
13700,797,comment_added,2026-06-22
13701,797,file_uploaded,2024-12-29
13702,797,login,2025-03-08
13703,797,report_generated,2026-02-07
13704,797,comment_added,2025-03-07
13705,797,task_created,2025-02-17
13706,797,report_generated,2024-10-25
13707,797,file_uploaded,2024-12-26
13708,797,comment_added,2026-01-16
13709,797,login,2025-03-28
13710,797,task_created,2025-09-30
13711,797,task_created,2026-05-25
13712,797,file_uploaded,2025-11-17
13713,797,task_created,2026-06-08
13714,798,login,2026-08-27
13715,798,task_created,2026-08-22
13716,798,report_generated,2026-08-05
13717,798,task_created,2026-07-30
13718,798,task_created,2026-08-04
13719,798,comment_added,2026-08-07
13720,798,report_generated,2026-07-30
13721,798,report_generated,2026-08-31
13722,798,task_created,2026-07-28
13723,798,login,2026-08-06
13724,798,login,2026-08-23
13725,798,login,2026-07-31
13726,798,task_created,2026-09-02
13727,798,task_created,2026-08-12
13728,798,comment_added,2026-08-20
13729,798,file_uploaded,2026-08-11
13730,798,login,2026-08-28
13731,798,login,2026-07-31
13732,798,login,2026-07-31
13733,798,comment_added,2026-08-08
13734,798,file_uploaded,2026-08-18
13735,798,file_uploaded,2026-08-03
13736,798,task_created,2026-08-06
13737,798,file_uploaded,2026-08-18
13738,798,file_uploaded,2026-08-14
13739,798,comment_added,2026-08-01
13740,798,report_generated,2026-08-20
13741,798,login,2026-08-16
13742,798,comment_added,2026-08-25
13743,799,task_created,2025-08-12
13744,799,report_generated,2025-03-19
13745,800,report_generated,2026-08-25
13746,800,task_created,2026-08-17
13747,800,task_created,2026-06-02
13748,800,file_uploaded,2026-05-26
13749,800,file_uploaded,2026-08-07
